hardware_keywords,software_keywords,urgency_score,log_lines_attached,reporter_seniority,hour_of_day,category
5,5,5.2,96,4,15,Firmware
5,2,3.1,60,4,10,Firmware
4,2,3.6,36,3,15,Firmware
1,11,3.8,37,2,2,Software
3,6,4.0,68,4,6,Software
3,2,3.3,31,5,9,Firmware
1,3,3.7,66,2,18,Firmware
7,1,3.1,20,2,4,Hardware
1,5,1.7,69,5,5,Software
0,9,2.8,65,4,14,Software
6,0,3.0,8,2,19,Hardware
4,4,3.2,3,3,10,Firmware
4,2,2.9,10,4,17,Firmware
0,8,3.4,36,5,21,Software
0,12,4.8,75,2,20,Software
0,7,2.4,129,2,23,Software
1,0,1.0,12,3,7,Documentation
1,10,1.9,121,3,7,Software
2,6,4.0,51,3,11,Firmware
6,0,3.8,66,1,4,Firmware
1,8,4.0,77,1,7,Software
0,0,6.6,114,5,9,Performance
0,0,8.8,82,3,14,Performance
1,1,1.0,52,4,2,Documentation
4,0,3.6,54,4,17,Hardware
1,11,2.9,68,2,6,Software
2,3,1.7,35,5,11,Documentation
1,12,3.0,32,1,4,Software
9,1,2.5,18,4,12,Hardware
1,9,2.3,101,3,4,Software
6,2,3.3,31,4,1,Hardware
0,3,1.0,34,2,15,Documentation
2,5,8.1,108,1,21,Security
3,3,4.1,28,5,10,Firmware
3,5,5.8,122,1,18,Security
9,0,2.0,44,1,19,Hardware
4,5,2.8,162,3,11,Performance
1,8,4.7,61,5,3,Software
8,0,3.4,29,3,7,Hardware
7,1,3.5,39,3,2,Hardware
5,2,4.3,45,4,15,Firmware
2,6,3.2,84,1,22,Firmware
3,0,5.0,70,1,9,Performance
3,2,4.0,51,4,6,Firmware
2,6,4.4,140,2,23,Software
0,5,6.1,58,3,21,Performance
8,1,2.6,67,3,22,Hardware
1,4,7.3,67,3,10,Security
0,7,3.8,61,3,5,Software
2,4,9.1,88,4,12,Security
0,5,3.4,73,2,4,Firmware
0,8,1.5,126,2,19,Software
1,7,4.0,112,2,13,Software
1,6,6.9,102,4,0,Security
7,0,2.9,63,4,17,Hardware
1,0,1.0,25,4,20,Documentation
5,2,2.6,25,4,0,Firmware
3,4,7.4,76,5,0,Security
0,2,1.0,10,1,20,Documentation
5,0,2.2,51,5,1,Hardware
2,0,4.1,156,5,14,Performance
4,4,3.9,16,4,11,Firmware
7,0,1.4,42,1,16,Hardware
5,3,5.6,56,4,15,Firmware
1,9,1.2,55,5,13,Software
1,2,1.0,28,3,12,Documentation
0,4,4.6,73,4,20,Security
3,1,8.2,122,4,9,Performance
10,1,1.2,40,5,5,Hardware
1,5,3.6,50,3,13,Software
0,9,3.1,39,5,12,Software
6,2,1.6,40,2,7,Hardware
0,8,2.0,86,2,3,Software
0,8,1.7,23,4,16,Software
0,2,1.3,14,3,22,Documentation
4,5,3.8,64,1,4,Firmware
8,2,2.4,69,3,18,Hardware
4,5,7.9,98,5,10,Performance
2,7,2.2,13,3,13,Firmware
1,8,2.1,34,1,6,Software
0,3,8.3,57,3,20,Security
0,9,2.6,133,2,16,Software
10,2,3.3,45,2,4,Hardware
2,0,4.3,53,2,15,Firmware
7,0,3.5,59,5,7,Hardware
3,4,7.3,79,1,0,Security
5,3,7.3,143,5,1,Performance
2,9,1.9,60,5,21,Software
6,4,4.4,51,1,16,Firmware
9,1,2.6,63,3,18,Hardware
0,10,4.4,138,5,21,Software
0,6,1.7,118,4,10,Software
9,1,3.5,6,4,23,Hardware
1,6,7.4,106,4,6,Security
12,1,3.0,35,4,11,Hardware
3,3,1.6,32,3,6,Hardware
8,0,2.7,24,4,16,Hardware
1,9,9.4,90,2,22,Security
1,4,6.3,39,4,1,Security
5,1,4.5,54,2,8,Firmware
6,0,3.4,19,5,19,Hardware
7,0,3.7,73,4,0,Hardware
1,6,3.3,82,4,12,Firmware
0,0,1.0,23,5,23,Documentation
3,5,7.7,59,3,22,Security
1,9,3.3,56,5,22,Software
0,11,2.7,117,1,20,Software
8,0,2.4,21,1,6,Hardware
1,9,2.5,13,5,18,Software
5,4,4.8,44,2,18,Firmware
6,2,4.2,41,2,2,Hardware
3,4,5.5,54,1,18,Performance
6,5,3.6,79,5,15,Firmware
10,3,3.6,18,2,6,Hardware
2,8,4.0,56,2,0,Software
1,11,3.3,43,4,22,Software
2,1,1.0,4,1,13,Documentation
10,0,4.1,69,2,15,Hardware
7,0,2.5,61,5,5,Hardware
2,2,6.2,128,3,16,Performance
5,6,4.1,21,5,15,Firmware
2,8,8.5,92,5,6,Security
2,5,10.0,65,2,13,Security
2,4,4.0,70,2,1,Firmware
0,3,5.9,84,1,13,Performance
6,2,4.2,44,2,13,Firmware
1,6,3.5,59,2,12,Firmware
0,1,1.0,25,3,5,Documentation
1,8,3.3,56,5,12,Software
0,6,4.6,136,4,10,Software
5,0,6.5,83,4,10,Performance
6,0,4.9,20,3,19,Hardware
1,6,2.8,5,1,13,Software
2,6,8.5,72,2,19,Security
2,9,3.4,98,3,9,Software
3,0,6.3,5,3,2,Performance
4,0,4.5,54,4,17,Firmware
0,4,4.9,140,2,16,Performance
0,10,5.0,0,4,3,Software
1,9,7.8,73,2,8,Security
1,8,7.2,37,1,13,Security
1,8,8.5,87,1,22,Security
2,4,4.8,54,2,0,Firmware
1,3,1.0,28,4,3,Documentation
4,1,3.9,52,1,3,Hardware
2,4,2.4,20,4,7,Firmware
5,0,2.7,19,3,4,Hardware
5,3,4.6,69,4,2,Firmware
1,4,8.3,94,5,9,Security
0,11,4.5,97,3,22,Software
4,0,5.3,40,4,0,Firmware
0,11,3.9,58,4,0,Software
1,11,3.5,79,3,9,Software
2,9,3.8,27,2,1,Software
0,10,4.4,58,1,14,Software
2,3,5.2,31,5,3,Firmware
2,3,9.1,98,2,3,Security
2,2,8.4,76,2,22,Security
4,0,5.7,44,4,8,Hardware
8,2,4.1,36,2,0,Hardware
3,4,8.4,79,5,7,Security
2,3,1.5,1,3,13,Documentation
7,2,1.2,33,3,1,Hardware
2,4,6.4,36,5,6,Firmware
0,9,4.0,69,5,3,Software
5,0,4.8,76,4,8,Hardware
2,3,6.7,149,3,5,Performance
1,5,3.1,81,4,9,Performance
1,2,1.5,28,2,20,Documentation
0,3,6.6,59,4,22,Performance
0,8,3.1,43,5,1,Software
9,2,4.3,29,5,3,Hardware
9,0,3.4,46,2,7,Hardware
1,2,9.0,69,4,15,Security
6,2,3.2,73,2,8,Hardware
2,3,6.8,78,4,10,Security
0,0,2.2,2,1,15,Documentation
0,11,2.7,120,2,19,Software
3,4,3.0,73,3,2,Firmware
2,3,3.7,157,3,18,Performance
5,2,6.1,73,2,13,Performance
6,3,4.7,73,4,7,Performance
7,1,2.8,44,1,1,Hardware
2,2,1.6,52,2,0,Documentation
1,8,3.0,109,2,11,Software
3,0,5.1,145,3,22,Performance
2,8,2.0,110,4,18,Software
7,5,3.5,54,5,21,Firmware
1,6,8.1,99,2,13,Security
10,0,4.0,39,5,2,Hardware
8,0,1.9,73,2,20,Hardware
1,6,3.4,76,2,6,Software
6,0,2.3,59,2,10,Hardware
7,1,4.3,37,3,13,Hardware
0,11,3.4,79,1,18,Software
0,2,2.4,39,3,18,Firmware
0,9,4.8,66,4,17,Software
3,6,2.8,67,1,12,Firmware
2,9,4.4,67,2,2,Software
2,2,1.0,30,4,16,Documentation
2,8,2.8,40,4,16,Software
5,1,4.4,69,2,0,Firmware
5,1,4.3,151,2,3,Performance
8,0,2.7,34,4,19,Hardware
6,1,5.4,75,5,14,Performance
3,9,3.2,107,4,5,Software
2,11,2.6,106,4,16,Software
0,4,1.6,47,3,16,Documentation
0,2,1.0,60,4,11,Documentation
6,0,4.9,22,2,7,Hardware
2,1,4.6,42,2,17,Firmware
0,9,3.7,77,1,23,Software
2,3,6.0,37,3,22,Security
0,11,4.5,70,3,11,Software
10,0,5.1,46,1,20,Hardware
9,0,3.0,30,2,7,Hardware
1,10,2.9,47,3,17,Software
1,8,2.6,38,5,0,Software
8,1,2.6,78,4,16,Hardware
9,1,3.5,0,4,5,Hardware
10,0,3.1,60,4,15,Hardware
3,0,2.9,58,3,3,Hardware
2,7,2.1,69,1,3,Software
1,2,1.0,37,5,1,Documentation
1,9,8.4,44,5,7,Security
7,0,2.3,70,4,20,Hardware
0,1,1.0,0,3,15,Documentation
0,7,10.0,69,2,6,Security
3,7,5.5,59,3,8,Firmware
3,5,6.0,162,5,18,Performance
4,1,2.3,30,1,9,Hardware
1,1,1.0,22,1,17,Documentation
0,3,5.9,69,3,23,Firmware
7,0,3.6,32,2,2,Hardware
4,3,6.4,144,5,8,Performance
0,7,2.4,62,5,7,Software
2,8,3.4,78,1,22,Software
7,0,5.8,43,2,18,Hardware
0,7,2.3,28,1,8,Software
11,1,3.0,18,5,19,Hardware
0,3,1.0,41,5,23,Documentation
4,3,5.0,86,5,17,Performance
8,0,3.5,34,4,5,Hardware
1,2,1.0,27,1,16,Documentation
11,2,4.0,74,3,22,Hardware
3,5,3.6,113,1,0,Firmware
1,7,4.7,44,1,10,Firmware
0,8,1.5,49,2,6,Software
0,1,1.3,28,3,19,Documentation
1,7,1.2,94,4,15,Software
9,0,1.1,79,4,13,Hardware
0,11,2.2,88,3,22,Software
1,3,7.4,75,3,4,Security
3,4,2.0,66,2,18,Firmware
4,0,1.4,48,5,17,Hardware
2,5,5.5,172,5,20,Performance
3,3,3.6,102,2,0,Firmware
6,1,3.7,24,1,1,Hardware
0,1,1.0,20,3,4,Documentation
0,0,1.1,37,3,5,Documentation
6,5,4.4,93,1,19,Firmware
4,2,3.9,70,3,20,Firmware
1,2,6.6,2,3,5,Firmware
7,2,2.9,51,5,0,Hardware
1,0,1.1,13,3,23,Documentation
5,1,3.8,88,2,16,Firmware
0,1,1.0,37,1,13,Documentation
6,2,4.1,0,5,11,Firmware
5,1,3.6,43,3,2,Hardware
0,5,8.1,73,1,19,Security
0,0,1.0,15,5,8,Documentation
4,4,6.4,109,2,8,Performance
6,0,2.9,20,3,18,Firmware
6,3,2.8,47,4,19,Firmware
2,2,7.5,172,2,0,Performance
0,4,1.7,42,4,23,Software
2,6,1.8,62,5,14,Software
12,3,3.7,74,2,21,Hardware
2,3,8.4,98,3,19,Security
7,7,4.1,42,5,23,Firmware
6,6,5.0,69,2,7,Firmware
8,1,3.7,47,3,22,Hardware
0,8,9.5,71,2,5,Security
8,2,6.3,47,5,0,Hardware
1,1,1.0,36,1,2,Documentation
5,0,3.0,82,1,20,Hardware
1,9,3.4,119,2,17,Software
6,0,7.2,14,4,3,Performance
0,1,3.2,38,3,13,Firmware
6,1,2.7,32,2,23,Hardware
0,2,1.9,41,2,4,Documentation
4,4,3.6,50,5,10,Firmware
8,1,3.9,22,1,12,Hardware
1,3,1.0,17,1,18,Documentation
0,8,2.6,28,4,5,Software
0,8,1.7,51,5,8,Software
2,9,4.4,31,3,22,Software
2,4,7.7,68,2,8,Security
4,6,4.4,37,3,7,Firmware
4,4,3.8,83,3,4,Firmware
3,0,2.8,60,1,15,Firmware
9,3,2.5,2,2,3,Hardware
2,1,2.7,64,4,0,Firmware
1,6,3.3,89,5,0,Firmware
0,12,2.9,88,3,13,Software
2,6,9.0,38,5,2,Security
4,1,2.2,68,4,7,Hardware
2,2,7.3,90,1,1,Performance
7,0,2.7,56,3,11,Hardware
7,1,4.4,53,4,10,Hardware
0,8,4.4,21,3,20,Software
2,8,5.9,92,4,8,Software
0,8,4.7,100,3,0,Software
1,3,1.0,54,3,22,Documentation
8,1,3.9,6,2,19,Hardware
0,8,2.9,68,1,11,Software
3,2,8.0,118,1,3,Performance
2,4,3.5,85,3,17,Firmware
5,0,3.7,58,3,4,Hardware
8,0,3.6,38,4,8,Hardware
7,0,4.7,53,2,11,Hardware
9,1,2.5,44,3,12,Hardware
1,3,1.4,47,2,5,Documentation
2,6,2.7,108,1,22,Software
1,5,7.9,39,2,0,Security
1,2,4.3,31,5,16,Firmware
0,2,1.0,25,1,15,Documentation
1,0,8.0,73,5,22,Security
3,3,1.0,23,4,12,Documentation
0,1,1.0,41,3,22,Documentation
0,1,1.0,41,3,2,Documentation
9,0,2.1,38,3,6,Hardware
2,0,8.6,60,3,23,Security
0,10,2.8,79,3,1,Software
0,1,5.0,114,5,1,Performance
3,5,5.0,42,2,18,Firmware
4,5,2.4,100,1,20,Firmware
4,4,6.6,29,1,8,Firmware
4,1,6.4,60,3,7,Performance
1,2,1.3,9,5,11,Documentation
1,2,9.2,65,5,13,Security
0,12,2.3,81,2,16,Software
4,5,4.4,35,5,14,Firmware
0,7,2.6,118,4,15,Software
6,4,3.3,140,3,11,Performance
0,10,2.6,62,4,10,Software
3,1,3.0,0,3,16,Hardware
0,1,1.0,29,4,3,Documentation
2,1,1.3,34,2,9,Documentation
6,3,7.9,62,5,14,Performance
1,8,2.2,119,3,18,Software
0,11,3.0,50,3,23,Software
0,2,1.2,21,4,4,Documentation
4,0,3.7,20,5,17,Hardware
2,2,5.7,108,3,12,Performance
6,5,4.5,39,2,5,Firmware
3,7,3.3,67,3,9,Software
1,3,8.5,89,3,6,Security
2,5,4.2,29,1,23,Performance
1,1,1.2,6,4,10,Documentation
3,3,5.5,77,5,15,Performance
1,9,3.7,108,4,18,Software
1,12,3.7,60,2,2,Software
0,2,1.5,41,5,23,Documentation
0,3,4.2,67,4,23,Firmware
1,4,3.8,14,3,15,Firmware
9,2,3.3,90,1,21,Hardware
0,9,3.4,107,4,5,Software
0,7,2.9,82,2,18,Software
0,1,1.0,14,4,6,Documentation
1,7,3.7,59,1,2,Software
1,7,3.2,71,4,18,Software
0,4,1.8,54,4,8,Software
2,4,8.1,106,4,2,Security
4,3,7.2,118,5,20,Performance
3,2,4.5,134,4,0,Performance
8,0,2.6,60,5,22,Hardware
5,2,3.9,60,2,15,Firmware
4,8,2.4,66,2,21,Firmware
0,2,1.0,20,5,10,Documentation
6,2,3.2,64,1,6,Hardware
8,2,1.0,34,5,22,Hardware
2,4,7.7,122,4,15,Performance
6,1,1.5,37,5,0,Hardware
1,7,7.7,64,2,17,Security
1,2,1.0,19,1,18,Documentation
4,3,5.0,0,2,10,Performance
6,7,6.4,63,4,9,Performance
0,12,2.9,102,4,10,Software
7,2,3.0,38,4,11,Hardware
1,5,5.3,132,4,13,Performance
0,10,3.2,83,3,12,Software
6,6,5.3,163,2,3,Performance
8,1,4.5,48,1,16,Hardware
6,2,3.5,92,4,1,Firmware
2,6,8.2,64,3,5,Security
2,4,5.7,0,3,2,Firmware
3,4,7.9,69,4,8,Security
1,3,1.1,29,1,4,Documentation
1,11,2.9,154,1,18,Software
8,1,3.4,56,3,7,Hardware
6,1,4.2,73,4,4,Hardware
5,1,1.4,68,3,12,Hardware
1,2,1.0,45,4,5,Documentation
7,0,1.2,45,1,14,Hardware
12,0,1.9,27,5,22,Hardware
1,7,8.3,49,5,11,Security
3,3,4.9,42,2,12,Firmware
1,1,6.1,62,2,5,Security
6,0,3.9,28,4,9,Hardware
3,3,2.2,43,3,14,Firmware
12,1,4.3,41,2,14,Hardware
0,1,1.8,42,3,10,Documentation
3,5,8.1,89,1,3,Security
3,5,3.4,15,3,8,Firmware
1,2,1.0,51,5,6,Documentation
3,3,2.2,42,4,18,Software
3,2,4.2,70,4,6,Firmware
1,9,2.3,92,1,7,Software
1,1,1.0,38,5,17,Documentation
7,0,1.9,56,2,21,Hardware
1,7,3.3,75,3,2,Software
3,3,1.9,81,4,14,Firmware
11,0,2.5,27,5,0,Hardware
0,3,1.6,23,2,4,Documentation
0,9,3.4,63,4,12,Software
6,0,4.3,45,3,18,Hardware
2,0,4.8,153,2,9,Performance
6,3,4.5,89,3,20,Firmware
0,2,1.0,17,1,15,Documentation
8,1,2.9,27,5,8,Hardware
3,6,4.8,159,4,19,Performance
3,3,5.4,84,4,5,Performance
5,3,5.0,141,3,17,Performance
9,3,4.2,27,2,14,Hardware
2,7,7.6,88,2,18,Security
6,5,10.0,58,5,17,Performance
1,7,3.4,55,1,7,Firmware
0,8,2.9,103,1,0,Software
6,2,6.5,79,1,1,Performance
3,7,1.9,76,3,1,Software
2,4,10.0,62,1,23,Security
0,0,1.0,47,4,10,Documentation
1,4,8.0,80,4,13,Security
0,9,4.1,93,1,10,Software
6,6,2.9,39,1,0,Firmware
3,7,4.3,91,5,2,Firmware
7,1,4.0,79,2,22,Hardware
0,4,6.4,118,1,11,Performance
1,1,1.2,25,5,19,Documentation
0,0,1.8,48,4,23,Documentation
1,3,3.9,99,4,15,Firmware
2,8,3.1,100,3,2,Software
1,8,3.2,109,1,15,Firmware
0,6,3.7,49,2,15,Software
1,0,1.0,24,5,5,Documentation
1,3,7.6,95,5,11,Security
0,2,1.3,30,1,1,Documentation
6,0,2.6,70,4,12,Hardware
2,11,3.7,64,2,5,Software
4,1,2.4,43,2,22,Hardware
2,6,6.7,47,2,2,Security
1,6,2.6,73,5,23,Software
4,5,5.0,40,1,18,Performance
7,0,2.6,23,4,13,Hardware
0,0,4.4,87,3,15,Firmware
1,4,7.1,64,1,8,Security
3,5,7.8,70,2,15,Security
0,8,5.5,76,3,13,Software
0,0,1.4,40,2,17,Documentation
1,4,5.5,48,1,7,Performance
1,7,3.4,73,4,17,Software
7,3,3.8,65,5,20,Firmware
0,3,4.0,69,1,18,Firmware
4,0,4.6,77,1,2,Hardware
0,3,3.8,50,4,19,Firmware
3,3,5.5,80,3,2,Firmware
0,7,2.3,93,1,8,Software
7,0,3.4,55,5,18,Hardware
5,0,4.4,57,5,6,Firmware
1,8,1.8,56,1,10,Software
6,1,3.3,39,1,22,Hardware
6,2,5.9,83,1,16,Performance
0,6,8.6,92,4,12,Security
1,2,1.0,26,3,19,Documentation
4,0,3.9,42,5,0,Hardware
2,4,7.5,32,4,6,Security
1,2,1.0,65,3,7,Documentation
2,3,4.9,96,4,13,Performance
2,5,3.4,81,1,8,Firmware
8,1,2.1,61,2,21,Hardware
3,5,3.4,117,3,5,Performance
4,1,4.1,71,4,19,Performance
1,1,1.0,43,3,6,Documentation
6,7,4.0,100,3,15,Firmware
7,3,4.1,69,5,6,Hardware
2,5,4.7,37,2,17,Firmware
7,4,2.4,54,1,3,Hardware
7,3,3.1,51,2,11,Hardware
1,5,4.1,45,1,15,Software
8,1,4.6,83,2,17,Hardware
4,4,4.9,4,2,3,Firmware
11,2,1.9,1,3,16,Hardware
3,4,3.6,67,3,5,Firmware
7,2,4.3,86,4,20,Firmware
3,3,5.8,122,5,15,Performance
1,8,2.9,69,3,8,Software
6,2,4.0,55,2,4,Firmware
1,6,1.9,85,2,1,Software
1,10,2.2,107,2,1,Software
10,1,3.1,43,5,21,Hardware
9,0,1.3,72,2,9,Hardware
4,4,3.0,96,2,9,Firmware
3,11,1.5,87,3,18,Software
1,7,4.2,97,2,5,Software
6,4,5.0,66,5,14,Firmware
2,3,4.3,66,3,7,Performance
4,7,3.9,120,1,16,Firmware
2,8,2.4,108,4,13,Software
2,10,4.3,66,1,0,Software
0,7,4.0,90,1,10,Software
10,1,3.8,10,1,21,Hardware
1,11,2.4,97,4,16,Software
8,1,2.7,59,5,20,Hardware
8,1,1.4,49,1,11,Hardware
1,3,9.2,73,3,8,Performance
0,9,3.2,85,4,12,Software
1,0,1.0,22,5,3,Documentation
1,6,6.2,60,5,17,Security
0,8,2.8,64,4,15,Software
2,0,8.4,28,4,23,Security
0,2,1.0,23,1,20,Documentation
4,2,5.6,126,1,0,Performance
3,1,2.3,51,2,8,Hardware
1,0,1.0,20,4,5,Documentation
0,7,2.0,76,3,4,Software
6,3,8.5,99,3,5,Performance
2,11,3.5,83,2,14,Software
3,3,1.3,45,1,11,Documentation
4,1,4.4,89,2,0,Firmware
8,2,2.1,37,5,14,Firmware
2,5,7.6,69,4,18,Security
1,9,2.9,101,4,10,Software
2,5,7.2,110,5,1,Security
1,0,1.0,9,4,9,Documentation
6,1,3.7,92,3,13,Firmware
0,8,2.5,50,4,8,Software
3,8,3.9,78,5,14,Software
4,3,4.1,68,3,8,Firmware
1,8,3.3,44,4,9,Software
0,3,10.0,95,2,15,Security
1,0,5.2,32,5,19,Firmware
1,2,1.7,34,1,1,Documentation
0,1,6.0,99,5,3,Performance
8,0,2.7,37,5,4,Hardware
5,0,6.7,122,2,8,Performance
6,0,1.9,84,4,18,Hardware
6,7,5.1,57,1,9,Performance
6,3,5.0,84,5,6,Performance
2,2,3.9,76,3,6,Firmware
2,3,1.0,4,5,9,Documentation
4,2,3.8,37,2,9,Hardware
6,0,2.5,77,4,17,Hardware
1,2,1.0,29,3,7,Documentation
0,0,2.0,0,5,11,Documentation
0,1,1.0,26,4,17,Documentation
4,0,3.1,39,1,9,Hardware
8,1,1.3,60,3,16,Hardware
1,11,2.3,101,3,7,Software
0,9,2.8,82,5,11,Software
0,14,2.4,78,4,2,Software
4,1,3.8,94,3,21,Firmware
8,1,2.9,60,3,10,Hardware
0,4,3.4,87,3,16,Software
0,2,1.1,10,2,8,Documentation
1,0,7.7,159,1,10,Performance
2,5,4.0,59,2,22,Firmware
10,1,2.1,44,3,23,Hardware
1,8,1.6,92,1,11,Software
2,7,5.7,90,5,5,Firmware
3,3,3.5,45,3,19,Firmware
4,2,6.8,78,3,12,Performance
0,7,3.5,64,3,6,Firmware
3,2,4.7,66,3,9,Performance
8,1,2.7,56,3,14,Hardware
0,2,1.0,33,4,23,Documentation
5,4,4.3,104,5,8,Firmware
2,1,6.2,64,1,21,Security
7,1,3.2,69,2,4,Firmware
5,0,4.4,100,3,8,Performance
3,0,6.1,58,1,13,Performance
2,9,4.6,107,3,22,Software
5,1,1.5,50,1,21,Hardware
5,1,1.4,63,5,2,Firmware
3,7,4.2,63,3,7,Firmware
0,5,5.8,81,3,10,Performance
0,2,9.1,55,1,1,Security
1,1,1.3,44,2,11,Documentation
1,0,3.9,65,5,1,Firmware
1,6,6.7,29,1,1,Performance
0,7,1.0,36,5,4,Software
0,5,1.9,78,3,18,Software
2,0,9.8,138,4,22,Performance
0,9,3.6,76,1,15,Software
1,3,1.0,29,2,6,Documentation
6,1,1.0,28,4,8,Hardware
0,9,3.3,141,4,0,Software
0,8,2.8,91,1,5,Software
3,0,6.2,99,5,11,Performance
3,4,7.8,81,3,10,Security
0,1,1.0,34,4,20,Documentation
0,2,1.3,32,2,3,Documentation
8,1,3.3,48,2,12,Hardware
0,7,5.5,65,4,0,Software
0,6,1.8,83,4,19,Software
0,2,1.0,23,5,9,Documentation
9,0,1.6,65,4,16,Hardware
1,11,3.0,45,4,20,Software
6,4,4.2,155,2,17,Performance
5,0,2.2,57,1,13,Hardware
7,1,5.5,87,3,21,Firmware
1,9,7.0,110,3,12,Security
9,2,2.3,59,5,8,Hardware
2,2,1.0,19,4,13,Documentation
2,9,3.6,131,4,12,Software
0,8,3.4,132,4,17,Software
9,1,2.1,24,2,18,Hardware
1,4,8.4,108,3,12,Security
0,6,2.8,36,1,16,Software
2,5,2.8,97,5,15,Software
1,5,9.2,49,1,20,Security
10,1,3.9,34,3,11,Hardware
11,2,3.4,53,5,19,Hardware
2,9,4.5,126,4,6,Software
2,3,5.2,100,1,17,Performance
0,9,2.2,75,2,22,Software
2,2,6.5,118,2,2,Security
0,12,1.9,48,2,16,Software
5,2,2.5,14,1,13,Hardware
10,1,2.4,60,2,23,Hardware
2,4,5.1,73,2,6,Firmware
8,1,4.1,76,1,14,Hardware
2,1,5.0,6,5,23,Performance
3,5,6.9,25,4,2,Security
0,2,1.7,12,1,20,Documentation
3,4,7.9,73,5,21,Security
8,2,5.0,95,1,23,Hardware
5,3,3.6,70,2,3,Firmware
6,3,3.0,60,4,14,Firmware
7,2,2.1,37,5,2,Hardware
1,0,1.3,19,1,14,Documentation
0,7,1.0,86,2,21,Software
0,3,1.2,29,1,4,Documentation
0,7,3.7,104,3,0,Software
0,7,2.8,70,5,19,Software
6,2,1.4,34,1,18,Hardware
5,3,5.1,57,4,16,Firmware
5,3,3.2,49,3,20,Firmware
2,7,2.3,81,5,9,Software
3,6,4.1,93,5,19,Performance
1,8,2.9,78,1,14,Software
7,1,3.6,4,1,11,Hardware
4,2,4.8,34,3,2,Firmware
2,3,4.6,79,5,22,Firmware
2,12,2.4,80,4,15,Software
2,0,7.3,67,2,18,Performance
0,2,1.0,19,2,20,Documentation
5,2,4.6,43,5,15,Firmware
12,0,1.2,15,3,21,Hardware
6,2,8.5,87,5,4,Performance
5,2,6.4,50,4,20,Performance
10,0,5.1,43,1,22,Hardware
7,1,2.4,15,2,5,Hardware
7,0,2.2,46,2,18,Hardware
2,8,4.1,51,2,3,Software
2,4,4.3,65,3,1,Firmware
9,1,2.0,42,4,23,Hardware
7,1,3.3,68,3,1,Hardware
7,0,3.5,62,5,0,Hardware
1,9,2.5,96,5,14,Software
1,7,8.7,61,5,0,Security
3,5,4.2,54,3,2,Firmware
0,1,2.4,22,3,18,Documentation
0,9,3.5,144,5,8,Software
5,0,1.5,47,4,23,Hardware
1,2,1.0,54,2,23,Documentation
2,2,8.9,108,4,7,Security
0,7,1.2,76,4,10,Software
6,0,3.3,78,5,7,Hardware
1,8,3.9,69,2,4,Software
0,7,4.1,25,4,13,Software
1,1,6.4,45,4,11,Security
2,1,1.0,30,2,6,Documentation
2,5,3.1,50,5,17,Firmware
0,2,1.6,35,5,3,Documentation
0,6,8.9,67,5,15,Security
7,0,4.0,17,3,13,Hardware
1,1,1.7,64,4,14,Documentation
1,6,8.2,24,3,2,Performance
2,3,7.9,96,4,14,Security
9,2,2.4,69,1,9,Hardware
10,0,2.8,58,1,12,Hardware
0,3,1.0,27,4,6,Documentation
1,1,1.0,36,3,16,Documentation
0,10,4.1,0,5,4,Software
0,2,8.9,59,2,16,Security
10,0,2.0,47,5,10,Hardware
4,2,6.3,134,4,10,Performance
0,4,7.9,92,5,12,Security
10,2,2.6,48,4,16,Firmware
10,1,1.3,59,5,9,Hardware
1,1,2.1,46,4,22,Documentation
9,0,3.5,39,2,14,Hardware
1,3,1.5,43,4,5,Documentation
3,5,3.2,73,5,22,Firmware
1,3,6.0,86,4,21,Firmware
1,12,2.9,69,5,22,Software
1,2,5.2,171,1,22,Performance
3,2,7.7,55,1,13,Performance
3,3,3.7,64,4,16,Firmware
1,4,6.4,34,5,3,Performance
4,3,5.2,102,1,12,Performance
0,2,1.0,46,2,17,Documentation
1,4,8.8,35,1,21,Performance
2,8,2.6,116,3,4,Software
8,0,4.7,34,1,19,Hardware
1,4,1.4,66,4,16,Firmware
9,0,2.9,18,5,20,Hardware
0,4,5.1,77,4,1,Firmware
3,7,2.9,63,2,7,Firmware
0,11,4.2,37,3,14,Software
0,4,2.1,65,2,21,Software
8,0,3.6,16,2,17,Hardware
0,0,1.4,41,1,12,Documentation
7,1,2.9,47,2,10,Hardware
1,12,3.5,53,4,15,Software
9,0,3.2,12,4,9,Hardware
1,6,3.7,66,5,4,Software
4,2,3.4,71,2,15,Firmware
3,3,2.6,67,2,3,Firmware
2,3,6.2,74,5,21,Performance
1,6,2.9,88,2,4,Software
2,4,6.8,55,2,23,Security
0,2,5.6,78,2,10,Performance
11,1,4.1,50,4,3,Hardware
2,9,2.2,16,2,1,Software
0,9,2.3,58,5,14,Software
0,11,2.5,80,1,3,Software
2,2,7.0,114,1,22,Performance
0,6,4.3,66,1,0,Software
1,8,4.1,52,2,6,Software
0,8,2.4,43,3,15,Software
0,8,2.9,142,1,7,Software
0,4,3.3,55,3,8,Software
2,10,3.7,84,3,11,Software
2,1,1.0,11,5,5,Documentation
1,1,1.0,49,1,9,Documentation
6,0,3.8,63,3,12,Firmware
7,2,3.9,40,4,16,Firmware
5,1,4.8,53,4,22,Firmware
1,6,4.1,55,2,20,Firmware
9,4,3.4,69,1,21,Firmware
3,4,8.0,37,1,16,Security
1,2,1.3,38,4,14,Documentation
7,1,4.4,52,2,8,Firmware
0,0,1.1,58,2,5,Documentation
8,0,4.1,44,4,3,Hardware
0,7,3.7,127,2,9,Software
3,0,7.5,82,3,17,Performance
0,3,5.3,145,3,18,Performance
2,6,9.4,42,1,4,Security
1,1,1.0,20,1,0,Documentation
4,2,5.8,162,4,14,Performance
2,11,4.3,72,1,21,Software
2,3,3.2,40,1,20,Firmware
3,3,6.3,54,1,15,Performance
0,9,4.7,86,4,6,Software
0,7,4.8,91,5,11,Software
1,2,1.3,0,4,7,Documentation
2,0,9.0,134,3,0,Security
1,3,1.4,21,4,11,Documentation
10,2,4.7,57,5,6,Hardware
0,2,1.4,32,3,7,Documentation
0,3,7.1,63,1,2,Security
0,3,1.0,48,3,12,Documentation
1,11,3.0,91,5,0,Software
8,0,4.1,38,4,21,Hardware
2,3,10.0,205,5,6,Performance
7,0,4.1,48,4,10,Hardware
5,0,2.7,72,5,0,Hardware
3,4,6.9,109,5,2,Performance
8,2,2.7,30,3,22,Hardware
1,3,1.3,9,1,18,Documentation
6,0,4.2,42,4,19,Hardware
5,6,5.1,51,2,22,Firmware
8,0,4.1,60,2,18,Performance
1,9,2.4,104,5,12,Software
1,0,1.0,31,4,14,Documentation
0,7,8.4,86,1,15,Security
0,7,3.6,33,2,16,Software
1,2,1.0,55,2,4,Documentation
0,8,2.1,134,3,10,Software
4,4,5.3,45,2,0,Firmware
2,10,3.5,97,4,9,Software
0,9,3.0,64,4,5,Software
4,0,3.4,20,3,18,Hardware
4,0,2.3,84,2,12,Hardware
7,2,3.0,16,2,5,Hardware
6,7,2.6,12,5,7,Firmware
0,6,3.1,78,1,6,Software
5,0,1.5,25,1,14,Hardware
0,7,3.5,61,4,7,Software
0,9,2.6,81,4,18,Software
5,1,5.6,179,4,18,Performance
3,2,6.6,72,5,22,Security
5,0,3.3,47,2,6,Hardware
2,4,1.0,29,2,11,Documentation
1,2,1.5,0,5,18,Documentation
3,0,5.1,43,1,7,Performance
4,2,7.3,111,3,6,Performance
3,2,3.5,80,3,1,Firmware
1,6,2.9,82,5,2,Software
8,1,5.6,63,2,16,Firmware
3,5,6.3,46,4,22,Performance
4,3,6.8,155,4,15,Performance
1,9,1.0,74,3,0,Software
0,4,2.6,81,1,5,Software
0,1,1.8,41,2,19,Documentation
0,5,6.8,79,3,13,Security
5,0,5.2,147,3,4,Performance
3,5,3.0,54,5,10,Firmware
1,0,2.7,23,3,11,Performance
0,2,1.8,38,3,6,Documentation
0,8,4.2,109,5,8,Software
1,9,3.1,108,3,17,Software
7,8,6.1,141,5,16,Performance
0,1,6.4,183,4,23,Performance
5,3,5.9,69,4,7,Firmware
5,4,3.6,68,2,7,Performance
5,3,7.0,133,4,19,Performance
2,8,2.6,83,2,16,Software
7,0,1.9,41,1,16,Hardware
2,4,9.1,118,2,10,Security
2,7,2.9,76,5,10,Software
2,5,7.6,21,4,17,Security
3,5,5.4,29,1,2,Firmware
6,1,1.7,40,4,3,Hardware
0,8,2.8,88,3,7,Software
8,1,2.4,27,2,14,Hardware
0,8,1.8,56,2,14,Software
1,7,2.0,93,2,10,Software
0,5,6.2,146,3,14,Performance
9,0,3.9,59,1,8,Hardware
7,0,4.3,25,1,16,Hardware
4,0,3.6,45,4,20,Hardware
5,1,3.0,33,5,2,Firmware
5,0,1.0,9,5,21,Hardware
0,12,3.1,49,5,15,Software
1,6,3.6,19,3,19,Software
1,8,3.4,106,3,21,Software
3,0,7.4,71,5,21,Performance
1,3,9.0,67,3,5,Security
0,0,2.9,162,4,6,Performance
0,0,1.1,28,5,15,Documentation
0,9,2.8,140,3,23,Software
6,0,1.8,26,4,9,Hardware
1,11,2.7,60,3,11,Software
7,0,2.5,27,2,22,Hardware
0,4,7.7,68,4,6,Security
7,1,4.5,81,3,2,Firmware
4,5,6.9,78,1,9,Performance
2,0,1.0,32,5,9,Documentation
5,4,2.1,25,4,5,Firmware
8,0,1.6,21,2,7,Hardware
0,2,1.0,25,2,15,Documentation
0,10,4.4,109,3,20,Software
0,1,1.0,21,2,10,Documentation
0,4,3.0,65,5,4,Firmware
1,3,5.6,60,3,23,Performance
0,1,5.4,73,1,22,Performance
0,10,2.0,111,1,3,Software
0,4,8.1,186,2,0,Performance
3,7,8.0,80,1,22,Security
1,5,7.2,42,3,15,Security
5,4,3.5,23,5,3,Firmware
0,10,2.9,70,5,17,Software
0,8,4.1,97,1,23,Software
6,0,2.5,30,1,22,Hardware
9,1,5.4,45,4,4,Hardware
10,1,3.9,58,2,5,Hardware
3,7,4.6,62,1,2,Firmware
0,6,3.8,28,5,20,Software
9,0,3.9,30,2,11,Hardware
0,12,3.6,81,4,8,Software
12,0,3.3,59,5,17,Hardware
0,8,4.5,84,2,15,Software
2,6,6.9,68,3,6,Security
11,0,3.6,47,3,2,Hardware
4,2,5.0,103,3,16,Firmware
2,3,4.3,42,5,18,Firmware
8,0,1.9,33,1,6,Hardware
1,9,3.4,117,5,2,Software
2,8,4.4,60,2,13,Software
0,3,1.1,46,4,0,Documentation
4,5,5.7,36,3,23,Firmware
0,10,1.3,79,4,4,Software
0,10,2.0,66,2,4,Software
10,1,3.3,72,4,10,Hardware
7,0,3.3,15,4,18,Hardware
9,2,1.7,33,5,12,Hardware
4,3,3.6,69,5,10,Firmware
10,2,3.7,74,1,8,Hardware
0,2,3.7,38,4,9,Performance
0,3,1.0,25,1,18,Documentation
7,2,9.6,111,5,15,Performance
7,1,2.3,52,4,11,Hardware
0,8,2.3,127,2,20,Software
2,9,9.5,55,4,9,Security
1,8,3.4,17,4,0,Software
4,5,4.0,73,3,18,Firmware
0,8,1.2,88,1,7,Software
2,2,6.3,76,4,13,Performance
0,7,4.4,50,1,19,Software
6,0,3.5,60,5,16,Hardware
6,1,8.4,142,5,11,Performance
0,7,2.6,84,3,6,Software
3,2,2.4,56,3,6,Firmware
4,4,4.7,92,3,14,Performance
1,8,4.1,71,4,5,Software
5,0,3.0,26,4,19,Hardware
1,1,6.1,81,1,4,Performance
2,7,3.7,82,4,15,Firmware
1,2,1.1,29,5,10,Documentation
1,13,2.3,83,3,12,Software
0,1,6.8,73,3,12,Security
0,10,2.8,51,5,7,Software
1,14,2.1,75,1,0,Software
3,3,6.3,143,2,3,Performance
4,5,7.4,49,5,21,Performance
0,1,1.0,13,2,6,Documentation
3,3,8.2,47,5,15,Firmware
3,4,3.7,72,3,12,Firmware
4,0,2.6,64,3,4,Hardware
2,2,4.6,106,4,0,Performance
1,0,1.0,23,3,16,Documentation
1,2,1.0,35,3,16,Documentation
2,5,7.7,49,3,12,Performance
0,3,5.2,86,5,19,Firmware
6,2,3.6,60,3,17,Hardware
1,2,5.1,159,1,22,Performance
1,2,3.9,69,1,1,Firmware
2,0,5.6,101,3,17,Performance
9,2,2.4,47,2,21,Hardware
8,1,2.7,22,5,11,Hardware
7,0,3.6,28,2,17,Hardware
6,0,1.8,23,3,2,Hardware
0,7,3.3,14,3,12,Software
0,5,6.3,55,2,16,Security
2,6,7.1,68,3,16,Security
0,3,1.0,52,2,21,Documentation
6,0,3.2,0,2,12,Hardware
2,1,4.7,7,3,12,Performance
3,5,6.6,90,3,8,Performance
2,4,9.6,43,4,2,Security
0,11,3.1,113,3,7,Software
4,2,4.1,143,4,14,Performance
0,7,8.6,20,4,17,Security
1,9,4.1,90,5,11,Software
2,4,9.3,37,4,5,Security
0,2,1.0,24,3,22,Documentation
3,4,5.7,55,4,7,Performance
1,1,1.2,44,1,12,Documentation
3,7,3.4,39,2,13,Firmware
3,2,6.9,88,3,1,Performance
2,7,2.6,0,3,3,Firmware
3,2,3.2,62,5,0,Performance
2,7,3.0,93,2,19,Software
7,9,5.0,97,5,7,Firmware
3,4,6.8,118,2,19,Performance
5,5,3.4,28,2,11,Firmware
1,6,3.8,106,5,1,Software
1,4,3.4,83,3,6,Firmware
2,5,9.5,68,3,20,Security
1,6,3.4,93,1,13,Software
2,3,6.3,55,1,11,Performance
3,7,5.8,138,4,8,Performance
3,2,4.9,114,4,3,Firmware
7,1,3.7,24,4,7,Hardware
7,0,2.1,25,5,13,Hardware
3,2,7.9,83,2,20,Performance
0,3,1.7,17,1,9,Documentation
1,0,1.4,26,5,20,Documentation
5,0,3.3,28,2,22,Firmware
2,8,6.1,40,4,14,Firmware
1,4,1.0,24,5,19,Documentation
0,4,4.3,98,1,4,Firmware
1,12,1.6,49,4,14,Software
2,3,7.2,48,4,11,Security
3,6,2.2,8,4,3,Firmware
3,9,9.4,72,5,13,Security
3,0,3.9,86,4,3,Firmware
6,4,4.1,108,3,4,Performance
7,0,2.5,28,2,14,Hardware
0,4,6.8,110,4,0,Performance
1,5,2.0,112,5,7,Software
0,12,2.8,91,5,17,Software
0,3,1.0,0,3,12,Documentation
6,3,5.7,107,4,7,Performance
0,8,6.6,96,3,3,Performance
1,7,2.7,76,1,7,Software
0,6,4.3,113,5,16,Performance
6,4,4.9,63,5,4,Firmware
2,4,8.2,93,5,18,Security
3,1,5.5,32,1,0,Performance
0,8,2.7,102,2,15,Software
0,5,7.1,57,3,7,Security
0,0,1.0,26,2,7,Documentation
0,5,8.1,77,5,9,Security
3,4,5.8,47,2,17,Performance
3,8,5.3,36,3,14,Firmware
8,1,2.6,21,1,6,Hardware
0,5,5.0,99,3,11,Software
7,0,3.2,67,4,1,Hardware
11,0,3.4,44,1,13,Hardware
3,3,9.7,67,2,23,Security
0,10,2.1,114,4,14,Software
4,6,2.1,22,4,20,Firmware
1,1,1.0,8,2,11,Documentation
1,10,2.8,99,5,14,Software
2,4,4.5,157,3,7,Performance
2,5,3.7,82,5,6,Firmware
2,2,5.9,116,4,0,Firmware
3,0,3.8,36,1,13,Firmware
1,12,1.6,81,3,10,Software
9,2,2.0,31,2,10,Hardware
7,0,4.5,6,5,8,Hardware
5,5,4.3,28,5,7,Firmware
1,8,3.3,91,2,23,Software
1,6,9.2,115,3,14,Security
7,0,3.3,38,1,8,Hardware
2,2,6.6,91,4,19,Performance
2,5,8.0,62,3,16,Security
3,1,5.6,160,4,4,Performance
0,0,2.0,37,5,0,Documentation
3,5,5.2,51,2,3,Firmware
4,4,5.2,53,1,6,Firmware
1,6,6.9,37,3,0,Security
6,5,4.1,106,1,2,Firmware
0,0,7.2,113,2,18,Performance
0,11,3.2,65,5,3,Software
7,2,2.9,47,5,0,Hardware
3,7,1.5,22,5,19,Software
0,9,2.4,48,3,7,Software
7,1,2.7,38,3,9,Hardware
9,0,2.1,35,3,10,Hardware
1,7,1.4,37,4,13,Software
0,2,1.2,21,2,9,Documentation
1,3,3.6,51,2,2,Firmware
2,3,3.7,53,3,5,Firmware
2,6,2.7,75,1,17,Software
3,5,2.9,51,5,9,Firmware
10,1,2.9,29,2,20,Hardware
0,0,7.4,94,1,23,Security
5,1,4.3,51,1,18,Hardware
0,14,4.1,70,4,18,Software
7,0,1.9,74,2,2,Hardware
0,12,2.7,88,4,6,Software
2,3,1.6,35,4,15,Documentation
1,4,3.5,45,2,1,Firmware
2,2,6.4,86,3,4,Performance
5,4,3.3,93,1,7,Firmware
3,5,8.1,62,2,22,Security
0,3,5.4,59,1,9,Performance
2,6,10.0,96,2,17,Security
2,13,2.5,71,4,16,Software
5,2,4.9,29,1,19,Hardware
0,6,1.0,37,1,15,Software
7,3,4.1,0,2,6,Firmware
0,3,1.3,0,3,19,Documentation
3,4,5.3,108,2,22,Performance
0,1,1.3,4,4,9,Documentation
6,0,6.7,77,3,15,Performance
2,1,4.2,82,4,23,Firmware
4,0,3.1,67,1,22,Hardware
1,8,3.1,85,3,12,Software
11,1,1.8,67,2,18,Hardware
3,4,5.3,82,4,13,Performance
1,9,3.6,91,2,5,Software
7,0,4.5,57,4,12,Hardware
2,3,2.7,29,3,8,Firmware
2,5,8.3,40,1,19,Security
0,9,3.1,99,1,0,Software
8,1,2.9,27,1,18,Hardware
2,1,5.7,43,3,15,Performance
2,7,3.9,67,5,21,Software
2,4,4.7,133,3,23,Software
3,3,4.6,67,2,16,Performance
2,1,1.0,12,3,19,Documentation
0,3,9.2,68,1,4,Security
9,1,3.4,60,1,0,Hardware
1,1,1.0,60,2,11,Documentation
2,6,4.9,143,4,8,Performance
5,4,4.8,115,1,18,Firmware
1,1,2.9,54,2,12,Firmware
0,5,5.5,84,1,9,Performance
8,0,2.4,21,4,10,Hardware
0,6,2.4,59,5,12,Performance
6,2,4.2,62,5,17,Firmware
8,0,5.4,35,4,21,Hardware
2,1,1.0,34,1,15,Documentation
2,0,1.2,40,1,20,Documentation
2,3,1.8,44,5,17,Documentation
1,10,2.1,35,5,3,Software
3,6,5.2,104,3,16,Performance
3,1,7.9,110,2,22,Performance
6,3,4.9,100,4,13,Performance
0,8,1.7,113,4,1,Software
6,0,3.5,32,2,5,Hardware
1,2,4.0,55,4,12,Firmware
5,4,5.7,58,4,4,Firmware
0,0,4.2,89,4,20,Firmware
0,1,1.8,27,5,11,Documentation
9,0,2.6,23,2,21,Hardware
1,12,2.3,163,4,11,Software
2,4,4.6,43,1,19,Firmware
0,1,1.0,0,3,7,Documentation
2,13,4.4,88,2,19,Software
2,10,1.4,76,2,3,Software
2,2,7.6,0,3,5,Performance
8,0,1.1,56,4,23,Hardware
4,3,7.2,114,3,5,Performance
7,4,6.6,61,2,21,Performance
9,0,3.9,82,3,16,Hardware
1,13,2.6,31,1,10,Software
0,7,4.1,64,4,5,Software
1,9,4.2,50,2,18,Software
0,4,3.9,57,3,16,Firmware
6,0,3.1,29,1,14,Hardware
1,2,3.4,39,2,4,Firmware
1,2,2.3,33,5,9,Documentation
11,0,4.0,24,3,3,Hardware
5,0,3.3,79,4,20,Firmware
0,3,6.8,63,2,20,Performance
9,0,3.4,43,2,21,Hardware
9,0,4.3,94,4,13,Hardware
2,5,7.3,76,3,21,Security
1,10,4.1,77,4,10,Software
0,2,2.5,81,4,23,Firmware
7,1,1.9,59,1,20,Hardware
0,9,5.2,88,2,18,Software
7,0,5.0,52,3,0,Hardware
5,4,5.3,98,4,4,Performance
0,7,2.3,69,1,5,Software
1,4,2.9,65,4,2,Performance
6,0,4.9,61,1,8,Hardware
0,8,2.8,86,3,18,Software
1,2,1.4,39,4,16,Documentation
3,0,1.9,34,4,18,Hardware
9,0,2.2,39,4,8,Hardware
0,10,3.8,104,3,11,Software
0,8,3.0,99,4,1,Software
8,2,2.1,39,5,5,Hardware
5,3,2.8,73,1,14,Firmware
0,3,1.0,0,5,13,Documentation
1,2,1.0,28,4,16,Documentation
4,5,6.3,3,1,19,Performance
0,3,4.9,78,2,3,Performance
7,2,3.6,56,3,5,Hardware
3,2,6.0,104,2,20,Performance
2,12,2.6,87,2,16,Software
3,0,4.6,111,1,12,Performance
6,1,2.1,34,5,21,Hardware
1,0,9.9,59,2,5,Performance
1,9,3.2,88,5,20,Software
5,0,1.7,17,5,3,Hardware
0,6,3.8,120,4,4,Software
0,7,3.3,100,5,10,Software
5,0,3.4,57,1,3,Hardware
4,5,7.2,36,2,16,Performance
11,1,1.7,93,5,0,Hardware
0,0,2.7,92,4,7,Firmware
1,1,1.8,0,3,22,Documentation
7,1,2.5,52,3,11,Hardware
1,6,7.4,68,5,12,Security
8,2,2.4,46,4,17,Hardware
1,2,3.8,36,4,8,Firmware
1,3,7.4,150,3,12,Performance
8,1,2.7,70,4,23,Hardware
1,1,8.4,147,5,21,Performance
4,3,3.1,41,3,11,Firmware
9,0,1.4,48,1,7,Hardware
1,7,2.9,59,2,17,Software
7,1,2.6,66,4,14,Hardware
0,2,1.8,45,3,0,Documentation
4,6,3.5,89,1,13,Firmware
0,10,2.9,111,5,20,Software
11,0,2.6,12,5,4,Hardware
0,1,1.0,31,2,2,Documentation
2,1,1.0,26,5,18,Documentation
0,1,1.0,12,4,16,Documentation
2,1,6.7,56,5,7,Security
0,9,4.0,132,5,6,Software
0,11,2.6,70,2,6,Software
9,0,2.4,28,1,12,Hardware
3,4,9.4,23,1,22,Security
8,0,2.7,59,5,13,Hardware
1,7,2.8,54,2,9,Software
0,8,3.2,44,2,12,Software
0,8,5.4,19,3,12,Firmware
5,4,10.0,101,2,22,Performance
1,8,3.6,124,1,22,Software
6,1,2.2,49,2,15,Hardware
0,2,5.3,127,2,17,Performance
8,0,4.6,56,5,11,Hardware
1,9,4.1,75,4,16,Software
3,5,4.3,81,2,10,Firmware
0,9,2.2,57,4,18,Software
2,4,8.3,60,5,9,Security
0,0,1.1,44,5,12,Documentation
4,4,7.4,32,1,17,Performance
3,0,6.1,53,4,13,Performance
0,9,4.5,86,5,0,Software
0,9,4.2,115,1,21,Software
8,3,2.8,29,5,20,Hardware
0,9,3.2,93,3,0,Software
4,6,5.3,139,5,17,Performance
1,1,4.4,59,4,2,Firmware
0,3,6.1,80,5,5,Firmware
0,1,1.0,24,4,16,Documentation
1,12,2.7,84,1,11,Software
2,3,1.2,11,5,6,Documentation
3,0,2.3,7,3,1,Hardware
4,6,3.7,15,4,16,Firmware
5,0,2.9,56,5,18,Hardware
9,1,1.8,43,3,22,Hardware
2,4,7.4,46,2,22,Security
8,0,2.3,30,1,6,Hardware
3,5,7.7,47,5,14,Security
1,10,1.0,49,4,9,Software
0,1,1.8,24,1,8,Documentation
1,4,3.8,79,5,5,Performance
1,10,3.8,27,5,17,Software
8,0,3.8,47,1,6,Hardware
0,2,4.8,119,1,20,Firmware
0,7,4.0,103,1,16,Software
0,10,3.5,87,5,21,Software
1,3,8.6,80,3,21,Security
0,10,2.9,64,3,5,Software
1,1,1.0,36,1,22,Documentation
9,0,3.5,73,1,16,Hardware
0,10,2.0,25,3,21,Software
8,0,3.5,15,5,7,Hardware
7,2,1.1,55,5,14,Hardware
0,8,3.8,16,2,4,Software
3,3,4.8,104,5,15,Firmware
6,5,4.8,29,5,8,Firmware
3,4,3.4,132,3,13,Performance
0,8,4.2,63,4,22,Software
0,0,1.0,36,5,11,Documentation
6,2,3.9,74,5,9,Firmware
1,11,3.4,58,1,8,Software
2,4,8.2,49,1,0,Security
1,1,7.3,65,1,5,Security
6,5,4.2,61,5,19,Firmware
11,0,3.0,58,1,10,Hardware
8,2,2.1,61,2,1,Hardware
2,4,4.7,75,3,17,Firmware
3,4,3.6,62,5,18,Firmware
2,2,9.9,91,3,9,Security
8,1,3.4,84,2,22,Hardware
5,1,5.7,114,1,6,Performance
1,11,3.7,117,3,0,Software
3,5,9.8,43,2,9,Security
2,7,6.7,83,4,18,Security
1,4,7.8,181,5,6,Performance
3,7,6.2,73,2,15,Performance
11,2,3.6,10,3,15,Hardware
3,7,5.7,83,3,21,Performance
2,2,7.0,69,3,6,Security
0,2,9.5,99,2,0,Security
0,9,2.0,79,1,15,Software
1,11,2.6,117,2,19,Software
1,1,3.2,49,5,0,Firmware
1,9,5.0,93,2,12,Software
3,3,3.4,6,2,11,Firmware
0,10,4.5,58,5,6,Software
1,4,4.2,98,5,12,Software
7,7,6.1,131,3,22,Performance
0,5,2.9,100,2,15,Software
8,1,5.7,123,2,9,Performance
0,9,4.1,76,1,0,Software
1,4,3.8,57,4,21,Firmware
2,1,6.2,52,2,12,Performance
0,10,4.2,68,3,22,Software
0,5,9.4,90,1,0,Security
1,12,2.5,80,4,0,Software
10,0,3.1,49,1,2,Hardware
0,12,2.3,70,1,22,Software
1,8,3.1,79,5,3,Software
0,11,2.4,73,3,3,Software
0,9,3.5,49,3,7,Software
4,3,1.0,45,5,21,Hardware
2,12,3.9,78,1,1,Software
5,0,2.5,24,1,18,Hardware
4,6,4.5,61,1,21,Firmware
2,3,2.7,23,4,11,Firmware
2,10,2.9,71,4,7,Software
0,8,4.7,98,2,6,Software
2,2,6.9,26,5,7,Security
5,1,3.9,73,5,13,Hardware
4,3,3.3,87,1,12,Performance
0,11,4.1,111,4,21,Software
1,7,2.6,58,5,15,Software
8,1,5.9,81,3,14,Hardware
7,0,1.5,64,3,15,Hardware
1,13,3.4,120,5,20,Software
0,8,4.2,91,3,10,Software
0,10,4.5,42,2,0,Software
5,3,7.3,117,2,0,Performance
6,0,2.9,44,4,13,Hardware
1,2,6.5,146,4,21,Performance
6,5,5.1,109,1,10,Firmware
0,1,1.1,34,2,15,Documentation
2,2,1.0,31,1,16,Documentation
0,7,3.2,49,4,7,Software
3,3,9.6,67,3,8,Security
3,1,6.0,128,4,0,Performance
3,1,8.9,69,5,16,Security
0,1,1.5,35,2,13,Documentation
9,1,2.9,44,5,2,Hardware
9,2,1.4,43,1,18,Hardware
1,6,1.9,12,2,4,Software
2,5,3.6,95,1,5,Software
0,10,2.9,25,5,10,Software
8,0,1.8,73,5,14,Hardware
3,0,5.0,95,3,7,Firmware
5,5,3.9,72,4,18,Performance
11,0,2.1,34,2,16,Hardware
5,0,2.1,25,4,12,Hardware
0,2,1.1,18,1,2,Documentation
0,8,2.1,79,5,14,Software
0,10,2.2,109,5,21,Software
1,1,1.0,24,4,6,Documentation
0,1,1.0,25,4,3,Documentation
3,0,1.2,48,2,16,Hardware
0,2,5.7,85,4,17,Performance
3,2,6.5,137,5,14,Performance
0,2,1.0,11,2,0,Documentation
7,1,1.3,25,3,16,Hardware
1,9,1.5,69,5,10,Software
1,4,6.9,36,5,14,Security
6,1,3.5,28,5,6,Hardware
1,3,1.0,15,2,6,Documentation
9,0,1.0,64,1,2,Hardware
3,4,3.6,90,2,2,Firmware
10,0,2.4,50,4,11,Hardware
8,0,2.6,41,2,12,Hardware
8,0,3.4,52,5,3,Hardware
4,1,7.1,103,1,13,Performance
0,6,1.9,109,3,17,Software
5,4,2.3,31,1,10,Firmware
7,0,3.9,71,1,6,Hardware
2,10,2.6,120,5,14,Software
0,2,5.7,197,2,6,Performance
6,1,1.5,53,4,8,Hardware
7,0,1.1,45,5,13,Hardware
1,3,1.0,24,1,14,Documentation
0,2,1.5,45,2,2,Documentation
8,1,2.3,78,3,20,Hardware
9,0,2.3,55,5,11,Hardware
0,1,1.0,58,3,16,Documentation
1,4,8.0,103,1,16,Security
2,3,9.6,95,5,6,Security
0,8,2.0,65,4,1,Software
6,1,3.3,65,1,11,Hardware
1,11,2.1,105,1,6,Software
1,3,6.9,79,2,19,Security
4,2,3.8,96,5,13,Firmware
5,0,5.7,93,4,2,Performance
0,8,2.4,83,5,15,Software
0,4,3.5,50,5,19,Performance
2,7,7.9,67,5,8,Security
0,0,1.0,49,1,14,Documentation
3,7,5.4,65,2,20,Performance
0,3,1.2,0,5,12,Documentation
0,6,8.2,76,5,19,Security
2,4,4.8,54,3,10,Firmware
5,1,5.5,59,4,3,Firmware
7,0,3.2,58,1,16,Hardware
1,1,1.0,36,1,0,Documentation
6,7,5.1,27,3,14,Firmware
4,1,4.6,6,5,16,Firmware
0,7,2.2,54,5,12,Software
1,6,2.9,73,5,17,Software
2,0,5.8,117,2,6,Performance
0,9,1.9,67,1,10,Software
0,8,2.7,56,5,18,Software
1,8,3.0,87,1,16,Software
0,9,3.5,103,2,12,Software
1,9,3.0,109,4,3,Software
1,10,2.7,59,2,15,Software
2,5,9.5,67,3,13,Security
7,1,4.0,63,3,1,Hardware
7,0,3.4,65,2,17,Hardware
1,1,1.6,46,1,3,Documentation
2,9,2.2,138,3,1,Software
1,6,3.6,62,2,19,Software
8,0,2.3,36,1,10,Hardware
5,0,2.3,21,1,0,Hardware
0,5,1.3,79,5,16,Software
4,4,4.4,57,1,18,Firmware
2,2,6.9,126,2,23,Performance
3,1,5.4,106,2,6,Firmware
0,8,3.1,26,2,14,Software
7,4,6.0,92,2,11,Firmware
8,1,4.4,28,5,0,Hardware
3,7,2.1,86,4,10,Software
8,0,3.7,25,3,17,Hardware
8,0,2.7,33,4,2,Hardware
2,1,1.0,44,1,18,Documentation
2,2,7.5,73,3,19,Security
0,7,3.4,21,2,0,Software
2,3,6.9,105,1,9,Performance
6,3,1.3,41,5,13,Firmware
4,3,3.4,48,4,21,Firmware
6,1,3.4,39,4,5,Hardware
3,7,8.0,50,3,13,Security
3,0,5.0,42,5,19,Firmware
4,3,3.5,76,1,23,Performance
0,2,6.2,106,2,23,Performance
1,6,7.7,82,4,18,Security
4,3,7.9,142,2,5,Performance
3,2,5.8,34,3,6,Firmware
2,4,8.3,130,4,21,Performance
2,4,7.9,58,3,12,Security
1,2,1.0,16,4,2,Documentation
1,7,3.6,32,3,19,Firmware
8,1,2.6,78,2,11,Firmware
0,7,3.1,57,4,13,Software
1,5,5.6,64,2,11,Firmware
5,0,3.7,47,5,13,Hardware
1,10,3.3,60,4,20,Software
1,10,3.0,105,5,1,Software
7,0,3.7,0,5,1,Hardware
1,7,2.9,88,3,12,Software
0,6,2.8,105,1,0,Software
4,4,8.3,75,3,22,Security
0,7,5.6,66,3,4,Software
0,4,6.5,89,1,14,Security
1,5,5.1,86,3,2,Firmware
2,2,7.8,129,4,8,Performance
5,1,5.1,48,5,20,Firmware
0,8,2.6,102,5,22,Software
7,1,3.6,63,5,7,Hardware
4,3,4.5,49,3,9,Firmware
3,4,8.8,143,5,9,Performance
9,1,4.3,44,5,8,Hardware
8,0,4.6,37,2,22,Hardware
13,0,2.5,44,3,3,Hardware
4,0,5.2,58,4,4,Firmware
0,13,3.9,39,3,3,Software
8,0,4.0,66,1,16,Hardware
5,0,3.7,73,2,18,Firmware
0,9,1.0,80,3,17,Software
3,4,7.1,42,4,16,Security
5,2,4.5,107,4,11,Firmware
2,2,1.0,40,2,21,Documentation
7,0,3.6,3,4,8,Hardware
0,13,2.6,49,2,8,Software
0,9,1.3,11,3,11,Software
1,8,3.7,80,2,23,Software
3,6,3.5,75,2,22,Firmware
4,0,4.0,6,2,19,Firmware
7,0,5.8,51,3,13,Hardware
0,10,2.4,34,2,20,Software
1,1,7.3,100,3,18,Performance
0,9,4.0,82,4,15,Software
4,2,2.9,71,4,21,Hardware
0,6,6.1,62,2,6,Security
6,0,4.6,76,2,2,Hardware
0,0,1.1,26,5,18,Documentation
0,10,2.1,5,3,4,Software
2,9,3.4,105,4,1,Software
0,5,8.9,52,4,13,Security
9,1,4.4,34,5,12,Hardware
2,7,8.2,10,1,20,Security
0,8,3.6,75,4,10,Software
0,2,1.0,25,2,3,Documentation
3,5,8.5,117,2,3,Security
3,4,9.7,53,1,13,Security
5,0,2.0,79,3,3,Hardware
0,14,5.0,74,3,9,Software
3,9,7.8,67,4,4,Security
2,2,4.0,122,1,15,Performance
0,3,6.8,28,4,6,Security
3,3,7.2,143,2,23,Performance
1,3,8.1,84,2,21,Security
9,0,3.3,74,4,16,Hardware
8,1,3.4,49,5,21,Hardware
0,1,1.0,49,2,18,Documentation
10,0,2.8,25,5,1,Hardware
2,6,5.2,61,4,15,Firmware
2,3,6.2,70,4,12,Security
0,10,3.7,43,2,1,Software
0,9,3.1,103,3,20,Software
3,3,3.6,34,5,20,Performance
0,5,5.4,98,5,16,Performance
2,1,9.6,66,2,17,Security
5,0,2.3,53,1,17,Hardware
3,1,6.0,39,3,10,Performance
9,0,2.0,67,2,18,Hardware
0,8,1.5,61,3,13,Software
2,7,5.2,29,2,1,Software
6,4,3.7,74,1,23,Firmware
2,2,7.5,57,4,21,Security
7,1,3.3,62,1,0,Hardware
5,3,7.8,128,3,23,Performance
6,3,5.1,67,1,10,Firmware
0,6,3.0,101,2,21,Software
3,4,7.7,60,3,11,Security
0,5,3.6,72,5,2,Software
2,1,1.2,0,2,14,Documentation
2,0,3.2,44,5,13,Hardware
2,3,4.3,32,5,1,Performance
0,9,2.6,95,1,8,Software
2,1,1.2,7,3,3,Documentation
1,5,8.7,52,4,7,Security
5,2,5.4,130,5,23,Performance
1,1,1.0,35,5,16,Documentation
3,2,4.0,33,5,14,Firmware
10,1,3.5,109,1,14,Hardware
6,3,4.3,69,2,13,Firmware
2,3,8.5,76,1,14,Security
5,0,4.1,89,1,6,Firmware
0,1,7.7,82,3,8,Security
3,0,9.2,126,5,9,Performance
7,5,5.0,78,4,22,Firmware
2,7,1.0,53,5,2,Software
6,7,4.1,77,1,7,Firmware
4,4,5.3,39,1,19,Firmware
5,1,6.1,100,2,11,Performance
0,7,2.6,87,1,16,Software
3,4,3.2,61,4,1,Firmware
1,2,1.0,18,4,20,Documentation
0,2,1.3,30,2,16,Documentation
3,3,6.1,76,4,17,Performance
1,7,7.9,53,5,3,Security
0,8,2.8,83,1,4,Software
1,6,8.3,78,5,3,Security
1,6,3.8,82,4,18,Software
9,2,2.9,25,2,16,Hardware
2,4,7.4,87,4,13,Security
4,4,6.7,131,5,7,Performance
4,1,3.9,45,2,3,Firmware
2,5,9.8,82,2,6,Security
3,8,2.3,81,3,6,Software
4,5,8.6,112,5,8,Performance
1,4,5.2,55,2,9,Firmware
4,3,5.9,26,3,8,Firmware
1,9,2.8,69,2,22,Software
0,10,2.7,67,2,11,Software
0,9,2.8,125,3,5,Software
5,4,3.1,58,5,18,Firmware
0,7,3.1,68,1,16,Software
0,4,4.0,38,4,16,Firmware
8,3,2.7,40,5,5,Hardware
8,0,3.7,31,5,5,Hardware
4,5,5.5,125,4,14,Performance
4,7,5.5,54,3,18,Firmware
1,4,2.9,24,3,17,Firmware
2,4,6.6,110,2,0,Performance
3,6,3.9,82,2,14,Firmware
2,10,2.5,38,2,9,Software
0,5,2.0,83,4,4,Software
0,4,5.4,95,3,0,Security
2,1,2.0,40,3,18,Documentation
1,6,5.2,70,1,13,Firmware
12,3,3.9,79,5,19,Firmware
0,8,1.6,58,4,0,Software
0,11,4.2,99,1,0,Software
0,0,1.2,37,2,14,Documentation
6,2,3.7,60,3,4,Hardware
10,0,2.7,38,2,13,Hardware
1,1,1.0,18,1,6,Documentation
2,9,9.3,77,1,18,Security
1,1,4.6,145,5,12,Performance
0,10,2.8,76,4,9,Software
2,4,7.2,98,4,11,Performance
0,1,1.0,0,2,11,Documentation
1,0,1.0,3,2,2,Documentation
0,8,1.2,54,4,22,Software
6,1,4.4,61,4,12,Hardware
5,1,3.2,38,4,7,Firmware
1,0,9.3,92,3,12,Security
2,3,1.4,23,5,3,Documentation
10,1,2.0,68,2,22,Hardware
1,1,1.0,22,4,14,Documentation
8,1,2.9,51,5,19,Hardware
4,2,4.5,42,1,8,Performance
2,3,9.5,42,2,15,Security
5,1,3.8,67,5,10,Hardware
2,6,4.1,61,4,3,Performance
5,3,6.9,126,5,3,Performance
3,1,2.9,51,1,5,Hardware
2,4,8.4,45,2,9,Security
2,4,8.4,32,2,21,Security
8,3,3.2,51,4,4,Firmware
1,1,8.4,98,1,23,Security
7,1,2.1,39,1,3,Hardware
2,0,5.7,95,4,21,Performance
1,9,3.2,59,1,19,Software
0,3,5.3,35,1,11,Performance
4,2,5.2,151,3,18,Performance
0,1,1.0,31,1,11,Documentation
4,2,7.0,77,5,4,Performance
2,1,1.6,25,3,5,Documentation
8,4,6.0,60,2,6,Performance
8,1,2.8,46,1,8,Hardware
2,2,1.6,38,4,9,Documentation
0,0,6.7,54,4,17,Performance
5,0,8.0,99,2,5,Performance
0,0,1.3,14,3,17,Documentation
4,2,4.1,11,4,7,Performance
1,4,3.9,4,5,5,Firmware
4,1,2.4,80,3,22,Hardware
10,1,5.1,52,1,12,Hardware
8,0,2.4,45,5,3,Hardware
9,0,4.0,59,2,8,Hardware
1,6,4.2,6,2,15,Software
1,7,4.0,63,5,1,Software
3,2,3.3,63,1,13,Firmware
1,1,1.2,30,1,6,Documentation
11,1,2.3,52,5,6,Hardware
8,0,4.0,48,5,20,Hardware
0,12,2.7,99,3,18,Software
0,7,3.1,119,2,16,Software
1,1,1.0,24,1,9,Documentation
1,4,7.3,37,5,19,Security
7,0,4.0,33,4,21,Hardware
1,3,9.6,82,4,12,Security
3,4,5.4,51,1,3,Firmware
6,3,4.6,20,5,5,Firmware
9,0,3.6,16,4,1,Hardware
0,7,5.0,82,5,23,Software
3,3,6.1,125,2,0,Performance
1,6,2.9,94,3,0,Software
0,2,1.4,0,5,13,Documentation
0,5,3.3,111,5,7,Software
9,0,2.2,54,1,8,Hardware
8,0,2.7,61,5,4,Hardware
3,2,8.2,154,3,15,Performance
3,7,7.6,70,3,2,Security
6,0,2.6,61,5,22,Hardware
1,2,7.2,123,4,15,Security
8,0,3.3,38,3,9,Hardware
2,5,5.3,45,3,18,Performance
8,2,2.8,22,1,9,Hardware
8,1,2.9,41,5,6,Hardware
8,0,3.6,31,4,23,Hardware
5,2,5.7,109,3,20,Performance
2,1,1.4,12,2,13,Documentation
6,3,3.8,48,5,15,Firmware
3,12,1.5,108,4,14,Software
1,9,3.3,78,1,20,Software
2,9,1.3,108,5,20,Software
0,7,3.4,124,2,21,Software
7,3,3.1,32,2,0,Hardware
0,8,2.9,57,5,0,Software
1,6,4.8,50,5,18,Firmware
4,0,3.8,27,3,0,Hardware
0,4,7.3,62,5,3,Security
1,0,1.3,1,1,20,Documentation
0,3,1.0,63,4,15,Documentation
0,3,1.2,0,5,0,Documentation
0,1,1.0,71,1,14,Documentation
3,12,3.7,58,5,21,Software
9,0,2.1,38,5,14,Hardware
1,5,7.5,50,3,13,Security
1,7,2.6,103,2,12,Software
8,1,3.9,30,3,1,Hardware
0,8,3.6,118,1,6,Software
0,4,1.0,18,2,18,Documentation
0,10,4.1,86,3,23,Software
7,1,2.3,34,1,16,Hardware
0,3,4.1,30,4,4,Performance
0,10,5.0,50,4,11,Software
1,9,3.0,54,3,23,Software
0,1,1.3,29,4,12,Documentation
0,11,3.2,97,3,7,Software
3,4,4.1,59,5,11,Firmware
4,2,6.4,100,2,21,Performance
10,1,3.3,59,2,7,Hardware
4,1,8.5,88,2,2,Performance
1,2,1.0,38,4,1,Documentation
6,3,3.1,85,5,1,Firmware
1,3,7.8,55,4,8,Security
0,3,1.0,37,4,4,Documentation
0,8,1.0,70,1,18,Software
11,1,3.3,15,3,16,Hardware
0,9,3.9,62,2,13,Software
1,2,3.3,89,2,19,Performance
6,2,4.0,49,4,11,Hardware
2,8,1.8,101,5,9,Software
8,2,4.1,34,4,17,Hardware
10,1,4.4,41,2,18,Hardware
2,7,4.4,52,2,6,Firmware
0,0,2.8,49,1,11,Firmware
2,4,8.3,87,3,5,Security
3,8,8.9,150,2,5,Performance
2,9,6.6,71,5,0,Performance
1,11,3.1,87,4,9,Software
1,4,7.5,60,3,22,Security
5,2,7.0,162,3,0,Performance
3,5,6.1,78,5,11,Firmware
1,10,3.6,76,3,8,Software
6,3,5.6,36,5,19,Firmware
3,1,2.6,16,4,12,Hardware
1,1,1.0,40,4,23,Documentation
1,6,5.7,68,4,14,Software
1,2,8.4,65,4,21,Security
0,9,1.7,88,3,21,Software
4,0,4.0,21,4,21,Firmware
0,1,1.0,24,2,15,Documentation
1,5,6.4,111,5,23,Performance
2,10,5.3,63,5,13,Software
2,3,4.3,72,4,3,Firmware
5,2,6.7,95,4,4,Performance
3,3,5.4,43,2,18,Firmware
0,10,4.1,48,3,18,Software
0,4,1.1,21,3,4,Documentation
2,5,3.2,63,2,4,Firmware
6,2,2.6,25,3,8,Hardware
12,1,2.9,27,2,13,Hardware
0,2,1.0,44,2,7,Documentation
2,11,2.2,88,5,21,Software
2,5,4.8,75,4,20,Firmware
1,1,1.0,15,1,4,Documentation
0,4,5.8,114,1,9,Performance
0,6,6.4,93,1,19,Performance
6,1,3.4,38,3,4,Hardware
0,7,2.5,134,5,21,Software
1,1,1.0,20,3,6,Documentation
1,7,3.7,86,3,14,Software
2,5,3.4,77,2,12,Firmware
5,0,7.7,106,3,1,Performance
1,8,3.6,92,2,0,Software
0,5,3.2,59,2,13,Software
4,5,2.7,42,2,4,Firmware
2,10,4.2,85,2,16,Software
3,3,4.0,57,1,7,Firmware
4,6,5.0,106,2,4,Performance
3,1,4.5,31,4,18,Firmware
0,11,4.7,57,1,17,Software
0,1,5.6,75,5,15,Performance
0,9,2.7,63,2,8,Software
2,3,7.4,122,5,3,Performance
0,11,1.8,78,3,13,Software
7,1,4.5,45,1,6,Hardware
4,2,7.6,45,4,9,Performance
7,0,3.2,41,1,9,Hardware
6,5,4.3,76,1,15,Firmware
8,1,2.9,66,1,12,Hardware
8,1,1.1,62,4,15,Hardware
7,1,3.7,25,2,11,Hardware
2,7,3.8,76,1,5,Software
9,2,3.2,46,5,9,Hardware
2,5,2.5,43,4,10,Firmware
1,0,8.4,104,3,9,Performance
1,0,1.8,10,5,2,Documentation
4,2,5.9,20,5,11,Performance
9,2,4.1,46,4,22,Hardware
4,4,2.9,11,1,11,Performance
1,9,1.0,125,3,19,Software
7,0,1.8,42,4,20,Hardware
0,9,3.1,113,3,7,Software
2,11,2.1,44,3,6,Software
2,8,4.2,56,5,22,Software
1,7,2.5,73,4,8,Software
2,1,1.7,46,4,16,Documentation
9,0,4.4,12,1,9,Hardware
3,0,5.2,108,5,4,Performance
0,1,4.0,73,1,19,Firmware
2,3,8.9,86,4,19,Security
7,1,1.0,41,4,15,Hardware
6,0,5.3,110,2,13,Performance
1,1,1.0,37,1,16,Documentation
2,3,5.3,89,4,3,Performance
7,0,3.3,87,3,15,Hardware
5,6,4.2,73,5,5,Firmware
3,2,5.0,78,4,14,Firmware
0,2,1.0,0,5,14,Documentation
10,0,1.0,48,3,19,Hardware
8,0,2.0,54,1,14,Hardware
5,4,4.0,67,1,2,Firmware
0,7,2.0,78,3,19,Software
7,1,2.9,28,4,13,Hardware
1,12,3.0,128,3,9,Software
5,1,1.5,35,2,8,Hardware
1,7,2.1,141,2,0,Software
7,1,2.5,43,3,19,Hardware
0,2,1.0,19,5,6,Documentation
3,4,7.5,101,1,20,Security
9,2,2.2,52,2,4,Hardware
1,1,1.0,33,3,13,Documentation
0,10,3.3,73,5,19,Software
9,0,2.1,28,1,19,Hardware
1,9,2.5,86,1,5,Software
0,7,3.4,126,2,1,Software
2,0,2.8,57,3,3,Firmware
11,2,3.0,45,2,6,Hardware
0,4,3.3,82,2,7,Software
0,10,2.2,67,1,0,Software
0,10,3.5,115,5,22,Software
1,3,9.5,76,1,22,Security
2,2,1.8,24,2,6,Documentation
6,1,2.5,54,4,1,Hardware
1,8,8.3,52,2,7,Security
2,4,7.0,52,4,9,Security
0,5,7.6,60,3,21,Security
0,3,2.8,53,3,17,Firmware
0,7,1.8,75,3,16,Software
1,4,8.8,74,4,18,Security
3,4,9.3,63,3,17,Security
1,3,1.2,39,3,15,Documentation
2,8,9.1,32,2,22,Security
7,0,1.9,49,2,6,Hardware
0,4,8.6,68,2,15,Security
0,3,1.0,40,2,3,Documentation
1,3,7.3,56,2,10,Security
0,1,1.0,47,1,21,Documentation
4,1,2.1,56,1,13,Hardware
9,1,3.1,26,3,19,Hardware
0,9,4.0,95,2,2,Software
3,4,6.8,122,2,13,Performance
6,0,2.4,5,2,23,Hardware
6,0,2.8,81,1,16,Hardware
3,0,5.1,45,1,22,Performance
0,2,1.4,56,1,17,Documentation
0,7,5.1,74,1,12,Software
0,12,4.6,55,3,4,Software
9,0,2.1,59,5,6,Hardware
12,2,2.8,47,1,4,Hardware
4,6,4.5,51,3,19,Firmware
2,1,1.0,42,4,4,Documentation
1,2,1.0,3,3,6,Documentation
0,7,4.0,63,4,22,Software
3,6,8.3,92,4,9,Security
0,2,1.0,4,5,9,Documentation
6,9,2.6,46,1,14,Firmware
0,10,4.1,74,2,3,Software
0,9,1.0,58,5,8,Software
1,8,2.2,78,3,14,Software
1,8,3.5,94,3,11,Software
1,0,6.8,5,3,19,Security
0,4,6.8,120,2,15,Performance
3,7,4.2,44,3,18,Firmware
9,0,4.0,29,4,3,Hardware
0,0,1.6,45,5,16,Documentation
1,7,7.6,87,4,18,Security
5,2,3.4,17,3,2,Hardware
2,7,1.9,79,1,16,Software
1,8,8.0,68,2,9,Security
3,3,1.0,52,5,11,Documentation
0,8,1.4,115,3,6,Software
2,4,9.0,45,1,19,Security
0,5,1.0,31,1,17,Documentation
5,7,5.7,72,1,19,Performance
1,0,1.3,39,5,0,Documentation
0,10,1.9,78,1,8,Software
0,1,6.5,110,5,19,Performance
11,0,4.3,79,4,6,Hardware
5,1,4.6,45,2,6,Hardware
2,2,1.0,29,1,11,Documentation
0,8,3.8,34,5,11,Software
1,11,1.6,52,4,20,Software
1,8,2.0,76,3,1,Software
2,5,9.6,53,4,0,Security
3,6,4.7,64,5,12,Firmware
1,3,7.0,98,3,21,Security
2,4,4.4,99,4,17,Firmware
2,1,3.5,58,1,16,Firmware
5,4,6.7,99,1,23,Performance
2,4,8.7,122,3,5,Security
0,3,1.0,25,1,1,Documentation
2,5,5.0,79,5,11,Firmware
5,0,3.8,45,3,21,Hardware
0,4,1.0,63,1,17,Documentation
4,2,8.3,61,3,5,Performance
5,4,7.1,119,1,8,Performance
1,5,7.9,85,3,12,Security
8,1,3.6,31,5,21,Hardware
0,4,3.5,62,4,6,Performance
0,5,5.6,28,1,18,Firmware
4,6,3.1,21,1,14,Firmware
4,0,3.0,68,3,3,Hardware
4,7,3.8,16,1,20,Firmware
8,1,3.3,62,5,3,Hardware
7,1,3.0,76,5,5,Hardware
3,5,4.7,44,1,2,Firmware
3,0,1.7,74,1,18,Hardware
4,2,4.5,90,3,23,Performance
4,2,3.1,73,2,19,Firmware
3,3,8.3,152,5,22,Performance
0,4,6.1,94,1,11,Performance
1,4,5.0,156,3,18,Performance
4,3,5.6,139,1,14,Performance
1,7,4.7,70,2,8,Software
2,1,1.0,24,4,15,Documentation
4,6,4.2,46,4,8,Firmware
5,3,2.9,98,1,22,Firmware
2,7,3.8,83,4,12,Software
1,1,1.1,43,3,10,Documentation
0,3,8.4,66,5,8,Security
0,9,3.9,69,4,11,Software
2,10,3.0,74,2,12,Software
4,3,4.7,18,3,14,Firmware
1,10,7.3,62,5,2,Security
3,5,4.5,140,1,7,Performance
0,9,3.6,10,4,6,Software
1,5,7.4,47,1,2,Security
4,6,4.7,91,5,13,Firmware
1,8,1.7,87,1,13,Software
3,3,8.8,108,2,5,Performance
5,0,3.2,64,3,5,Hardware
9,1,3.0,45,2,17,Hardware
0,10,1.7,86,4,0,Software
10,0,2.7,19,1,9,Hardware
4,3,2.7,84,3,0,Firmware
5,0,3.6,52,1,2,Hardware
0,7,7.9,54,3,9,Security
4,1,1.9,54,1,19,Hardware
6,6,4.2,83,3,8,Firmware
6,0,3.2,30,3,9,Hardware
0,0,7.5,158,1,6,Performance
0,0,1.1,23,4,16,Documentation
9,1,2.8,32,3,13,Hardware
4,2,4.0,100,1,1,Performance
7,1,5.4,41,4,12,Hardware
5,5,3.3,79,1,23,Firmware
1,3,2.8,39,2,3,Firmware
3,4,6.6,117,5,17,Performance
1,10,4.1,84,2,2,Software
0,9,2.4,95,1,15,Software
0,2,1.3,30,3,11,Documentation
1,2,9.1,76,1,9,Security
0,8,2.8,112,4,16,Software
8,3,4.5,44,2,15,Hardware
7,1,3.9,31,4,4,Hardware
3,6,4.0,63,1,5,Firmware
0,9,3.3,80,2,4,Software
7,3,3.8,14,5,11,Firmware
9,0,2.3,57,1,20,Hardware
9,0,1.0,60,1,8,Hardware
3,1,6.5,103,3,3,Performance
2,10,4.5,98,4,14,Software
1,6,7.6,103,5,18,Security
8,0,2.5,29,3,3,Hardware
9,2,3.0,40,2,6,Hardware
5,1,3.0,33,2,3,Hardware
9,0,1.0,72,4,10,Hardware
9,0,5.5,46,1,20,Hardware
1,1,1.0,17,4,10,Documentation
0,5,4.8,26,3,2,Firmware
11,1,1.6,80,3,1,Hardware
3,3,3.4,42,5,8,Firmware
6,3,4.1,11,5,2,Firmware
5,3,7.3,142,1,7,Performance
2,11,2.6,51,5,13,Software
2,6,5.2,64,2,19,Software
1,1,1.4,28,4,21,Documentation
3,0,3.8,27,2,4,Firmware
4,6,4.8,91,2,8,Firmware
3,5,8.5,93,5,16,Security
5,5,4.2,51,5,12,Firmware
0,8,1.9,116,3,9,Software
1,11,4.1,50,4,16,Software
2,1,5.9,106,3,6,Performance
2,5,2.3,71,2,18,Firmware
9,3,4.1,64,2,22,Hardware
1,6,4.5,47,5,2,Firmware
1,5,7.7,55,5,1,Security
0,5,9.6,41,3,0,Security
1,4,9.9,62,2,2,Security
0,2,8.3,56,2,7,Security
0,9,2.4,38,2,11,Software
0,6,5.1,148,1,23,Performance
2,3,4.4,71,3,20,Performance
0,7,3.3,88,4,17,Software
2,1,6.2,96,3,5,Performance
3,2,4.0,53,1,1,Firmware
3,4,4.3,74,3,1,Firmware
6,0,5.4,26,4,19,Hardware
6,5,4.2,77,4,6,Firmware
2,4,4.3,80,3,8,Firmware
4,1,3.9,95,3,11,Performance
1,11,3.8,70,5,15,Software
10,0,4.6,32,5,17,Hardware
4,6,3.5,58,2,13,Firmware
1,0,1.4,33,4,6,Documentation
1,8,3.1,67,4,4,Software
1,8,2.0,112,1,14,Software
2,6,7.9,123,2,23,Security
1,6,4.1,15,4,19,Software
8,0,3.6,28,4,1,Hardware
3,0,8.1,83,3,17,Performance
1,6,7.7,103,5,4,Security
2,5,1.8,152,2,16,Software
0,2,5.4,91,4,0,Performance
0,4,6.3,112,5,6,Performance
9,2,4.2,84,3,9,Hardware
1,0,1.3,28,2,22,Documentation
0,10,4.7,82,1,10,Firmware
2,2,1.0,43,4,14,Documentation
6,0,2.8,36,1,23,Firmware
2,5,8.5,48,1,3,Security
5,1,4.3,64,3,12,Firmware
5,2,1.6,44,4,16,Hardware
3,4,5.1,60,4,21,Firmware
0,4,5.8,55,3,20,Firmware
3,9,2.4,70,5,19,Software
8,0,1.9,30,4,18,Hardware
3,3,3.1,68,1,4,Performance
1,13,2.1,94,5,1,Software
3,1,5.7,70,2,20,Firmware
4,2,5.0,88,5,21,Performance
0,11,3.3,92,5,11,Software
8,5,5.2,41,3,13,Firmware
2,4,7.6,57,2,4,Security
0,2,1.1,67,4,2,Documentation
9,0,4.6,74,2,18,Hardware
7,2,5.8,77,2,15,Firmware
4,4,2.5,81,5,1,Performance
3,0,6.9,116,5,15,Performance
7,2,1.8,51,1,3,Hardware
1,4,3.1,36,1,12,Firmware
2,8,5.3,88,2,20,Software
0,1,1.0,28,1,12,Documentation
0,6,3.1,108,1,20,Firmware
1,3,5.2,54,5,17,Firmware
1,8,3.3,65,2,14,Software
0,1,2.1,0,2,1,Documentation
1,11,2.7,72,4,9,Software
4,2,5.8,111,4,13,Performance
2,6,1.8,88,2,14,Software
1,10,4.7,82,1,1,Software
0,2,1.0,17,4,15,Documentation
0,3,6.6,35,2,19,Security
0,5,6.5,64,5,14,Security
5,0,8.0,87,3,13,Performance
6,0,3.2,65,3,21,Hardware
0,1,1.0,10,4,1,Documentation
2,5,7.3,56,2,7,Security
0,10,3.0,95,5,22,Software
0,1,1.0,55,2,14,Documentation
10,0,3.8,43,1,21,Hardware
1,9,2.2,61,1,19,Software
6,2,5.3,43,5,8,Firmware
2,8,8.2,130,5,8,Security
0,2,7.6,99,2,22,Security
2,2,5.1,140,3,16,Performance
0,8,2.3,83,4,10,Software
1,2,1.0,16,1,13,Documentation
7,0,3.6,50,4,18,Hardware
8,2,3.6,0,5,15,Hardware
2,7,6.0,32,5,3,Performance
1,8,3.2,95,2,3,Software
1,2,1.0,34,4,21,Documentation
0,9,2.7,95,4,8,Software
7,2,2.8,38,2,22,Hardware
10,0,3.8,60,2,0,Hardware
8,0,3.2,48,5,16,Hardware
13,0,3.1,84,5,21,Hardware
6,1,1.8,23,5,7,Hardware
1,3,8.8,64,5,16,Security
6,4,3.4,66,5,20,Firmware
0,4,5.8,134,5,18,Performance
2,6,4.4,57,1,3,Firmware
8,1,1.7,41,4,13,Hardware
10,3,3.8,23,3,22,Hardware
10,0,3.0,69,4,22,Hardware
0,10,2.3,100,4,14,Software
0,10,1.2,36,4,9,Software
5,0,3.8,77,3,17,Hardware
1,0,10.0,72,1,20,Security
6,0,4.8,43,4,14,Hardware
0,9,3.6,97,2,23,Software
5,5,6.1,25,3,3,Performance
1,0,4.3,41,4,22,Firmware
0,5,3.2,81,3,15,Software
2,11,4.4,61,3,2,Software
8,0,3.0,31,3,12,Hardware
5,0,4.1,99,5,3,Firmware
1,12,5.0,92,3,14,Software
9,0,4.1,38,5,23,Hardware
3,7,10.0,86,3,14,Security
2,7,2.9,68,4,1,Firmware
2,4,4.2,117,2,16,Firmware
0,10,4.9,58,2,9,Software
4,2,5.0,75,1,3,Firmware
1,2,6.2,65,3,15,Security
3,4,7.5,124,2,1,Performance
10,1,3.5,38,3,0,Hardware
9,1,2.7,40,5,20,Hardware
7,1,3.4,60,2,8,Hardware
6,1,4.5,73,4,0,Firmware
5,6,4.7,187,5,14,Performance
2,4,3.8,107,2,14,Performance
0,7,3.4,54,5,20,Software
0,2,1.0,27,3,0,Documentation
0,2,5.7,138,3,23,Performance
1,2,1.0,10,2,5,Documentation
1,0,1.5,25,5,10,Documentation
1,9,3.4,36,3,10,Software
0,3,1.0,36,5,15,Documentation
0,3,8.3,65,1,4,Security
2,1,8.5,142,5,4,Performance
2,1,7.7,105,4,19,Security
8,1,2.9,16,4,14,Hardware
1,3,5.9,92,5,20,Firmware
3,6,3.4,40,1,19,Firmware
8,1,3.3,63,3,22,Hardware
12,0,3.8,28,5,21,Hardware
7,3,3.3,56,1,18,Hardware
1,3,1.0,20,1,10,Documentation
4,4,4.0,37,4,7,Firmware
3,1,9.0,81,3,6,Security
3,0,4.7,67,2,20,Firmware
0,2,1.5,18,4,18,Documentation
7,1,4.1,91,4,16,Hardware
10,0,2.4,61,3,3,Hardware
0,9,2.2,69,1,16,Software
6,0,6.0,39,2,20,Hardware
4,2,4.9,46,4,13,Firmware
4,4,4.5,62,2,9,Firmware
3,5,3.9,72,1,10,Firmware
8,0,1.1,56,1,9,Hardware
0,5,3.5,104,1,1,Software
6,6,6.8,122,5,23,Performance
0,11,1.0,81,4,5,Software
0,6,3.7,62,2,10,Software
3,2,8.8,33,5,9,Security
1,9,4.4,20,3,7,Software
1,2,8.0,56,2,18,Security
3,5,7.4,77,1,3,Security
5,1,3.4,36,2,17,Hardware
2,7,8.4,68,4,11,Security
9,0,4.6,8,3,9,Hardware
5,1,4.3,53,1,23,Hardware
0,12,2.3,96,3,12,Software
4,1,1.8,81,1,14,Hardware
2,2,1.0,13,5,17,Documentation
0,9,2.5,32,2,20,Software
3,2,6.1,93,5,16,Performance
4,2,5.8,138,1,9,Performance
7,0,4.0,10,4,9,Hardware
2,8,2.7,84,2,6,Software
6,1,3.5,0,4,12,Hardware
0,1,1.0,31,5,13,Documentation
0,1,1.8,21,4,14,Documentation
3,4,7.7,46,4,11,Performance
7,0,3.3,16,4,6,Hardware
0,9,3.9,129,5,21,Software
1,5,3.8,142,2,11,Software
0,1,1.2,45,5,11,Documentation
2,9,3.6,90,5,12,Software
1,3,3.7,73,1,5,Performance
1,10,4.4,57,4,17,Software
4,1,3.3,46,1,16,Hardware
7,0,3.7,60,2,5,Hardware
1,5,4.2,63,4,19,Firmware
7,3,5.9,19,5,19,Firmware
0,10,2.9,55,2,0,Software
2,1,8.6,90,1,1,Security
3,2,2.3,12,2,4,Documentation
5,1,1.4,53,2,23,Hardware
1,4,8.5,106,1,0,Security
0,2,7.6,109,2,10,Security
0,10,1.7,111,5,1,Software
6,5,4.2,62,3,1,Firmware
0,6,4.1,128,3,6,Software
4,5,3.1,38,4,22,Firmware
2,9,2.7,105,1,16,Software
0,13,5.3,77,3,19,Software
0,7,4.1,64,5,13,Software
0,6,4.1,44,3,16,Software
4,2,5.1,88,1,16,Performance
9,0,3.2,44,3,20,Hardware
2,1,5.5,80,3,20,Performance
6,0,2.0,49,2,10,Hardware
6,1,6.4,102,3,21,Performance
3,8,6.8,56,5,22,Security
1,10,4.4,72,2,11,Software
5,2,5.8,140,5,12,Performance
8,1,2.2,45,1,23,Hardware
0,5,5.5,0,5,18,Software
7,2,1.6,0,4,10,Hardware
3,3,7.0,67,5,22,Firmware
0,8,3.2,82,3,17,Software
1,11,3.6,53,3,9,Software
2,8,7.2,46,1,9,Security
1,1,6.1,47,5,4,Firmware
3,3,6.5,53,2,18,Security
8,0,3.5,44,1,18,Hardware
6,1,4.3,103,1,7,Performance
2,2,4.0,42,5,7,Firmware
0,1,1.6,25,2,19,Documentation
0,8,4.4,142,4,3,Software
3,0,4.9,76,1,12,Performance
0,10,1.4,146,3,1,Software
3,6,2.7,38,4,15,Firmware
3,0,6.7,152,2,9,Performance
1,3,1.0,31,3,21,Documentation
9,2,4.6,55,2,9,Hardware
1,9,3.0,98,1,10,Software
1,10,3.2,23,3,5,Software
0,7,2.0,130,3,5,Software
11,2,3.5,41,1,10,Hardware
2,10,4.4,116,2,3,Software
7,0,5.1,85,5,22,Performance
4,0,6.9,14,1,4,Performance
0,0,1.3,9,3,3,Documentation
8,1,3.5,47,2,16,Hardware
2,5,5.2,83,4,15,Firmware
2,8,4.0,64,1,5,Software
0,10,3.6,85,3,3,Software
1,6,4.2,86,2,12,Software
0,3,5.2,88,1,4,Performance
2,3,3.7,62,2,8,Firmware
2,0,8.4,87,3,2,Security
3,7,4.6,55,1,1,Firmware
0,9,2.5,93,2,8,Software
1,4,6.9,150,1,19,Performance
0,1,1.0,47,5,9,Documentation
3,3,4.2,53,4,10,Firmware
11,0,4.9,66,4,10,Hardware
1,10,2.6,39,3,4,Software
1,0,1.0,0,3,19,Documentation
2,4,1.4,64,2,4,Firmware
2,1,7.4,96,3,12,Security
4,3,3.2,75,5,10,Firmware
1,4,7.9,66,2,18,Security
1,5,3.6,49,5,7,Firmware
2,3,6.2,76,2,20,Performance
5,9,5.5,79,4,14,Firmware
4,4,5.9,60,4,5,Firmware
1,5,6.0,0,5,10,Performance
4,3,3.3,68,2,13,Firmware
1,7,8.8,80,1,21,Security
5,6,5.9,54,2,14,Performance
0,8,3.3,102,5,2,Software
9,0,1.9,36,2,7,Hardware
2,7,6.7,26,1,9,Security
5,2,3.7,62,2,3,Hardware
1,8,3.5,118,2,11,Software
1,6,1.4,76,4,21,Software
0,2,1.1,56,3,11,Documentation
0,10,2.1,79,2,4,Software
1,0,7.3,194,1,17,Performance
0,1,7.3,92,5,2,Performance
0,4,9.0,74,2,15,Security
7,4,3.7,98,3,10,Firmware
2,1,7.0,90,5,17,Performance
6,0,5.0,45,2,1,Hardware
9,0,1.6,23,2,2,Hardware
11,0,4.8,80,3,14,Hardware
1,10,2.7,100,3,15,Software
7,0,3.3,48,3,11,Hardware
8,0,4.2,54,3,16,Hardware
4,1,4.3,50,5,2,Firmware
5,0,2.6,59,1,9,Hardware
2,4,7.1,109,3,12,Security
0,8,3.6,73,2,11,Software
2,9,2.3,70,4,17,Firmware
5,4,3.7,39,4,12,Firmware
8,1,2.4,57,1,18,Hardware
1,5,4.4,79,4,8,Performance
3,3,5.0,73,3,13,Firmware
2,0,2.3,47,2,5,Firmware
0,2,1.0,51,5,13,Documentation
6,1,3.5,37,5,10,Hardware
2,4,5.5,36,5,17,Performance
0,11,2.5,76,3,19,Software
6,0,2.7,114,5,17,Firmware
1,6,3.0,134,3,12,Software
2,12,1.9,96,3,15,Software
1,3,8.7,82,2,1,Security
0,11,1.7,95,2,21,Software
0,4,3.1,118,2,11,Performance
2,9,2.2,101,4,15,Software
2,1,1.0,40,5,11,Documentation
8,2,1.5,7,5,8,Hardware
0,0,1.0,39,3,5,Documentation
0,7,3.3,120,2,17,Software
9,0,2.1,84,3,3,Hardware
9,2,3.9,16,3,12,Hardware
2,8,1.0,114,3,4,Software
0,6,5.2,150,1,3,Performance
1,11,3.0,64,4,17,Software
0,9,3.0,47,1,15,Software
4,8,3.1,22,2,8,Firmware
3,1,6.9,144,5,15,Performance
7,0,1.6,33,2,6,Hardware
1,5,9.4,105,4,10,Security
8,0,3.8,9,3,11,Hardware
1,4,8.8,157,1,5,Performance
12,0,1.0,44,5,8,Hardware
3,5,2.9,72,3,13,Software
1,10,2.0,56,2,8,Software
0,7,2.4,90,2,11,Software
0,1,6.2,115,2,8,Performance
2,3,3.5,66,2,2,Firmware
0,4,3.5,106,5,12,Software
0,8,3.0,86,4,15,Software
1,3,1.0,35,1,6,Documentation
7,0,2.2,49,5,22,Hardware
0,3,1.0,31,4,8,Documentation
7,2,4.1,51,1,16,Hardware
1,8,4.5,44,1,5,Software
0,12,2.9,66,3,2,Software
7,0,3.4,63,4,10,Hardware
6,0,2.3,44,3,9,Hardware
1,1,7.6,134,5,7,Performance
3,3,2.4,116,3,9,Firmware
6,0,3.8,32,4,22,Hardware
9,0,3.7,54,5,23,Hardware
5,0,4.3,81,2,9,Performance
1,3,1.0,31,2,1,Documentation
1,8,3.8,23,2,19,Software
1,1,1.0,24,3,21,Documentation
1,3,9.1,41,3,3,Security
0,4,2.2,74,4,5,Software
3,3,5.6,45,4,20,Firmware
0,12,4.1,98,1,21,Software
4,1,5.3,36,2,13,Firmware
1,3,8.6,72,3,22,Security
11,2,3.9,79,4,14,Hardware
2,2,3.5,3,5,8,Performance
1,6,3.4,49,4,4,Software
6,1,2.1,72,5,12,Hardware
7,0,4.2,43,1,16,Hardware
3,8,8.1,78,5,11,Security
1,2,4.2,90,4,0,Performance
0,1,1.2,12,3,7,Documentation
0,9,2.2,110,5,18,Software
7,1,3.9,45,2,10,Hardware
1,10,5.3,41,2,2,Software
0,11,3.0,74,3,3,Software
10,0,2.7,37,5,7,Hardware
0,0,6.7,77,2,13,Performance
4,2,4.9,60,5,5,Firmware
6,0,2.7,41,4,12,Hardware
0,3,1.0,14,5,10,Documentation
5,1,2.7,31,5,17,Hardware
2,3,1.0,26,5,20,Documentation
1,7,2.5,59,2,22,Software
5,0,2.7,39,2,15,Hardware
2,2,1.0,39,3,23,Documentation
4,4,3.8,91,2,4,Firmware
5,4,4.2,112,1,5,Performance
1,2,1.2,22,2,7,Documentation
2,8,3.7,94,2,22,Software
0,1,1.0,57,2,7,Documentation
1,4,4.6,47,5,1,Firmware
2,6,8.5,40,2,7,Security
0,3,1.2,41,3,14,Documentation
3,0,3.2,46,3,4,Firmware
5,0,3.5,47,3,23,Hardware
5,5,5.8,100,2,14,Firmware
0,13,3.7,34,2,2,Software
4,1,2.6,54,3,15,Hardware
4,6,3.8,66,3,8,Firmware
0,8,2.7,105,5,12,Software
8,1,1.7,38,1,15,Hardware
0,3,6.8,70,3,10,Performance
4,1,4.8,45,2,14,Hardware
6,1,1.5,41,5,11,Hardware
6,2,4.1,78,3,16,Hardware
1,9,3.0,126,3,10,Software
0,10,1.3,74,5,13,Software
1,4,4.2,53,3,0,Firmware
3,9,3.0,69,3,7,Software
2,2,5.9,43,4,19,Performance
4,1,2.0,85,3,7,Firmware
2,10,2.1,102,2,2,Software
0,12,2.5,101,4,17,Software
0,4,2.9,72,5,16,Firmware
9,1,5.1,67,4,0,Hardware
1,9,1.0,40,5,9,Software
0,2,1.0,21,1,6,Documentation
7,1,2.5,62,4,7,Hardware
2,8,7.7,108,3,0,Security
6,1,2.3,19,4,20,Hardware
4,2,5.4,83,2,14,Performance
7,0,4.8,60,2,0,Hardware
12,0,5.0,69,5,10,Hardware
1,1,1.5,40,3,6,Documentation
1,1,1.0,0,3,13,Documentation
10,1,2.6,4,3,4,Hardware
0,3,8.1,109,5,21,Security
2,3,8.7,162,1,4,Security
2,7,6.9,100,3,22,Security
1,10,2.2,65,1,19,Software
1,1,1.7,36,3,1,Documentation
0,10,1.4,119,1,21,Software
4,1,3.1,14,2,19,Hardware
2,9,7.8,93,3,16,Security
4,2,5.6,16,2,17,Firmware
1,1,1.0,58,3,13,Documentation
9,1,5.4,21,4,15,Hardware
1,1,1.0,17,2,4,Documentation
8,0,4.4,31,3,11,Hardware
9,2,3.1,30,5,12,Hardware
6,2,4.3,46,4,6,Firmware
1,1,4.4,33,2,15,Firmware
5,1,2.7,68,5,4,Firmware
3,5,4.6,123,2,2,Performance
1,9,3.6,89,5,3,Software
11,1,2.5,39,1,13,Hardware
1,7,5.4,32,3,9,Software
2,6,7.3,38,1,3,Security
4,5,4.2,98,5,8,Performance
0,2,1.9,38,1,19,Documentation
0,5,3.3,60,3,8,Software
1,8,9.6,69,2,10,Security
2,1,8.1,159,2,21,Performance
7,6,4.0,54,5,2,Firmware
0,1,1.0,36,3,21,Documentation
4,5,4.4,102,3,20,Performance
2,7,2.0,90,2,8,Software
8,2,3.3,57,2,15,Hardware
1,8,3.7,67,3,19,Software
2,3,6.2,56,2,21,Performance
0,13,2.3,56,4,20,Software
0,10,3.5,58,2,12,Software
0,10,2.4,107,4,3,Software
0,4,8.4,45,4,15,Security
3,0,3.3,45,3,23,Firmware
2,10,2.8,105,3,1,Software
1,3,1.5,8,4,18,Documentation
3,1,7.4,177,2,2,Performance
2,12,4.5,52,3,3,Software
3,5,4.2,64,1,11,Firmware
0,4,7.2,162,3,20,Performance
4,4,5.4,74,1,21,Firmware
0,7,2.7,85,5,2,Software
4,5,4.6,89,4,8,Performance
1,2,1.0,25,2,1,Documentation
0,9,3.0,88,4,14,Software
6,1,3.3,41,1,12,Performance
0,8,3.2,107,5,0,Software
9,0,1.0,68,1,8,Hardware
0,7,2.5,92,5,11,Software
0,4,5.2,150,4,23,Performance
5,3,4.9,43,2,5,Hardware
2,1,8.4,134,2,14,Performance
1,8,3.7,83,4,5,Software
1,13,2.9,91,2,2,Software
5,4,6.4,113,1,2,Performance
0,1,1.0,70,2,21,Documentation
0,13,1.7,102,3,13,Software
3,3,3.7,108,3,22,Firmware
0,5,4.9,64,5,18,Firmware
1,1,1.0,0,2,10,Documentation
1,1,4.1,42,5,7,Firmware
0,2,1.2,22,3,17,Documentation
2,2,7.5,62,5,6,Security
1,4,9.1,111,1,22,Security
0,10,2.6,25,3,18,Software
9,0,4.8,75,1,23,Hardware
2,0,9.6,45,1,20,Performance
5,4,4.5,66,4,7,Firmware
0,5,5.7,99,3,6,Performance
1,6,4.2,38,3,3,Firmware
1,0,9.6,73,1,22,Security
4,3,7.3,87,3,19,Performance
3,1,1.1,22,1,16,Documentation
2,4,5.1,76,5,21,Performance
1,4,4.3,44,4,7,Firmware
2,4,9.4,83,2,1,Security
0,2,1.0,17,1,13,Documentation
1,6,4.1,145,1,1,Performance
11,0,2.7,11,5,8,Hardware
2,7,2.0,77,5,7,Software
0,8,3.1,61,3,4,Software
1,10,3.9,106,5,15,Software
0,1,1.1,21,4,22,Documentation
0,7,2.0,66,1,6,Software
0,4,7.0,52,5,11,Security
4,5,5.8,68,2,22,Security
1,3,3.8,39,2,19,Performance
9,0,2.8,56,3,19,Hardware
2,7,3.3,106,2,5,Software
2,2,3.8,128,1,10,Performance
1,8,4.2,45,4,23,Software
1,9,3.4,70,2,17,Software
2,1,5.4,83,5,5,Firmware
1,9,4.0,104,5,14,Software
5,3,10.0,78,5,5,Performance
1,12,3.1,89,1,16,Software
0,0,1.2,30,4,10,Documentation
2,3,5.0,14,5,17,Hardware
1,1,1.0,20,5,10,Documentation
1,7,1.3,16,1,11,Software
0,6,1.7,116,4,7,Software
5,0,2.6,27,5,18,Hardware
1,3,6.4,60,1,3,Security
0,10,4.4,52,4,0,Software
3,4,9.0,73,4,10,Security
3,1,3.5,161,3,14,Performance
0,1,1.1,37,5,18,Documentation
0,0,1.0,19,4,11,Documentation
1,1,6.7,136,5,11,Performance
3,4,4.9,71,5,10,Performance
0,9,3.1,48,5,10,Software
0,2,7.4,118,5,9,Performance
2,5,7.4,64,5,2,Security
7,1,5.2,121,3,5,Performance
7,5,2.3,50,2,7,Firmware
4,3,5.1,138,5,18,Performance
1,2,1.0,22,4,22,Documentation
1,7,3.0,100,4,17,Software
1,0,4.4,124,3,1,Performance
2,6,7.6,69,4,13,Security
1,8,3.9,32,5,6,Software
3,3,4.8,19,4,22,Firmware
2,8,3.6,66,4,19,Software
2,2,5.6,68,5,20,Firmware
2,4,4.8,141,3,10,Performance
0,11,2.5,4,5,12,Software
7,1,2.7,41,3,10,Hardware
1,8,2.6,44,5,6,Software
3,0,1.0,37,5,11,Documentation
3,4,4.4,140,1,23,Performance
3,3,6.9,187,2,14,Performance
0,0,1.9,7,2,9,Documentation
5,0,3.4,28,1,21,Hardware
10,0,2.4,40,2,7,Hardware
3,1,4.6,48,4,17,Hardware
0,10,3.8,61,2,1,Software
0,3,1.0,13,1,23,Documentation
0,7,3.2,93,2,19,Software
3,2,9.4,98,5,0,Performance
9,1,4.2,30,4,10,Hardware
3,5,5.4,73,1,21,Firmware
10,0,2.3,83,3,17,Hardware
0,2,1.3,3,3,16,Documentation
0,5,6.9,32,3,7,Security
1,8,3.6,89,1,2,Software
1,3,5.4,50,5,22,Firmware
7,0,3.5,67,3,23,Hardware
6,1,2.0,78,3,5,Hardware
5,1,6.8,58,4,23,Performance
0,2,5.9,66,2,2,Performance
7,1,3.0,51,5,14,Hardware
8,1,3.6,102,3,0,Firmware
6,0,3.6,49,2,14,Hardware
2,0,5.2,93,4,1,Performance
6,4,2.9,103,5,2,Firmware
0,9,3.6,117,4,16,Software
1,2,2.6,11,2,22,Firmware
7,1,5.8,78,1,15,Performance
5,5,3.5,60,1,19,Firmware
8,0,1.3,53,1,1,Hardware
2,12,2.7,76,2,2,Software
2,9,3.7,56,2,1,Software
2,5,3.4,134,3,21,Software
11,2,2.8,36,3,13,Hardware
0,8,2.3,105,5,22,Software
0,12,3.4,114,2,12,Software
4,5,5.5,103,5,11,Performance
0,9,3.0,129,2,17,Software
0,8,3.9,107,4,0,Software
10,0,2.7,18,4,16,Hardware
1,2,1.8,44,3,15,Documentation
7,0,2.6,66,3,12,Hardware
5,5,7.0,54,2,3,Performance
1,9,3.1,48,1,15,Software
7,0,4.1,83,2,13,Hardware
2,4,3.7,57,5,19,Firmware
0,7,1.8,81,1,22,Software
4,3,5.5,49,4,5,Firmware
5,6,8.5,128,3,1,Performance
5,8,7.3,64,3,6,Performance
5,0,2.3,52,1,0,Hardware
3,4,6.8,97,2,9,Performance
1,3,1.0,29,2,17,Documentation
6,4,3.7,72,4,15,Performance
0,1,1.1,16,5,1,Documentation
0,6,1.4,145,4,15,Software
2,5,2.2,74,4,0,Software
3,4,6.7,140,3,11,Performance
0,4,9.3,74,4,21,Security
2,6,5.1,37,1,13,Software
2,0,3.6,84,5,12,Firmware
4,2,4.3,62,2,20,Firmware
0,9,5.1,114,4,16,Software
8,2,2.8,63,3,4,Hardware
2,1,4.9,62,1,16,Performance
0,12,1.0,108,3,6,Software
0,10,2.3,47,4,9,Software
2,5,3.3,66,2,7,Software
1,9,2.9,84,2,18,Software
5,3,5.0,89,2,7,Firmware
0,3,1.0,33,4,20,Documentation
0,3,4.6,67,5,14,Performance
1,11,2.3,32,3,0,Software
1,11,2.2,119,1,1,Software
2,0,6.1,110,2,12,Performance
1,8,4.2,59,4,8,Software
2,9,2.6,51,1,19,Software
3,5,4.7,106,5,6,Firmware
5,0,3.6,64,3,1,Hardware
0,2,1.3,27,4,20,Documentation
2,5,4.9,146,5,6,Performance
0,2,1.0,17,2,16,Documentation
8,0,3.4,67,1,9,Hardware
2,4,7.7,63,3,18,Security
7,0,3.7,64,1,19,Hardware
2,8,1.0,95,5,12,Software
0,2,1.3,32,2,22,Documentation
1,11,2.8,85,4,12,Software
8,2,3.1,79,5,4,Hardware
0,7,2.0,85,5,20,Software
1,9,4.4,109,4,20,Software
1,7,1.6,111,2,1,Software
1,9,5.7,84,5,14,Software
1,1,1.0,14,1,13,Documentation
1,13,3.0,66,5,9,Software
10,0,4.2,29,5,5,Hardware
0,9,2.8,95,1,11,Software
3,2,2.9,81,5,10,Firmware
3,3,4.8,91,2,18,Firmware
9,1,2.9,50,1,8,Hardware
6,1,4.0,31,2,16,Firmware
6,1,2.0,18,5,12,Hardware
3,1,4.7,39,3,23,Hardware
6,2,4.1,34,2,13,Hardware
1,5,7.4,99,2,12,Security
1,4,8.3,76,5,19,Security
5,4,3.3,70,3,1,Firmware
11,2,1.8,25,1,6,Hardware
1,0,1.3,45,5,23,Documentation
3,5,4.9,46,5,19,Firmware
6,2,3.6,108,3,11,Firmware
7,0,2.8,44,1,9,Hardware
4,6,4.3,74,2,11,Firmware
0,2,1.0,44,3,21,Documentation
9,1,2.4,52,3,14,Hardware
10,2,2.7,57,1,9,Hardware
0,4,3.5,138,3,9,Performance
1,2,1.2,51,2,23,Documentation
8,2,3.7,19,4,3,Hardware
0,12,1.2,27,3,22,Software
5,1,1.0,17,3,0,Hardware
0,4,6.6,97,1,15,Performance
0,11,2.8,62,1,13,Software
0,11,4.4,30,4,10,Software
0,10,2.6,78,1,14,Software
2,6,7.4,108,1,11,Security
9,2,2.0,34,1,5,Hardware
0,5,4.6,39,1,20,Firmware
0,1,7.7,2,3,1,Security
9,1,2.3,28,3,4,Hardware
1,4,6.6,43,1,11,Security
5,4,2.5,147,4,22,Performance
1,10,4.0,90,5,10,Software
0,0,3.5,101,2,9,Firmware
6,0,3.9,53,2,16,Hardware
1,8,6.1,45,5,22,Security
0,3,9.7,73,2,22,Security
0,13,4.7,45,3,14,Software
0,7,4.0,126,2,20,Software
6,2,2.8,95,4,3,Performance
0,14,1.5,75,4,1,Software
6,0,3.0,41,3,8,Hardware
4,2,2.2,55,4,15,Hardware
1,9,4.1,57,5,19,Software
1,0,6.4,26,3,1,Performance
0,9,3.1,56,4,0,Software
10,1,3.4,37,4,8,Hardware
8,0,3.8,86,5,19,Hardware
4,3,7.0,72,2,14,Security
0,6,5.0,48,1,20,Software
2,6,7.1,57,5,18,Security
0,8,3.6,62,1,5,Software
0,1,1.2,39,3,21,Documentation
1,6,2.6,0,2,18,Firmware
0,10,2.4,81,2,14,Software
1,4,1.0,40,1,0,Documentation
1,5,5.3,74,5,1,Performance
3,3,6.2,102,5,18,Firmware
3,10,2.2,37,4,3,Software
4,5,6.8,63,4,13,Performance
5,0,2.7,48,1,12,Hardware
2,9,2.6,83,5,18,Software
0,7,3.6,77,4,0,Software
0,5,3.1,29,2,13,Performance
0,5,3.5,62,4,2,Firmware
0,9,4.3,90,4,15,Software
9,0,3.4,34,2,2,Hardware
1,3,4.8,63,1,20,Firmware
0,10,2.3,58,1,14,Software
0,7,3.3,108,4,13,Software
1,9,4.5,83,2,8,Software
1,5,9.9,108,3,23,Security
6,3,3.8,103,3,2,Firmware
0,2,1.2,30,4,4,Documentation
7,3,4.5,73,4,15,Firmware
4,3,4.7,52,5,6,Firmware
10,1,3.5,40,4,9,Hardware
1,10,4.3,172,1,8,Performance
5,1,7.3,75,4,3,Performance
0,9,4.8,87,3,8,Software
6,5,3.4,61,5,10,Firmware
1,9,3.8,101,5,7,Software
2,5,4.2,55,2,18,Firmware
0,8,1.6,71,1,17,Software
3,4,5.4,84,1,4,Performance
2,4,2.4,52,1,17,Firmware
5,2,1.0,71,1,0,Hardware
0,10,2.7,34,4,19,Software
5,5,5.1,75,1,18,Performance
0,1,1.5,32,2,10,Documentation
6,1,2.8,13,3,23,Hardware
0,6,2.8,60,5,9,Software
0,10,2.2,72,4,7,Software
2,5,3.0,64,1,21,Firmware
2,0,2.8,21,1,0,Firmware
0,7,9.1,104,2,14,Security
0,5,3.4,76,4,4,Firmware
2,3,3.3,86,4,4,Firmware
8,2,1.7,57,5,0,Hardware
2,0,2.1,34,1,5,Documentation
7,0,4.0,32,5,13,Hardware
1,3,1.0,14,3,22,Documentation
1,9,3.8,74,2,5,Software
10,1,4.4,109,4,17,Hardware
4,3,5.6,31,2,0,Firmware
5,3,5.1,39,5,11,Firmware
8,1,2.0,67,5,22,Hardware
2,5,4.7,94,1,5,Performance
4,1,4.8,71,4,8,Firmware
4,5,6.8,97,4,14,Performance
7,0,3.7,67,4,17,Firmware
8,0,1.7,62,1,0,Hardware
1,4,2.0,0,2,14,Documentation
1,9,2.3,88,1,4,Software
8,0,3.3,54,5,2,Hardware
4,6,4.7,61,1,13,Firmware
0,9,3.0,129,4,7,Software
3,9,1.0,123,3,3,Software
1,2,1.0,25,3,8,Documentation
5,7,5.6,9,4,6,Performance
3,4,6.6,67,5,17,Performance
5,0,3.0,56,4,16,Hardware
5,1,3.3,53,5,14,Hardware
0,2,1.0,0,5,16,Documentation
2,1,3.9,43,2,0,Firmware
3,3,4.2,135,5,8,Firmware
7,5,4.2,61,3,16,Firmware
1,1,10.0,84,1,20,Performance
6,3,5.2,160,5,14,Performance
2,8,3.1,87,5,6,Software
5,2,1.0,58,5,7,Hardware
4,0,2.2,40,4,22,Hardware
2,4,3.1,62,3,3,Firmware
6,3,3.7,86,3,13,Firmware
6,4,4.1,50,4,5,Firmware
3,3,1.0,24,4,1,Documentation
0,7,5.1,93,3,15,Software
0,6,3.9,90,5,1,Software
7,1,3.3,52,5,1,Hardware
8,5,2.3,52,4,19,Firmware
0,10,3.7,85,1,10,Software
0,11,4.6,87,4,9,Software
1,2,1.0,54,3,18,Documentation
0,5,6.6,58,1,4,Performance
12,0,2.6,18,2,13,Hardware
2,7,2.6,38,5,8,Firmware
4,0,4.0,114,4,13,Performance
0,11,2.8,83,4,6,Software
1,9,3.2,123,4,2,Software
2,9,2.7,25,1,17,Software
3,0,4.0,129,2,6,Performance
0,0,2.1,47,5,2,Documentation
9,0,3.2,63,5,17,Hardware
7,0,3.6,33,1,12,Hardware
0,4,6.8,41,5,13,Performance
0,8,2.8,111,3,12,Software
8,0,2.5,43,4,14,Hardware
2,0,2.3,62,2,11,Firmware
5,0,4.1,49,5,17,Hardware
1,10,2.1,33,1,0,Software
11,1,4.9,45,2,13,Hardware
2,4,8.0,82,1,20,Security
4,0,2.6,43,2,2,Hardware
0,1,1.0,6,2,9,Documentation
1,2,1.0,37,1,20,Documentation
3,4,8.5,86,3,7,Security
0,1,1.0,10,3,16,Documentation
2,5,10.0,63,1,23,Security
0,2,1.0,19,3,10,Documentation
3,0,6.7,59,5,13,Performance
4,5,4.3,19,4,15,Firmware
1,3,1.0,26,1,16,Documentation
4,0,7.2,122,5,8,Performance
11,0,2.6,75,2,14,Hardware
0,1,1.0,39,4,16,Documentation
2,1,1.0,27,5,3,Documentation
0,9,3.4,6,2,0,Software
1,11,2.8,38,4,3,Software
7,3,4.8,65,1,19,Firmware
1,12,1.4,55,4,0,Software
4,7,5.6,22,3,14,Firmware
2,4,4.5,51,4,5,Firmware
4,5,6.7,109,3,11,Performance
6,2,3.1,45,4,16,Hardware
5,2,3.5,150,4,5,Performance
0,5,5.2,110,1,11,Performance
0,9,3.1,91,4,3,Software
0,7,3.6,127,3,20,Software
1,9,3.4,48,1,17,Software
5,1,3.8,66,1,21,Firmware
5,8,3.4,8,5,15,Firmware
2,3,6.4,62,4,7,Security
0,1,1.0,32,1,5,Documentation
5,5,4.8,46,3,5,Firmware
3,1,4.8,61,3,4,Firmware
4,2,5.9,39,2,15,Performance
1,1,2.8,44,4,11,Firmware
0,9,2.2,64,1,21,Software
2,5,3.3,90,5,0,Firmware
0,11,1.8,64,4,15,Software
3,4,4.1,70,2,12,Performance
4,2,4.8,113,4,10,Performance
2,4,7.0,120,5,9,Performance
0,1,1.0,36,4,19,Documentation
7,0,2.0,67,2,17,Hardware
3,4,4.1,109,1,6,Performance
3,4,8.8,101,4,16,Performance
1,8,2.4,97,5,0,Software
6,0,2.9,0,4,13,Hardware
1,0,5.1,96,3,14,Firmware
4,1,8.4,93,2,23,Performance
1,4,8.9,42,3,3,Security
2,0,6.0,42,4,18,Performance
0,0,1.0,24,4,23,Documentation
0,0,1.1,26,1,14,Documentation
1,6,2.2,46,4,17,Software
6,2,6.3,25,2,11,Firmware
2,2,3.2,83,4,16,Hardware
9,1,6.5,67,4,8,Hardware
0,8,1.5,97,2,14,Software
5,7,4.2,65,3,2,Firmware
10,1,3.2,46,4,21,Hardware
0,9,3.4,85,2,7,Software
1,11,3.6,135,1,2,Software
11,1,2.9,48,2,3,Hardware
8,0,3.0,39,2,1,Hardware
8,2,3.5,57,4,11,Hardware
3,2,3.7,86,1,20,Firmware
0,10,3.3,90,1,12,Software
2,7,6.3,90,2,9,Security
3,5,2.0,69,3,6,Firmware
2,2,3.4,115,5,7,Firmware
8,0,4.4,55,5,6,Hardware
3,5,8.9,61,5,17,Security
1,7,7.2,43,4,1,Security
8,0,3.7,44,1,1,Hardware
7,1,2.5,47,5,13,Hardware
1,0,5.7,24,3,14,Performance
0,1,1.1,22,1,23,Documentation
1,5,3.7,102,2,16,Performance
1,9,3.0,131,5,7,Software
1,11,2.0,50,4,6,Software
10,1,1.3,36,4,5,Hardware
5,0,3.8,65,4,10,Hardware
1,2,1.0,20,2,12,Documentation
1,2,1.2,33,3,3,Documentation
0,13,4.9,84,3,8,Software
0,7,2.3,34,1,15,Software
4,0,2.9,85,2,20,Hardware
5,0,2.7,24,2,10,Hardware
4,1,2.6,57,5,1,Firmware
2,4,6.7,55,4,4,Performance
0,0,6.1,101,4,2,Performance
1,10,2.6,70,1,3,Software
1,7,2.3,47,2,12,Software
1,8,1.7,121,4,21,Software
0,0,1.0,24,3,23,Documentation
1,9,5.0,94,5,9,Software
5,7,3.8,74,5,0,Firmware
2,5,7.3,70,3,15,Security
1,7,2.7,143,2,5,Software
0,1,5.3,73,1,12,Performance
2,9,3.2,54,2,14,Software
3,2,5.3,49,3,21,Firmware
4,5,5.4,87,3,22,Performance
5,0,2.6,60,2,16,Hardware
7,1,3.2,81,5,5,Hardware
0,2,3.3,139,2,15,Performance
1,6,5.5,110,2,13,Software
2,8,1.4,80,1,9,Software
1,7,3.5,69,4,21,Software
5,5,3.9,59,2,4,Firmware
4,4,1.9,30,5,16,Firmware
5,0,1.3,43,3,16,Hardware
1,8,4.7,43,1,16,Software
8,1,3.3,30,4,14,Hardware
2,6,2.0,63,1,22,Firmware
4,3,5.6,111,5,12,Performance
1,0,1.1,61,4,15,Documentation
1,6,3.8,112,4,15,Software
1,10,2.6,63,1,17,Software
1,8,7.7,57,3,11,Security
3,1,3.1,60,1,21,Performance
3,3,5.1,75,1,7,Performance
8,4,3.1,10,4,14,Firmware
4,5,4.7,58,3,2,Firmware
2,4,5.6,113,2,9,Performance
13,0,1.9,42,4,10,Hardware
3,8,4.0,18,1,18,Software
3,2,3.7,58,2,6,Firmware
3,1,7.9,67,3,18,Security
0,0,6.7,84,1,8,Security
0,8,2.3,99,4,10,Software
2,2,6.9,67,5,4,Performance
4,5,4.5,69,5,5,Firmware
6,5,4.7,73,5,12,Firmware
0,6,1.6,67,2,4,Software
0,10,1.9,98,2,10,Software
1,8,2.6,115,2,14,Software
0,3,7.6,96,4,10,Security
1,1,1.0,34,2,6,Documentation
2,9,3.7,31,5,21,Software
6,0,4.2,34,4,23,Hardware
4,2,5.6,122,3,16,Performance
0,8,2.7,103,2,18,Software
1,3,1.0,25,2,2,Documentation
1,10,1.3,88,3,7,Software
3,5,4.7,95,4,8,Firmware
1,6,4.4,94,1,14,Software
5,1,1.3,77,2,9,Hardware
3,3,6.6,150,4,16,Performance
11,0,2.4,40,2,12,Hardware
5,2,4.5,79,4,9,Firmware
0,0,3.7,32,3,19,Firmware
0,1,1.3,15,3,15,Documentation
5,0,3.1,23,2,4,Hardware
2,0,6.6,59,2,5,Security
3,3,4.2,116,1,13,Firmware
0,0,4.9,78,5,2,Performance
0,8,3.4,78,3,23,Software
5,7,3.9,47,4,19,Firmware
1,4,4.3,27,4,20,Firmware
1,6,1.7,81,3,19,Software
8,0,3.6,38,1,17,Hardware
0,7,3.8,53,1,18,Software
2,9,3.9,78,5,13,Software
0,8,1.7,72,1,16,Software
0,2,1.0,12,1,16,Documentation
5,5,7.2,118,5,2,Performance
0,7,2.9,105,4,8,Software
3,3,4.0,27,1,10,Firmware
0,10,2.7,75,3,21,Software
1,5,4.0,94,1,21,Software
0,1,1.3,4,4,5,Documentation
8,1,2.3,77,2,11,Hardware
1,6,2.1,74,5,17,Software
2,4,4.2,40,1,21,Firmware
4,1,7.6,83,2,4,Performance
0,9,2.8,124,4,22,Software
4,7,4.0,33,4,20,Firmware
0,3,2.3,89,2,22,Firmware
5,4,5.1,143,1,1,Performance
8,0,3.0,55,2,20,Hardware
6,2,2.2,61,3,16,Firmware
2,0,4.3,92,4,4,Performance
4,0,2.8,26,1,11,Hardware
0,2,2.5,49,5,17,Firmware
3,4,8.9,48,1,21,Security
0,1,1.0,61,4,15,Documentation
2,8,4.2,62,3,12,Software
6,0,7.0,96,1,11,Performance
1,9,6.8,68,5,17,Security
2,10,4.0,38,4,14,Software
2,10,1.1,62,2,4,Software
7,0,3.8,7,3,21,Hardware
7,1,4.0,63,2,17,Hardware
4,5,3.2,103,1,4,Performance
1,3,7.0,98,4,19,Performance
1,0,1.0,35,3,18,Documentation
1,1,4.3,89,2,23,Performance
4,5,3.9,48,2,14,Firmware
2,1,1.0,51,1,12,Documentation
4,2,8.3,36,1,21,Security
0,1,1.0,23,5,1,Documentation
0,11,2.0,58,1,13,Software
1,5,5.1,68,2,10,Performance
3,1,5.1,66,4,10,Performance
4,5,1.5,75,5,19,Firmware
8,1,3.2,45,4,15,Hardware
1,8,2.7,62,5,1,Software
0,8,4.6,64,3,23,Software
8,0,4.3,68,3,3,Hardware
2,1,7.4,43,4,4,Performance
6,2,3.5,58,1,19,Firmware
1,3,9.6,91,5,20,Security
1,2,1.0,14,5,1,Documentation
1,2,1.0,37,5,9,Documentation
9,0,4.1,53,5,5,Hardware
3,3,4.0,56,3,4,Firmware
0,8,2.0,118,2,18,Software
0,11,2.8,44,4,5,Software
10,1,3.0,68,4,5,Hardware
4,2,4.6,102,1,10,Firmware
3,0,5.5,68,1,18,Performance
2,2,1.0,22,4,5,Documentation
6,0,2.9,51,3,16,Hardware
4,4,5.7,76,2,19,Performance
1,5,2.8,11,3,22,Firmware
1,2,1.4,70,1,11,Documentation
0,10,2.7,56,5,10,Software
0,6,7.3,92,1,4,Security
1,1,1.0,25,4,2,Documentation
0,6,7.8,61,2,14,Security
4,3,4.3,78,5,11,Firmware
1,0,4.3,84,3,5,Performance
1,5,7.7,81,3,8,Security
3,2,8.2,68,4,18,Security
2,4,8.9,81,3,4,Security
1,8,3.8,94,2,4,Software
1,9,5.0,84,5,13,Software
4,1,5.8,68,4,23,Performance
1,9,3.7,98,3,13,Software
1,8,1.9,5,3,1,Software
1,11,2.7,94,4,20,Software
8,1,3.0,70,2,5,Hardware
6,0,3.3,46,2,20,Hardware
0,8,2.5,100,3,16,Software
2,2,9.4,39,3,16,Security
4,4,7.5,41,4,19,Security
2,3,3.4,77,3,2,Firmware
2,6,2.4,70,2,13,Software
7,2,1.7,64,3,22,Hardware
0,3,1.0,41,3,10,Documentation
6,8,4.4,55,5,10,Firmware
4,2,6.0,51,2,17,Performance
1,10,2.3,88,5,18,Software
1,4,4.4,31,1,4,Firmware
2,4,5.3,72,5,17,Performance
0,2,1.4,18,4,8,Documentation
1,3,8.3,44,1,16,Performance
1,2,8.9,143,3,9,Security
0,12,4.2,90,3,4,Software
5,1,2.3,12,3,22,Hardware
0,2,2.5,32,3,3,Firmware
2,2,9.0,16,3,13,Security
4,0,2.6,38,5,20,Firmware
3,1,3.5,45,4,2,Firmware
2,0,5.8,109,3,13,Performance
7,2,5.4,115,2,1,Performance
1,3,9.3,62,2,8,Security
3,6,3.8,53,4,3,Firmware
0,8,3.9,104,4,12,Software
8,0,5.2,52,3,17,Hardware
8,0,3.7,38,3,9,Hardware
2,10,2.6,52,4,21,Software
0,9,2.1,64,4,21,Software
9,0,4.0,67,3,18,Hardware
0,0,4.7,75,3,17,Performance
0,5,9.6,96,1,0,Security
0,7,2.7,108,4,12,Software
6,0,7.3,100,1,22,Performance
6,0,4.2,62,4,9,Hardware
0,7,2.9,113,3,19,Software
12,0,3.4,81,2,3,Hardware
7,0,2.1,31,4,4,Hardware
1,5,3.1,82,4,21,Firmware
8,1,3.3,22,1,13,Hardware
8,1,4.9,38,2,10,Hardware
0,0,1.2,12,4,6,Documentation
2,1,1.0,36,2,11,Documentation
0,7,3.1,122,2,5,Software
0,2,1.0,47,5,6,Documentation
4,2,4.3,127,2,19,Firmware
2,6,4.2,120,2,13,Software
0,1,1.7,26,5,1,Documentation
0,7,2.0,82,5,15,Software
0,2,1.2,54,5,3,Documentation
5,2,1.9,93,2,8,Hardware
7,3,3.2,61,3,19,Hardware
2,4,5.9,56,1,10,Firmware
8,1,3.6,86,5,8,Hardware
9,1,3.0,39,3,23,Hardware
2,5,2.7,71,3,15,Software
2,2,4.5,99,1,20,Firmware
1,6,2.0,111,3,11,Software
1,1,1.0,0,4,1,Documentation
0,11,2.7,103,3,20,Software
6,0,3.8,37,4,6,Hardware
0,4,8.1,83,4,19,Security
6,2,4.2,22,3,11,Firmware
4,1,2.9,87,1,11,Firmware
1,5,3.6,58,1,2,Software
9,1,2.8,73,3,22,Hardware
0,6,5.0,45,3,1,Software
0,0,7.3,47,4,3,Security
1,10,3.0,35,1,6,Software
3,5,8.1,84,4,23,Security
0,7,2.7,131,3,3,Software
0,9,3.4,109,3,14,Software
1,1,1.8,26,2,23,Documentation
0,3,1.8,73,3,7,Software
3,3,2.7,102,5,13,Performance
3,1,3.9,27,4,2,Firmware
4,5,5.0,53,5,19,Firmware
5,2,2.1,41,4,17,Firmware
0,4,6.3,95,1,18,Performance
1,9,4.2,49,3,4,Software
2,1,2.4,80,3,18,Firmware
6,3,3.7,52,3,12,Hardware
4,3,2.7,27,2,3,Performance
0,1,1.0,6,2,1,Documentation
0,1,1.0,10,5,8,Documentation
5,3,6.6,88,4,6,Firmware
6,0,3.8,50,1,0,Hardware
0,9,3.6,114,3,2,Software
1,7,9.6,82,5,14,Security
1,12,2.6,106,1,9,Software
4,4,3.8,87,3,0,Firmware
8,0,3.8,57,2,15,Hardware
1,8,4.3,34,4,19,Firmware
8,2,4.8,130,5,17,Performance
3,3,3.7,60,2,22,Firmware
0,3,6.5,26,3,2,Security
3,1,5.5,88,3,20,Performance
0,2,1.0,52,3,4,Documentation
2,2,5.8,128,4,12,Performance
0,6,3.5,110,2,13,Software
6,1,4.6,94,2,17,Performance
2,10,1.1,88,3,5,Software
3,10,7.5,86,3,5,Security
1,1,2.5,46,5,23,Firmware
6,2,5.5,57,3,2,Hardware
0,0,5.4,45,3,1,Firmware
1,9,3.7,60,5,2,Software
0,5,2.4,72,5,7,Software
1,7,3.2,99,3,5,Software
8,0,3.4,32,4,19,Hardware
5,1,4.2,52,3,19,Hardware
2,2,1.0,52,1,13,Documentation
4,4,5.1,94,3,16,Performance
2,6,8.2,51,4,2,Security
0,0,1.0,32,3,14,Documentation
8,1,1.6,42,2,19,Hardware
0,12,2.4,68,2,12,Software
1,11,3.5,107,2,17,Software
0,3,7.5,129,1,21,Security
0,7,8.0,26,2,16,Security
1,3,1.0,27,5,10,Documentation
2,5,3.8,145,5,6,Performance
9,0,4.1,39,2,23,Firmware
0,2,1.0,33,4,2,Documentation
1,9,2.9,98,4,0,Software
1,4,8.0,52,5,17,Security
11,1,2.7,56,1,10,Hardware
2,4,4.2,62,2,7,Firmware
4,5,3.7,54,4,14,Firmware
0,0,1.5,19,1,4,Documentation
4,2,4.5,175,4,9,Performance
2,12,4.0,54,3,20,Software
0,0,1.0,21,4,6,Documentation
2,7,8.1,65,2,23,Security
1,7,5.1,91,3,15,Firmware
3,0,4.1,51,5,7,Firmware
3,2,7.3,134,4,4,Performance
0,8,4.3,85,2,9,Software
8,1,3.3,55,1,9,Hardware
0,5,3.5,110,1,4,Software
7,1,2.2,33,4,4,Hardware
0,11,4.0,62,2,20,Software
11,0,4.0,42,5,5,Hardware
2,8,2.9,124,2,22,Software
0,10,2.3,65,3,17,Software
0,5,9.1,59,2,9,Security
7,1,3.2,45,3,11,Hardware
0,10,3.9,167,5,8,Software
7,0,2.3,38,5,13,Hardware
5,0,4.1,21,3,22,Hardware
2,10,3.6,50,5,2,Software
2,7,2.4,156,2,18,Software
3,6,4.1,92,1,1,Firmware
0,2,2.4,50,1,3,Documentation
2,8,3.9,62,3,8,Software
11,2,2.5,75,5,18,Hardware
0,5,6.5,150,2,22,Performance
12,0,2.1,21,4,20,Hardware
1,9,2.9,69,4,23,Software
0,13,2.9,87,3,8,Software
5,2,2.7,11,3,9,Hardware
7,0,2.5,22,3,7,Hardware
3,1,4.2,45,2,3,Firmware
2,8,1.0,73,4,2,Software
1,6,2.5,44,2,1,Software
1,1,1.0,42,5,2,Documentation
0,13,1.7,73,1,0,Software
2,6,8.0,30,1,0,Security
0,10,5.9,131,4,22,Software
0,9,3.3,84,4,18,Software
3,6,8.9,82,5,14,Security
6,2,1.0,17,5,11,Hardware
1,8,1.5,89,2,21,Software
2,4,1.0,26,3,2,Documentation
3,4,3.3,22,1,8,Firmware
0,0,4.2,112,3,4,Performance
0,10,1.3,66,3,3,Software
3,5,7.5,80,3,17,Security
2,6,8.0,86,2,21,Security
9,1,5.2,40,1,22,Hardware
4,3,4.4,51,2,13,Firmware
0,9,2.6,76,5,22,Software
3,2,2.2,59,2,15,Hardware
0,10,2.7,96,1,19,Software
1,1,1.2,17,1,2,Documentation
1,2,1.7,55,4,21,Documentation
3,6,3.9,79,5,8,Firmware
0,2,1.0,45,4,6,Documentation
0,2,1.3,5,2,9,Documentation
0,9,4.4,51,4,10,Software
6,4,9.8,100,4,4,Performance
6,3,4.1,64,3,22,Firmware
1,7,8.6,42,2,2,Security
2,3,9.1,53,4,15,Performance
1,2,1.1,14,4,3,Documentation
0,3,8.9,63,3,1,Security
1,3,9.8,65,5,18,Security
2,8,1.0,80,2,8,Software
4,2,2.2,65,4,16,Hardware
0,8,3.4,117,3,23,Software
4,0,1.9,57,4,6,Hardware
0,7,2.4,121,1,20,Software
1,4,5.2,66,2,21,Firmware
2,9,2.5,95,3,12,Software
5,0,2.9,43,5,20,Hardware
7,1,3.3,58,2,22,Hardware
7,0,3.1,16,3,0,Hardware
9,1,4.0,54,3,21,Hardware
0,11,4.3,83,2,8,Software
0,10,4.3,63,5,1,Software
2,4,1.6,42,2,20,Software
0,5,2.8,105,2,19,Software
3,0,4.4,133,4,0,Performance
2,3,6.9,109,4,9,Performance
8,0,3.1,27,5,10,Hardware
6,0,1.3,53,1,16,Hardware
1,8,3.2,110,1,14,Software
10,0,4.2,54,4,20,Hardware
2,3,3.1,24,3,16,Firmware
7,5,5.1,46,3,23,Firmware
1,12,2.6,112,5,12,Software
4,3,5.1,88,3,19,Performance
0,5,3.6,44,1,11,Firmware
5,1,2.7,93,5,23,Firmware
0,3,1.0,36,4,18,Documentation
1,10,2.4,109,1,23,Software
0,5,3.1,79,1,11,Software
3,4,3.5,61,1,23,Firmware
2,0,7.4,71,4,11,Security
0,3,8.8,60,5,18,Security
2,2,4.3,107,2,15,Performance
3,5,5.3,45,3,5,Firmware
1,9,1.8,113,5,23,Software
7,0,1.6,49,3,21,Hardware
4,4,6.8,64,3,1,Firmware
4,5,4.3,56,4,5,Firmware
4,4,7.7,111,3,13,Performance
6,1,8.0,144,5,14,Performance
1,8,8.6,93,2,10,Security
6,7,2.6,40,3,22,Firmware
0,6,6.6,31,4,9,Performance
0,9,2.4,114,1,11,Software
10,0,3.9,34,5,22,Hardware
4,2,6.2,103,4,21,Performance
3,2,4.5,70,3,5,Firmware
0,10,3.3,67,1,21,Software
1,8,2.3,69,5,7,Software
0,2,3.9,38,1,13,Firmware
2,12,4.1,99,3,13,Software
1,3,8.5,42,3,18,Security
5,3,6.1,49,3,11,Performance
5,0,3.0,49,1,3,Hardware
2,5,4.0,55,3,6,Firmware
8,0,4.2,21,3,12,Hardware
1,2,1.0,23,3,3,Documentation
7,3,3.9,33,3,23,Hardware
0,0,1.0,46,4,18,Documentation
2,7,3.2,42,2,17,Firmware
8,0,3.0,59,4,3,Hardware
1,10,4.2,58,5,13,Software
1,2,1.0,35,3,17,Documentation
4,2,4.7,39,4,5,Firmware
1,5,7.6,88,3,20,Security
0,9,3.1,68,2,17,Software
2,10,2.8,107,5,19,Software
6,7,4.4,50,3,10,Firmware
9,0,2.9,78,3,10,Hardware
5,3,6.6,20,3,2,Performance
2,7,9.8,25,3,0,Security
3,2,2.8,78,4,4,Firmware
6,0,3.6,66,1,0,Hardware
8,0,3.1,8,2,17,Hardware
2,6,7.3,59,5,19,Security
1,4,4.8,31,4,12,Performance
8,1,3.3,57,2,20,Hardware
0,5,5.6,165,1,9,Performance
8,3,3.6,0,2,19,Firmware
2,2,1.0,33,3,2,Documentation
0,12,3.2,113,3,10,Software
0,2,1.7,32,3,14,Documentation
4,2,7.6,149,5,16,Performance
3,5,4.1,49,3,2,Firmware
0,5,3.1,39,3,20,Firmware
0,5,6.3,76,4,23,Security
2,2,1.4,47,5,1,Documentation
7,1,3.1,68,4,8,Hardware
1,1,1.6,43,5,0,Documentation
0,2,6.3,54,3,17,Performance
0,8,2.2,109,2,12,Software
1,10,4.7,73,1,3,Software
1,6,6.4,100,4,9,Security
5,2,1.4,38,2,11,Hardware
4,2,2.1,48,5,14,Firmware
3,3,3.9,82,3,9,Firmware
1,5,4.3,124,1,5,Software
1,10,2.1,57,4,11,Software
2,5,7.5,84,2,3,Security
0,4,5.8,122,1,16,Performance
2,5,8.5,107,1,16,Security
2,11,4.3,20,1,17,Software
3,3,3.6,111,3,10,Firmware
0,5,6.1,93,2,10,Security
0,2,1.1,38,1,8,Documentation
5,0,3.1,37,4,17,Hardware
2,0,1.0,31,5,16,Documentation
0,7,4.8,59,5,19,Software
0,6,1.9,102,2,16,Software
2,6,4.4,67,5,13,Software
3,1,1.5,35,1,1,Documentation
1,7,3.2,71,2,17,Software
5,5,3.4,61,5,15,Firmware
8,0,3.3,58,4,10,Hardware
1,7,8.1,115,1,3,Security
2,2,1.3,58,1,13,Documentation
1,6,3.2,76,5,7,Software
1,0,6.2,62,4,4,Firmware
2,5,6.6,92,3,5,Performance
0,5,4.7,53,1,4,Firmware
7,0,3.3,25,3,10,Hardware
0,9,1.3,68,5,14,Software
10,0,2.7,52,4,9,Hardware
7,0,2.9,59,3,15,Hardware
2,2,4.0,92,1,18,Firmware
2,0,5.2,116,2,5,Performance
3,6,10.0,70,1,20,Security
1,6,3.9,65,5,13,Performance
3,3,1.8,48,3,17,Firmware
0,10,2.8,93,2,22,Software
6,0,3.4,81,2,7,Hardware
4,5,3.5,26,4,6,Firmware
8,0,3.9,70,3,9,Hardware
3,3,4.6,63,4,21,Firmware
4,4,3.3,50,2,7,Firmware
1,3,9.4,81,2,18,Security
1,5,2.9,57,2,4,Firmware
6,0,3.2,18,3,3,Hardware
0,5,2.8,123,5,15,Performance
0,8,3.6,26,1,4,Software
1,2,5.5,121,4,4,Performance
0,1,6.5,77,4,1,Performance
5,5,6.1,157,4,8,Performance
9,1,4.4,80,4,21,Hardware
8,1,1.7,93,2,17,Hardware
8,1,1.8,39,3,0,Hardware
1,0,7.5,130,3,2,Performance
10,1,2.8,18,2,19,Hardware
3,4,3.6,79,2,22,Firmware
0,0,7.3,78,5,12,Performance
1,1,1.2,2,1,11,Documentation
0,3,3.2,87,1,8,Performance
2,0,5.4,114,3,18,Performance
0,10,3.8,56,1,14,Software
3,4,5.3,112,4,17,Performance
0,4,4.2,150,1,22,Performance
6,3,2.9,74,4,7,Firmware
8,0,3.6,35,1,2,Hardware
11,0,1.7,69,3,13,Hardware
2,5,2.7,54,3,1,Software
2,10,3.3,76,4,2,Software
9,0,2.3,32,5,5,Hardware
1,7,1.8,100,2,17,Software
10,0,2.7,42,1,5,Hardware
6,3,7.8,68,1,10,Performance
0,9,3.6,102,1,14,Software
0,0,1.4,5,1,7,Documentation
6,0,3.3,28,3,6,Hardware
11,0,4.6,26,4,16,Hardware
0,1,1.0,33,2,4,Documentation
9,2,3.3,3,2,7,Hardware
6,7,6.2,91,5,20,Performance
7,0,1.2,62,4,17,Hardware
1,2,6.1,69,1,14,Security
6,4,3.2,57,1,0,Firmware
2,7,6.6,124,2,21,Security
5,1,3.9,71,3,0,Hardware
0,6,4.5,39,1,22,Software
6,3,4.6,89,3,14,Firmware
9,1,2.7,88,1,4,Hardware
1,1,1.1,30,2,8,Documentation
3,0,4.1,133,5,8,Performance
4,2,2.5,35,1,6,Firmware
11,2,2.6,24,3,22,Hardware
0,9,4.2,63,5,0,Software
0,13,3.8,107,5,7,Software
0,6,7.2,29,3,9,Security
8,2,3.3,23,5,13,Hardware
1,1,8.7,76,1,11,Performance
7,0,3.1,67,4,9,Hardware
4,3,3.2,12,3,23,Firmware
0,11,2.9,56,4,18,Software
2,4,3.7,35,5,21,Firmware
0,3,1.0,29,1,2,Documentation
4,4,2.2,13,4,10,Firmware
0,8,2.1,83,1,19,Software
1,1,1.2,26,4,3,Documentation
0,1,1.8,140,4,14,Performance
0,2,6.4,55,4,17,Performance
9,0,2.9,48,4,15,Hardware
1,6,4.4,73,5,21,Software
1,9,3.3,109,1,21,Software
2,7,4.8,57,2,20,Software
2,7,3.3,48,2,13,Software
1,5,4.0,49,5,5,Software
0,2,1.0,37,1,18,Documentation
6,1,3.7,7,4,6,Hardware
6,0,2.1,43,1,16,Hardware
3,5,3.6,115,2,17,Software
0,3,1.1,28,3,19,Documentation
4,5,4.8,30,5,18,Firmware
4,6,8.1,75,5,11,Security
1,12,2.4,69,4,17,Software
4,5,3.0,42,5,10,Firmware
1,3,5.9,44,4,18,Performance
8,1,2.8,7,4,23,Hardware
3,3,5.5,52,1,6,Firmware
7,0,4.6,35,1,22,Hardware
8,1,2.4,32,4,10,Hardware
1,10,2.8,94,1,4,Software
1,2,1.5,30,3,4,Documentation
8,0,3.2,64,2,9,Hardware
5,5,3.9,52,5,4,Firmware
1,7,2.4,78,4,13,Software
2,0,5.9,77,3,10,Performance
0,10,5.2,70,1,17,Software
7,0,2.4,32,4,0,Hardware
2,9,2.5,90,2,19,Software
2,9,3.4,70,2,12,Software
7,0,4.5,42,5,16,Hardware
10,1,4.2,22,4,3,Hardware
1,8,2.7,78,1,21,Software
11,0,2.8,27,2,18,Hardware
0,7,8.1,148,4,14,Security
7,0,3.6,55,4,17,Hardware
8,1,4.3,40,1,23,Hardware
5,1,4.1,133,3,14,Firmware
1,8,4.6,128,3,12,Software
0,12,1.4,37,4,12,Software
1,5,7.6,121,2,4,Security
3,1,4.7,37,1,17,Firmware
3,5,3.0,49,5,0,Firmware
10,0,2.2,18,2,13,Hardware
2,6,9.0,64,4,12,Security
1,6,5.3,65,4,18,Performance
3,2,7.0,87,1,20,Security
2,7,8.0,82,3,7,Security
0,4,6.1,32,1,1,Performance
2,3,5.9,120,5,0,Performance
2,11,3.5,98,4,23,Software
7,0,3.2,95,5,21,Hardware
8,2,4.4,71,5,8,Firmware
7,0,3.8,81,3,4,Firmware
1,10,3.9,108,2,3,Software
5,6,6.8,65,1,7,Firmware
0,3,8.5,68,4,4,Security
0,3,1.0,39,5,4,Documentation
0,7,4.4,38,2,16,Firmware
1,5,9.6,79,1,21,Security
1,0,4.3,28,3,4,Performance
6,1,3.2,36,5,15,Hardware
0,9,1.0,48,1,2,Software
8,1,4.2,43,5,0,Hardware
0,0,1.0,8,2,15,Documentation
2,1,1.3,36,2,2,Documentation
1,7,2.0,60,3,17,Software
8,1,2.4,14,2,0,Hardware
0,1,1.0,18,4,20,Documentation
2,3,1.9,31,3,14,Documentation
1,3,4.0,29,1,18,Performance
10,1,2.6,60,1,12,Hardware
4,7,8.6,63,1,4,Security
0,2,1.2,0,5,6,Documentation
2,1,3.2,65,1,20,Performance
2,0,2.0,18,1,13,Hardware
4,3,4.6,25,4,21,Firmware
1,7,5.0,95,1,14,Software
9,1,1.6,26,1,22,Hardware
3,0,7.6,56,4,14,Performance
4,5,2.9,71,1,1,Firmware
0,1,1.3,42,5,7,Hardware
2,10,4.1,81,1,20,Software
5,4,2.2,11,5,20,Firmware
0,3,1.4,30,4,20,Documentation
6,1,4.2,97,3,0,Performance
6,0,3.3,52,3,5,Hardware
7,1,3.1,21,4,9,Hardware
1,12,4.0,105,4,9,Software
0,1,1.5,64,4,14,Documentation
7,4,2.7,62,3,20,Firmware
1,7,4.9,104,3,2,Software
5,3,3.9,41,2,5,Performance
3,5,2.6,19,1,15,Firmware
6,3,4.2,56,3,12,Firmware
5,2,3.5,49,4,17,Firmware
0,12,2.6,87,5,18,Software
1,5,3.9,147,2,10,Performance
1,5,5.8,76,2,13,Performance
0,1,6.4,97,5,21,Performance
0,0,1.5,37,2,22,Firmware
8,0,2.7,35,4,20,Hardware
7,2,2.6,85,2,19,Firmware
1,9,4.3,149,2,8,Software
1,8,3.9,87,1,17,Software
5,3,7.8,79,5,21,Performance
2,2,8.1,105,2,20,Security
1,9,3.8,72,3,5,Software
7,0,3.3,74,2,7,Hardware
1,9,4.0,122,5,5,Software
0,6,2.7,106,4,23,Software
0,13,3.7,97,4,6,Software
0,5,6.6,106,4,3,Security
0,9,2.3,74,2,1,Software
1,3,8.3,83,3,22,Security
1,9,1.3,39,1,2,Software
6,1,3.4,71,1,3,Hardware
0,9,3.5,86,5,6,Software
1,12,3.7,74,1,19,Software
0,9,2.7,77,5,9,Software
3,0,4.7,45,3,12,Performance
0,0,1.0,18,2,13,Documentation
6,6,4.5,110,1,2,Performance
6,0,4.7,39,1,5,Hardware
9,0,3.9,45,2,23,Hardware
7,1,3.7,43,2,21,Hardware
0,11,3.3,57,3,15,Software
2,6,7.5,36,2,4,Security
1,5,8.6,67,4,2,Security
0,10,2.7,78,1,1,Software
0,10,2.2,31,2,0,Software
2,3,1.5,82,1,15,Software
8,2,2.2,18,2,18,Hardware
0,4,3.9,85,3,2,Software
1,1,9.8,46,1,10,Security
1,1,1.6,30,1,20,Documentation
2,1,1.5,23,3,4,Documentation
1,2,7.3,45,5,13,Security
0,5,5.5,38,2,23,Performance
7,1,1.9,52,4,8,Hardware
0,12,3.5,145,3,23,Software
2,4,8.5,79,5,4,Security
1,10,3.6,81,3,23,Software
4,4,6.3,19,1,15,Performance
1,9,2.8,104,2,4,Software
1,8,2.7,67,5,16,Software
3,1,3.2,107,4,4,Hardware
3,2,5.0,69,3,21,Firmware
10,1,3.9,16,5,6,Hardware
1,6,3.0,57,3,3,Software
0,7,4.3,112,4,22,Software
8,0,3.2,45,3,5,Hardware
0,5,8.0,57,2,9,Security
5,4,5.3,121,3,22,Performance
1,3,4.2,77,2,13,Software
7,1,1.3,72,1,22,Hardware
0,2,1.4,24,4,12,Documentation
0,9,3.5,46,1,4,Software
8,2,3.1,59,3,23,Firmware
0,3,1.0,55,5,22,Documentation
1,2,1.0,56,5,4,Documentation
9,1,3.8,60,3,16,Hardware
0,9,2.9,101,5,10,Software
5,5,4.4,55,2,16,Firmware
0,7,3.7,85,3,2,Software
13,1,1.4,25,4,0,Hardware
2,3,7.2,85,4,22,Security
0,11,3.0,124,3,0,Software
0,4,8.4,122,2,23,Performance
0,9,2.6,87,3,8,Software
1,1,1.0,24,1,14,Documentation
6,1,2.8,52,2,12,Hardware
1,9,5.2,55,5,2,Software
3,1,3.3,55,4,7,Hardware
0,1,1.0,45,5,1,Documentation
8,0,3.4,52,3,21,Hardware
0,10,2.0,25,3,7,Software
5,1,1.5,50,2,21,Hardware
0,10,2.4,57,1,8,Software
7,1,4.4,43,2,0,Hardware
0,3,1.0,67,3,21,Documentation
0,9,4.3,94,2,14,Software
3,3,7.6,117,5,8,Performance
2,7,3.0,56,1,1,Software
11,1,2.4,45,1,12,Hardware
2,1,1.1,34,3,0,Documentation
0,2,1.7,17,1,8,Documentation
1,10,4.5,33,5,17,Software
1,10,3.5,39,4,17,Software
1,2,1.1,6,2,10,Documentation
2,3,6.4,99,2,11,Performance
8,0,3.3,73,2,8,Hardware
0,8,2.3,106,2,6,Software
2,5,7.6,76,5,9,Security
1,6,8.6,84,3,5,Security
1,6,3.8,137,1,21,Software
6,1,5.3,81,3,18,Hardware
1,4,3.0,103,4,11,Firmware
10,2,2.6,57,2,9,Hardware
3,1,3.4,9,1,5,Hardware
2,5,5.5,77,5,12,Software
1,9,1.2,122,3,1,Software
1,2,1.0,2,1,10,Documentation
9,2,3.3,53,2,17,Hardware
5,0,2.5,24,2,21,Hardware
2,10,5.4,84,1,19,Software
1,1,4.5,48,3,8,Firmware
12,0,3.4,59,5,0,Hardware
2,3,4.4,78,5,15,Firmware
1,1,1.0,13,2,6,Documentation
1,2,1.3,11,2,6,Documentation
2,3,8.1,57,3,3,Security
1,12,5.5,87,2,15,Software
0,4,9.5,101,5,11,Security
2,5,4.8,76,3,17,Firmware
0,11,3.4,67,4,8,Software
3,6,5.5,89,1,0,Firmware
5,2,3.5,45,1,9,Firmware
9,2,2.4,33,5,5,Hardware
10,0,3.6,35,5,18,Hardware
0,1,1.0,10,5,2,Documentation
3,0,2.0,34,4,17,Hardware
0,0,1.0,43,1,21,Documentation
3,4,2.9,116,4,21,Firmware
2,5,9.5,68,4,17,Security
5,2,3.2,64,5,19,Firmware
2,1,8.1,81,1,8,Security
5,1,4.3,81,5,8,Firmware
3,5,8.6,56,5,16,Security
1,1,1.0,19,4,4,Documentation
8,0,3.5,65,1,16,Hardware
2,2,4.8,53,4,11,Firmware
0,10,3.5,70,2,15,Software
9,0,1.9,58,3,4,Hardware
2,2,1.0,28,2,4,Documentation
2,1,5.3,126,4,23,Performance
0,10,1.0,48,5,13,Software
1,13,3.4,69,4,13,Software
1,12,2.7,72,5,0,Software
0,4,1.0,30,4,7,Documentation
7,0,1.3,43,2,11,Hardware
0,2,1.0,18,4,21,Documentation
0,8,3.5,82,2,0,Software
5,2,3.0,36,4,6,Hardware
6,6,4.3,67,2,4,Firmware
10,0,2.8,54,5,21,Hardware
9,4,5.3,55,5,1,Performance
0,8,2.4,125,1,7,Software
0,8,4.0,92,4,16,Software
2,9,3.0,33,1,0,Software
5,4,2.5,21,2,2,Firmware
3,3,7.6,77,3,22,Security
0,2,1.0,23,5,5,Documentation
3,4,5.7,136,1,7,Performance
1,9,3.0,104,3,19,Software
6,0,1.0,83,2,0,Hardware
2,5,5.6,92,2,0,Performance
0,7,2.3,16,1,0,Software
0,9,3.9,28,4,21,Software
1,4,6.8,66,1,3,Security
0,2,4.9,44,1,12,Performance
1,10,3.8,125,1,21,Software
3,2,7.8,62,2,19,Performance
5,3,3.1,87,3,11,Firmware
6,0,2.9,72,1,22,Hardware
9,0,3.0,36,5,14,Hardware
4,2,10.0,92,1,16,Performance
1,0,6.8,27,3,13,Performance
0,9,3.8,61,2,7,Software
0,1,6.6,72,2,13,Performance
1,12,1.8,38,5,1,Software
0,0,5.1,146,2,22,Performance
0,9,3.4,65,2,22,Software
1,6,8.1,84,3,15,Security
9,0,4.0,48,3,4,Hardware
1,8,2.3,65,5,4,Software
7,1,3.0,49,2,15,Hardware
0,8,1.4,42,5,6,Software
0,7,2.9,85,5,15,Software
5,1,3.0,79,3,12,Hardware
0,11,2.8,82,5,23,Software
2,5,3.0,76,5,7,Firmware
0,0,1.0,47,5,9,Documentation
0,3,2.7,80,3,11,Software
0,10,1.9,132,3,15,Software
2,0,1.3,29,1,2,Documentation
1,3,3.6,90,3,4,Firmware
4,2,7.0,83,4,22,Performance
4,1,3.4,41,1,3,Firmware
4,0,3.8,43,4,17,Hardware
1,10,2.4,83,5,7,Software
7,5,3.2,45,4,9,Firmware
6,1,3.3,21,4,20,Hardware
1,4,6.9,85,3,9,Security
4,6,3.0,52,3,11,Firmware
0,1,2.0,49,5,8,Documentation
2,8,4.9,68,2,0,Software
1,7,1.0,126,3,16,Software
0,6,4.5,129,4,17,Software
0,8,2.3,91,2,2,Software
2,6,7.3,77,3,1,Security
1,5,2.5,110,5,5,Software
0,7,7.4,57,3,4,Security
0,1,3.1,82,4,8,Firmware
0,7,4.6,74,3,20,Software
0,11,2.6,30,1,5,Software
0,11,4.5,87,5,23,Software
3,5,3.8,60,5,2,Firmware
2,3,4.5,53,1,23,Firmware
1,10,3.6,63,4,21,Software
1,4,3.7,175,5,15,Performance
0,8,3.9,79,4,11,Software
2,10,9.0,88,1,14,Security
2,3,5.5,45,4,13,Performance
11,1,2.0,57,3,0,Hardware
8,1,3.1,16,2,23,Hardware
0,2,1.5,15,1,20,Documentation
2,8,4.1,71,2,4,Software
2,7,1.3,30,4,22,Software
0,9,1.5,78,1,5,Software
1,6,2.0,98,2,12,Software
1,2,1.0,26,4,4,Documentation
0,12,5.4,91,5,2,Software
9,1,2.2,74,2,16,Hardware
1,0,4.1,62,3,2,Performance
1,8,2.1,95,1,12,Software
7,0,1.8,13,3,4,Hardware
8,2,3.3,41,4,7,Hardware
10,0,2.1,21,1,1,Hardware
0,3,3.9,76,4,3,Firmware
6,1,2.9,32,3,2,Hardware
4,4,4.1,52,1,20,Firmware
0,7,3.5,140,3,14,Software
5,0,4.6,28,5,16,Hardware
1,2,5.1,6,2,14,Firmware
1,8,2.3,71,4,19,Software
0,8,2.4,35,2,3,Software
4,5,4.9,43,5,23,Firmware
0,10,4.4,133,1,23,Software
5,5,4.2,5,3,10,Firmware
5,3,4.2,54,1,15,Performance
12,0,2.6,12,3,0,Hardware
1,12,5.2,94,3,11,Software
7,1,1.6,79,3,16,Hardware
8,8,6.2,70,5,21,Firmware
0,1,1.0,8,3,1,Documentation
2,0,6.2,50,2,18,Performance
3,5,3.8,69,5,20,Firmware
5,0,2.9,104,4,7,Hardware
6,1,3.8,70,3,19,Hardware
5,0,1.0,19,2,4,Hardware
0,7,4.5,103,1,19,Software
0,4,8.5,66,5,12,Security
2,1,4.5,71,2,5,Firmware
2,3,9.7,86,2,17,Performance
4,3,4.7,37,5,10,Firmware
3,8,5.1,81,4,17,Firmware
2,4,8.8,80,1,1,Security
2,2,4.8,134,5,5,Performance
7,2,2.2,70,5,20,Hardware
1,2,4.5,142,4,11,Performance
1,4,5.5,177,3,4,Performance
0,9,2.8,93,1,1,Software
0,2,5.8,28,4,10,Performance
9,2,2.5,58,4,18,Hardware
10,1,3.2,56,5,6,Hardware
2,2,1.2,27,2,11,Documentation
1,7,3.3,84,4,6,Software
0,2,1.5,11,5,7,Documentation
2,3,6.4,109,1,4,Performance
10,2,4.1,61,2,23,Hardware
0,6,2.9,86,4,12,Software
1,8,4.2,88,4,10,Software
0,8,3.3,5,3,21,Software
2,3,4.6,74,1,23,Firmware
4,3,4.5,61,5,21,Firmware
7,1,2.8,85,1,14,Hardware
1,9,4.6,94,1,7,Software
1,9,1.5,120,3,11,Software
0,6,2.7,91,4,18,Software
2,3,5.9,112,2,15,Performance
10,1,2.0,67,1,0,Hardware
2,10,5.4,128,2,16,Software
1,0,2.9,93,1,3,Firmware
2,2,1.0,12,4,4,Documentation
9,0,1.8,53,3,2,Hardware
0,1,1.0,48,2,14,Documentation
0,1,8.6,59,2,8,Performance
5,5,5.3,120,5,15,Performance
4,5,6.4,13,3,22,Firmware
2,6,8.7,81,1,3,Security
0,12,3.8,6,5,5,Software
6,1,1.5,35,5,1,Hardware
0,7,3.1,67,2,8,Software
2,5,1.0,22,4,14,Firmware
4,6,9.0,39,4,17,Security
0,2,6.6,120,3,16,Performance
2,1,4.2,106,1,13,Performance
1,3,6.0,94,5,16,Performance
0,7,7.2,41,2,10,Security
3,5,7.3,96,2,12,Security
8,0,3.6,55,5,2,Hardware
0,13,4.4,61,1,16,Software
10,2,4.5,62,5,15,Hardware
1,2,5.1,67,3,0,Firmware
7,0,3.0,29,1,10,Hardware
1,7,3.2,90,5,16,Software
0,6,5.2,115,1,22,Software
1,3,1.0,39,2,23,Documentation
3,1,6.1,107,5,10,Performance
7,2,4.3,39,5,23,Hardware
8,1,4.4,38,5,19,Hardware
0,3,1.2,15,5,6,Documentation
2,0,4.8,142,5,15,Performance
6,2,3.4,63,3,21,Hardware
0,2,1.5,19,3,17,Documentation
1,3,4.7,154,5,13,Performance
9,1,2.4,50,4,0,Hardware
0,10,3.1,79,1,21,Software
0,2,4.3,0,3,17,Firmware
1,7,6.7,67,3,13,Security
0,9,3.6,93,3,7,Software
0,5,3.2,43,2,4,Firmware
1,2,2.2,48,2,17,Documentation
1,11,4.4,85,3,12,Software
4,4,3.9,74,5,20,Firmware
1,2,4.1,52,1,23,Firmware
1,2,6.5,84,1,8,Security
4,4,2.4,88,5,9,Firmware
0,0,1.5,36,2,1,Documentation
2,11,2.7,114,1,5,Software
0,0,1.0,11,4,4,Documentation
11,0,3.6,41,2,1,Hardware
2,4,1.0,53,2,15,Documentation
7,2,2.0,48,4,10,Hardware
3,2,9.1,61,3,14,Security
1,10,2.9,21,5,12,Software
0,8,2.7,92,1,20,Software
1,4,7.1,57,1,11,Security
2,7,2.8,74,5,11,Software
0,1,9.1,130,5,8,Performance
0,7,3.5,48,5,2,Software
8,0,4.8,45,2,19,Hardware
4,0,4.2,65,1,17,Hardware
3,4,7.1,82,3,14,Performance
2,4,4.2,64,5,21,Firmware
6,1,6.1,87,1,2,Hardware
6,0,2.3,32,2,4,Hardware
3,7,2.7,14,4,10,Software
9,2,3.4,77,2,0,Hardware
9,0,2.7,31,4,14,Hardware
4,1,6.0,121,2,15,Performance
9,0,3.8,62,4,23,Hardware
2,1,1.0,19,3,3,Documentation
2,2,1.4,10,3,21,Documentation
2,7,3.6,46,4,10,Software
1,3,1.5,46,1,14,Documentation
2,7,7.8,100,3,0,Security
0,9,3.3,70,3,11,Software
0,1,8.1,59,1,9,Security
9,0,3.0,40,4,1,Hardware
0,8,2.9,69,3,6,Software
0,4,7.4,83,1,18,Performance
2,4,6.2,137,3,16,Performance
0,2,1.0,26,1,5,Documentation
0,5,6.9,55,5,19,Security
7,1,2.2,61,5,15,Hardware
0,0,5.4,107,4,10,Performance
2,4,7.4,80,5,5,Performance
3,2,3.5,30,4,19,Firmware
1,9,4.1,42,2,10,Software
1,2,1.7,62,3,1,Documentation
0,9,4.1,51,5,12,Software
2,10,4.3,134,4,22,Software
3,4,1.3,33,1,8,Documentation
4,1,8.1,55,5,21,Security
2,5,8.9,73,2,20,Security
3,2,2.7,40,3,19,Firmware
0,2,1.5,3,3,13,Documentation
0,9,2.6,71,2,19,Software
0,11,1.4,89,1,9,Software
4,0,3.4,54,1,17,Hardware
4,6,5.3,51,5,14,Firmware
0,1,8.4,62,5,23,Security
1,0,1.5,49,1,20,Documentation
8,3,3.7,62,2,6,Firmware
1,10,3.9,58,5,11,Software
1,9,3.7,58,3,21,Software
3,2,6.9,33,4,13,Security
0,6,3.5,80,3,19,Software
0,9,3.2,106,1,19,Software
0,12,2.4,48,3,18,Software
1,0,1.9,17,2,8,Documentation
2,4,6.9,64,5,7,Firmware
5,5,5.5,58,1,21,Performance
0,13,2.5,5,2,3,Software
2,2,4.3,83,3,14,Firmware
0,2,1.2,33,1,15,Documentation
4,0,2.2,45,2,4,Hardware
0,5,7.6,58,2,1,Security
1,9,3.8,70,1,7,Software
2,2,4.2,190,3,7,Performance
2,0,6.3,104,1,6,Performance
1,2,3.1,49,1,15,Firmware
0,8,4.1,99,5,7,Software
0,9,3.1,86,5,21,Software
2,7,9.2,104,4,13,Performance
4,5,5.8,61,4,15,Firmware
5,0,2.8,52,4,4,Hardware
1,6,5.6,54,3,18,Performance
5,5,5.0,63,5,2,Firmware
2,1,1.3,0,1,15,Documentation
0,6,3.6,46,1,0,Firmware
1,10,3.9,41,2,9,Software
1,4,7.7,80,1,6,Security
0,10,3.3,94,5,1,Software
1,4,8.5,63,4,9,Security
3,1,1.5,28,5,0,Documentation
4,2,2.8,34,5,11,Firmware
3,4,7.4,129,4,8,Performance
8,0,2.8,50,4,15,Hardware
2,3,7.6,47,1,3,Security
8,1,4.0,38,2,13,Hardware
0,2,1.1,43,4,8,Documentation
6,1,5.1,65,2,12,Firmware
4,3,4.4,82,5,14,Firmware
0,9,3.5,96,2,6,Software
0,5,5.6,109,3,9,Performance
2,5,7.7,86,3,18,Security
1,4,3.6,48,3,7,Firmware
2,3,6.5,76,4,17,Security
1,3,1.0,50,2,8,Documentation
2,5,4.1,41,5,2,Firmware
3,3,9.0,76,4,9,Security
7,1,4.3,47,1,2,Hardware
3,4,1.0,51,2,13,Firmware
1,3,6.1,121,3,4,Performance
5,3,4.7,48,1,23,Firmware
2,9,2.9,50,4,8,Software
3,6,4.1,25,3,18,Software
5,3,5.9,104,4,3,Performance
0,2,1.1,30,2,1,Documentation
11,0,3.3,23,1,23,Hardware
2,6,4.0,113,3,0,Software
0,7,3.3,76,1,15,Software
0,2,2.5,45,3,19,Firmware
4,1,8.7,88,5,9,Performance
1,3,1.0,28,5,12,Documentation
6,0,4.6,39,1,8,Hardware
2,2,9.1,31,4,14,Security
0,11,4.5,91,3,17,Software
0,9,3.5,100,3,12,Software
0,3,1.0,23,5,8,Documentation
1,8,1.9,60,2,14,Software
0,11,2.2,82,2,18,Software
1,9,3.6,96,5,21,Software
2,7,3.9,118,5,8,Software
10,1,2.3,49,5,12,Hardware
0,3,2.7,110,3,14,Firmware
4,3,4.3,66,3,14,Firmware
3,3,4.0,138,2,0,Performance
7,1,1.0,55,4,6,Hardware
1,6,4.1,75,5,5,Firmware
3,5,4.6,53,3,15,Firmware
1,11,2.1,138,2,9,Software
3,4,4.2,45,5,6,Firmware
1,3,7.8,124,5,15,Performance
8,1,2.8,32,4,6,Hardware
7,0,2.6,76,1,17,Hardware
6,4,5.8,136,5,14,Performance
0,11,2.0,35,1,9,Software
0,9,2.6,77,2,12,Software
0,7,1.9,23,1,23,Software
1,7,2.2,99,4,14,Software
4,0,4.1,107,1,11,Performance
2,4,5.8,130,3,21,Performance
0,5,4.1,52,5,17,Firmware
1,3,1.2,2,3,16,Documentation
4,4,3.9,40,5,14,Firmware
8,0,1.1,64,1,5,Hardware
2,1,4.9,62,3,21,Firmware
1,9,2.9,82,3,8,Software
1,0,8.7,53,1,18,Security
0,12,2.6,132,5,16,Software
6,4,3.3,60,1,3,Firmware
7,0,2.3,39,5,1,Hardware
5,3,5.0,106,2,9,Performance
0,7,9.7,99,2,22,Security
3,6,3.8,49,2,0,Firmware
0,4,4.7,71,3,21,Firmware
2,5,7.8,79,1,18,Security
1,12,2.6,88,4,7,Software
1,0,1.6,0,3,11,Documentation
1,2,6.2,29,5,2,Performance
0,10,3.7,42,3,21,Software
2,0,1.0,45,4,8,Documentation
1,11,1.8,111,1,20,Software
0,7,1.7,106,1,23,Software
10,1,3.6,46,3,22,Hardware
9,4,2.9,28,5,10,Hardware
2,5,7.5,63,2,8,Performance
3,2,10.0,0,4,13,Performance
3,2,1.0,8,2,5,Documentation
0,1,1.0,26,5,20,Documentation
1,9,3.9,101,5,16,Software
6,0,8.0,71,5,20,Performance
1,8,8.5,75,5,18,Security
0,8,3.7,91,1,6,Software
0,8,4.1,78,2,4,Software
1,3,6.5,108,3,10,Performance
4,3,6.8,63,3,17,Performance
0,2,1.2,52,5,8,Documentation
0,12,1.0,47,5,7,Software
0,0,1.0,22,1,13,Documentation
6,3,4.8,67,1,22,Firmware
0,0,1.2,35,1,7,Documentation
0,2,7.9,103,2,8,Performance
3,1,1.5,17,4,5,Documentation
0,9,3.3,43,1,5,Software
1,1,1.3,18,5,2,Documentation
2,1,1.0,10,5,4,Documentation
0,9,2.3,35,1,18,Software
1,3,8.2,172,3,4,Security
4,3,2.7,62,4,21,Performance
0,4,1.5,27,1,6,Documentation
1,2,1.0,26,1,13,Documentation
0,7,2.4,76,2,6,Software
1,2,1.0,25,2,10,Documentation
1,3,8.3,128,5,7,Performance
3,0,5.9,74,4,0,Performance
1,2,1.0,16,4,7,Documentation
0,8,3.4,48,4,5,Software
6,4,2.0,17,3,8,Firmware
0,9,3.3,43,2,11,Software
3,0,3.9,71,1,20,Firmware
2,7,3.5,84,5,15,Software
2,9,4.6,125,2,9,Software
1,10,2.9,89,1,7,Software
0,3,3.3,37,1,20,Firmware
0,3,1.0,12,3,0,Documentation
1,3,1.0,22,3,8,Documentation
7,1,3.7,52,4,13,Hardware
1,0,4.0,63,5,15,Firmware
0,8,1.0,55,4,2,Software
2,3,9.6,53,3,5,Security
4,4,7.2,73,4,11,Performance
0,7,4.6,42,5,10,Firmware
1,10,2.3,65,1,19,Software
7,4,5.6,139,4,3,Performance
1,11,2.5,81,5,20,Software
10,1,3.7,54,4,10,Hardware
2,4,8.1,44,4,6,Security
1,8,4.0,76,3,6,Software
1,7,3.3,74,3,16,Firmware
9,0,3.0,25,2,20,Hardware
1,5,7.8,55,2,12,Security
0,8,2.0,98,1,1,Software
3,3,3.9,45,1,20,Firmware
0,1,1.0,33,2,13,Documentation
0,4,3.9,59,1,18,Performance
7,2,2.4,31,4,22,Hardware
0,4,1.0,14,5,15,Documentation
3,3,3.1,65,2,19,Firmware
1,9,3.5,93,5,16,Software
6,1,3.5,86,3,7,Hardware
1,5,9.4,51,4,14,Security
1,2,7.7,96,1,10,Performance
1,7,2.5,67,2,14,Software
1,8,2.1,81,2,23,Software
8,2,2.2,33,1,6,Hardware
5,2,5.3,14,1,20,Firmware
5,1,5.1,59,4,17,Firmware
1,2,4.8,132,3,13,Performance
1,4,7.5,80,5,21,Security
0,10,4.1,67,1,21,Software
6,6,6.2,40,2,15,Performance
0,12,2.0,0,4,4,Software
9,1,2.3,41,3,17,Hardware
2,7,2.6,69,4,10,Software
4,3,6.1,34,5,3,Performance
5,2,5.5,135,1,3,Performance
0,0,1.2,47,2,3,Documentation
0,8,4.6,135,3,10,Software
5,0,3.6,53,2,17,Hardware
8,1,4.9,43,3,11,Hardware
0,8,2.4,71,2,9,Software
1,7,1.8,90,1,10,Software
1,11,3.8,72,5,3,Software
0,6,7.7,87,3,6,Security
7,3,3.2,76,5,2,Firmware
3,6,4.3,95,2,8,Software
8,2,3.1,43,2,16,Hardware
5,0,3.4,25,2,20,Hardware
2,0,1.0,16,4,10,Documentation
2,9,2.7,94,3,4,Software
8,1,4.1,90,1,2,Firmware
6,4,5.1,71,4,23,Firmware
0,12,3.9,70,4,23,Software
6,1,1.9,23,5,14,Hardware
3,2,7.1,81,5,10,Security
0,11,4.5,34,5,15,Software
2,5,8.2,92,4,20,Security
5,2,4.7,85,1,20,Firmware
3,5,3.6,64,3,19,Firmware
3,5,3.1,57,2,16,Firmware
1,7,3.3,55,3,12,Software
1,5,2.1,66,2,8,Software
3,5,8.3,138,5,10,Performance
1,6,7.4,56,1,13,Security
1,7,3.9,87,1,12,Software
3,0,6.5,81,2,23,Performance
0,10,3.3,55,3,8,Software
3,0,7.5,159,3,12,Performance
0,9,1.6,104,4,1,Software
5,2,5.9,63,1,6,Performance
1,5,2.8,99,2,23,Software
3,2,2.0,68,3,1,Firmware
0,6,3.5,30,5,2,Software
7,1,3.0,28,1,3,Hardware
3,1,4.5,20,4,19,Hardware
2,8,3.5,33,2,20,Software
1,2,1.0,43,3,17,Documentation
5,3,5.0,99,2,22,Performance
2,2,5.9,49,2,19,Performance
2,2,1.4,35,1,2,Documentation
0,1,1.0,0,5,2,Documentation
9,1,1.7,50,4,23,Hardware
2,9,2.9,92,3,18,Software
0,10,4.4,105,2,13,Software
7,6,5.9,89,5,7,Firmware
0,4,7.9,49,1,8,Performance
1,1,1.5,37,4,15,Documentation
2,4,7.3,83,1,2,Security
7,2,6.9,63,3,2,Performance
2,4,4.9,125,1,10,Firmware
1,4,9.3,78,1,1,Security
4,5,3.3,67,5,3,Firmware
1,5,3.6,100,2,7,Software
9,2,1.9,57,4,7,Hardware
2,7,2.2,112,2,3,Software
1,8,1.1,64,5,8,Software
1,2,1.0,37,3,19,Documentation
8,0,2.7,27,1,15,Hardware
6,1,2.6,54,5,20,Hardware
1,2,1.0,3,5,14,Documentation
0,10,3.0,93,5,12,Software
2,5,4.7,173,4,10,Performance
3,3,7.0,88,3,19,Performance
2,4,3.7,60,1,22,Firmware
1,1,6.4,90,4,6,Performance
0,11,2.4,33,3,3,Software
5,2,4.3,24,4,9,Firmware
5,1,3.1,49,3,21,Hardware
4,5,4.3,28,1,18,Firmware
2,3,3.7,24,1,17,Firmware
1,3,1.4,46,4,13,Documentation
7,4,3.4,113,3,6,Firmware
0,1,4.1,99,2,16,Firmware
1,8,3.5,106,2,20,Software
0,10,2.4,120,3,15,Software
8,3,3.2,63,1,23,Firmware
9,1,2.6,46,5,1,Hardware
6,0,4.2,53,2,22,Firmware
0,5,3.5,6,4,2,Performance
0,9,4.2,73,2,13,Software
2,0,1.1,20,5,22,Documentation
0,8,2.2,82,1,2,Software
4,0,3.2,64,4,22,Hardware
0,1,6.3,132,5,21,Performance
8,0,2.5,0,4,18,Hardware
9,1,1.8,40,2,15,Hardware
3,6,3.8,62,3,5,Firmware
3,3,8.2,63,4,1,Performance
1,1,2.8,102,5,17,Firmware
2,1,4.1,47,3,10,Performance
4,2,4.0,59,1,6,Firmware
1,8,1.6,52,1,7,Software
0,2,1.2,29,4,18,Documentation
0,11,4.3,123,1,5,Software
0,2,1.0,7,5,23,Documentation
6,1,1.7,65,3,0,Hardware
0,1,1.0,22,5,2,Documentation
0,8,3.9,69,2,17,Software
0,11,4.2,87,1,15,Software
0,9,3.9,64,4,7,Software
0,10,3.5,53,5,16,Software
1,5,10.0,160,4,15,Performance
5,4,4.2,77,1,0,Firmware
2,0,1.0,42,5,14,Documentation
2,9,2.4,81,4,3,Software
2,9,1.1,75,4,9,Software
1,0,3.2,41,1,13,Firmware
1,2,1.0,27,1,3,Documentation
3,7,4.1,68,4,11,Firmware
5,1,3.3,46,5,19,Hardware
1,2,1.0,32,3,22,Documentation
8,1,2.7,45,2,7,Hardware
2,1,7.8,69,3,9,Security
0,3,7.7,121,4,2,Performance
0,2,1.2,26,3,1,Documentation
2,2,2.6,57,3,23,Hardware
4,3,4.6,77,4,20,Firmware
8,0,4.0,42,5,22,Hardware
0,4,1.3,99,4,19,Software
6,3,3.5,77,3,23,Firmware
0,4,7.5,70,5,22,Security
1,8,2.5,19,5,5,Software
0,0,6.2,123,4,8,Performance
1,0,6.1,130,3,5,Performance
7,0,4.0,77,3,11,Hardware
1,1,1.0,25,2,23,Documentation
0,2,1.5,18,5,10,Documentation
4,1,5.2,46,2,16,Performance
9,0,2.8,62,3,9,Hardware
2,9,2.7,90,2,0,Software
5,1,1.6,85,4,4,Hardware
0,9,1.9,94,2,14,Software
2,0,6.4,158,2,2,Performance
5,1,3.2,26,4,1,Hardware
0,10,2.9,98,1,18,Software
9,0,3.0,14,2,5,Hardware
7,0,3.6,53,4,8,Hardware
2,7,3.1,82,3,8,Software
2,2,1.1,19,4,12,Documentation
2,3,6.3,152,3,9,Performance
1,9,1.9,91,2,14,Software
0,11,2.5,109,2,0,Software
1,5,2.6,35,4,0,Firmware
6,0,2.7,27,2,21,Hardware
1,4,7.0,105,3,10,Performance
2,7,3.4,51,4,18,Software
6,0,5.0,34,2,6,Hardware
3,5,4.5,41,4,22,Firmware
1,0,8.4,32,3,22,Security
0,4,4.8,15,4,2,Performance
0,5,9.3,124,5,22,Performance
9,1,2.3,67,2,20,Hardware
9,2,1.6,28,2,14,Hardware
1,4,4.4,59,3,14,Firmware
4,2,4.2,45,4,4,Firmware
1,2,1.0,43,3,11,Documentation
1,3,6.7,82,5,22,Security
5,0,2.9,47,4,17,Hardware
0,7,3.2,87,2,20,Software
4,4,3.2,88,4,18,Firmware
0,2,1.5,16,2,15,Documentation
2,7,9.1,49,2,22,Security
0,3,7.6,42,2,15,Security
3,5,5.2,98,5,2,Firmware
4,4,4.6,44,4,12,Firmware
1,5,7.5,113,1,18,Security
0,3,5.1,121,2,16,Performance
5,0,2.5,50,4,2,Hardware
1,8,2.6,34,2,22,Software
0,10,5.3,58,2,22,Software
0,10,3.9,56,3,21,Software
0,4,5.4,59,2,18,Performance
2,2,3.8,61,1,14,Hardware
0,9,2.2,26,5,0,Software
9,0,2.5,36,3,22,Hardware
1,8,2.0,82,2,3,Software
0,11,1.4,61,1,21,Software
1,1,1.0,54,1,6,Documentation
2,0,5.4,66,4,11,Performance
3,3,5.7,49,2,0,Performance
8,0,3.2,39,5,2,Hardware
2,8,4.2,143,1,1,Software
0,2,1.0,20,2,21,Documentation
7,6,2.3,45,5,18,Firmware
4,8,4.5,50,5,22,Firmware
0,9,2.7,76,4,17,Software
0,2,1.0,58,2,11,Documentation
8,1,2.7,35,4,5,Hardware
7,1,3.3,60,5,23,Hardware
0,6,7.3,64,2,2,Security
9,2,2.9,62,3,3,Hardware
5,4,3.8,31,4,3,Firmware
0,7,3.6,64,5,16,Software
2,10,4.1,73,4,4,Software
2,8,5.1,106,1,4,Software
3,8,6.7,28,4,22,Security
5,6,3.8,13,4,12,Firmware
6,7,4.4,35,5,17,Firmware
0,3,6.0,93,4,5,Performance
0,1,1.6,25,3,17,Documentation
0,10,1.7,47,1,4,Software
7,1,3.6,30,1,15,Hardware
6,1,1.4,52,4,10,Hardware
1,10,3.1,101,1,14,Software
0,10,1.7,55,2,5,Software
6,2,1.6,32,5,21,Hardware
4,6,5.1,66,5,19,Firmware
6,1,1.0,53,1,8,Hardware
0,10,3.6,102,2,22,Software
0,5,8.0,92,4,16,Security
1,4,8.3,44,2,13,Security
0,0,1.0,11,5,12,Documentation
2,6,3.6,106,4,1,Performance
1,3,1.0,41,1,0,Documentation
0,1,1.0,30,5,17,Documentation
0,7,4.4,76,2,14,Software
8,0,2.5,60,3,4,Hardware
1,3,4.2,75,5,18,Firmware
2,1,6.3,125,2,11,Performance
2,2,7.0,81,4,13,Performance
8,0,3.3,56,1,6,Hardware
2,1,9.0,44,3,10,Security
2,10,2.2,88,1,1,Software
3,6,2.7,32,3,0,Firmware
6,1,3.9,47,1,6,Hardware
0,2,1.2,23,3,17,Documentation
0,0,1.1,55,4,8,Documentation
0,8,1.6,89,1,11,Software
1,8,1.4,34,2,11,Software
0,9,2.5,48,3,21,Software
1,7,8.6,69,3,23,Security
2,0,3.9,56,4,7,Firmware
0,8,2.7,99,4,18,Software
1,2,7.5,79,2,18,Security
1,6,7.2,72,4,7,Security
1,10,2.8,36,1,11,Software
1,9,3.1,92,4,23,Software
0,6,4.4,111,3,4,Software
3,0,6.3,195,3,22,Performance
0,3,2.6,73,4,10,Firmware
1,2,7.3,89,3,12,Security
1,11,3.0,120,1,3,Software
4,5,4.5,23,5,23,Firmware
2,2,6.7,52,3,17,Security
2,3,3.8,68,3,4,Firmware
5,4,5.7,100,5,4,Performance
5,0,1.7,43,2,16,Hardware
0,1,9.6,63,3,10,Security
6,0,3.2,16,3,2,Hardware
0,6,3.6,95,5,22,Software
1,13,3.0,78,5,13,Software
8,1,3.4,56,2,8,Hardware
0,10,3.4,38,3,16,Software
0,11,2.8,71,2,19,Software
5,4,4.1,181,5,13,Performance
0,13,2.7,102,3,17,Software
1,12,1.0,55,3,9,Software
3,2,3.9,107,1,2,Performance
3,3,4.9,35,3,17,Performance
8,0,4.4,2,3,13,Hardware
11,0,1.0,8,3,1,Hardware
1,7,2.9,93,3,21,Software
0,1,2.2,15,4,7,Documentation
0,0,1.0,14,4,22,Documentation
4,3,4.5,70,5,21,Firmware
1,7,7.3,80,3,17,Security
1,5,7.1,72,3,23,Security
6,1,1.9,7,4,22,Hardware
3,3,5.7,72,1,15,Performance
0,3,5.0,157,2,0,Performance
8,0,1.0,29,2,2,Hardware
0,13,4.5,67,1,0,Software
3,5,3.2,27,2,21,Firmware
2,5,9.1,128,5,14,Security
9,1,3.8,55,2,23,Hardware
2,6,9.2,58,4,8,Security
4,0,5.5,87,3,7,Performance
2,1,6.1,132,4,3,Performance
5,8,3.5,31,2,15,Firmware
7,0,3.6,13,5,18,Hardware
9,0,3.8,79,4,18,Hardware
4,2,3.0,62,5,8,Firmware
3,4,1.8,138,3,7,Performance
7,1,2.9,47,1,9,Hardware
6,0,3.6,32,5,11,Hardware
11,0,1.9,58,2,21,Hardware
8,0,3.6,24,4,17,Hardware
6,3,3.2,61,2,16,Hardware
4,1,3.1,43,2,0,Hardware
3,0,5.0,133,4,16,Performance
0,9,4.3,0,2,14,Software
2,1,8.8,55,4,10,Security
5,0,4.1,70,1,21,Performance
1,9,3.8,134,4,17,Software
2,6,7.7,76,4,14,Security
4,2,4.1,111,5,21,Performance
1,4,7.2,34,1,2,Security
6,1,5.1,50,2,3,Firmware
4,3,4.0,74,2,21,Firmware
0,5,6.5,38,4,20,Performance
0,1,1.0,18,5,1,Documentation
0,0,1.2,6,5,0,Documentation
2,8,3.2,87,5,3,Software
3,4,8.3,65,4,22,Security
1,9,1.8,50,1,22,Software
3,5,8.3,75,2,13,Security
3,2,6.4,81,3,22,Performance
2,10,3.5,152,2,19,Software
1,10,6.0,118,3,21,Software
9,0,4.0,41,3,16,Hardware
7,1,3.2,64,2,6,Firmware
8,0,2.4,48,3,0,Hardware
1,6,2.4,119,4,14,Software
10,2,3.8,18,4,23,Hardware
5,1,4.1,37,3,9,Firmware
0,2,6.4,104,5,2,Performance
4,4,4.3,120,3,10,Performance
2,10,2.6,30,2,3,Software
6,0,3.6,62,3,16,Hardware
4,0,4.9,52,1,7,Firmware
1,2,1.0,55,4,12,Documentation
0,10,2.8,51,4,7,Software
7,1,2.7,23,3,20,Hardware
8,1,2.5,33,5,14,Hardware
2,11,4.4,68,5,19,Software
8,2,2.9,60,1,0,Hardware
3,4,4.5,138,4,5,Performance
5,0,4.9,47,3,22,Hardware
8,0,3.1,45,1,23,Hardware
1,9,3.9,78,5,9,Software
5,0,2.2,28,3,10,Hardware
0,7,1.5,81,4,11,Software
1,3,5.4,106,2,10,Performance
1,9,3.7,81,3,6,Software
0,10,4.1,89,3,9,Software
8,0,2.0,18,5,4,Hardware
0,0,4.4,86,2,2,Performance
4,3,4.1,90,5,4,Firmware
2,4,9.0,104,2,1,Security
0,8,1.7,111,1,5,Software
1,0,1.0,28,5,21,Documentation
2,4,8.1,83,3,16,Security
1,1,1.9,28,3,16,Documentation
6,4,4.3,90,5,14,Firmware
6,3,5.3,98,2,21,Performance
1,0,5.7,83,5,14,Performance
0,1,1.5,3,3,19,Documentation
4,2,3.9,69,5,11,Firmware
0,4,3.4,67,3,20,Software
4,2,4.2,115,5,14,Performance
0,2,1.5,35,2,13,Documentation
8,1,3.5,84,4,10,Hardware
4,0,3.3,114,1,11,Firmware
0,9,4.1,104,3,7,Software
2,5,3.3,54,4,6,Firmware
1,1,1.0,21,4,20,Documentation
1,1,1.3,37,1,18,Documentation
0,1,8.1,46,1,13,Security
2,5,5.8,89,2,11,Performance
2,4,9.0,38,2,23,Security
0,1,1.2,21,4,9,Documentation
1,12,1.0,90,2,3,Software
3,4,4.9,94,5,9,Performance
3,5,3.1,61,2,20,Firmware
7,2,3.3,42,1,10,Hardware
3,6,4.8,98,2,19,Performance
0,3,2.9,50,5,13,Firmware
0,8,3.0,30,3,3,Software
0,10,4.6,36,5,11,Software
2,10,1.8,100,1,7,Software
3,0,2.8,95,4,0,Firmware
0,7,3.3,73,1,11,Software
1,4,8.6,67,1,16,Security
4,0,6.7,121,1,20,Performance
2,6,7.7,45,1,17,Security
5,6,4.8,55,5,19,Firmware
6,0,4.8,55,5,19,Hardware
0,7,2.2,78,2,1,Software
1,1,1.3,40,1,7,Documentation
0,10,3.9,95,5,23,Software
0,7,4.3,65,2,14,Software
1,0,1.4,48,3,16,Documentation
2,9,4.9,81,2,16,Software
8,1,2.6,38,2,9,Hardware
0,2,1.0,0,4,0,Documentation
1,2,1.0,62,1,1,Documentation
1,3,3.0,72,2,0,Firmware
7,3,7.1,18,2,11,Performance
1,0,1.0,7,4,19,Documentation
1,11,4.2,131,2,16,Software
0,6,2.7,40,1,3,Software
1,6,7.3,89,1,13,Security
8,1,2.0,57,2,14,Hardware
4,3,5.1,22,2,23,Firmware
0,8,1.9,85,1,22,Software
4,7,5.1,77,4,1,Firmware
1,6,7.0,67,4,22,Security
3,4,7.2,101,1,22,Performance
2,2,1.0,20,5,19,Documentation
1,9,1.5,81,4,22,Software
0,6,1.7,100,5,5,Software
5,0,3.0,29,3,10,Hardware
3,0,6.8,76,2,3,Performance
4,2,2.8,45,2,22,Firmware
1,7,3.4,58,4,13,Firmware
2,2,5.1,31,5,8,Firmware
1,6,8.1,99,5,0,Security
5,3,4.1,120,2,5,Performance
3,6,4.6,108,4,22,Performance
0,6,2.8,153,2,19,Software
6,4,6.0,123,4,13,Firmware
3,4,7.4,78,5,9,Security
9,0,2.8,45,5,2,Hardware
0,11,2.7,86,3,22,Software
2,3,1.5,25,2,18,Documentation
0,6,3.3,81,5,15,Firmware
3,5,5.0,82,3,20,Firmware
2,8,1.9,80,5,22,Software
3,0,9.1,47,3,20,Performance
2,4,4.1,37,1,15,Firmware
2,3,9.0,67,1,12,Security
1,3,7.5,84,1,22,Security
2,5,7.9,0,2,14,Security
3,6,7.4,105,5,13,Performance
1,3,9.5,39,4,19,Security
3,2,7.7,41,3,6,Performance
1,0,4.9,95,2,23,Performance
0,0,5.9,85,5,16,Performance
5,2,2.4,0,5,7,Hardware
2,10,2.1,91,3,20,Software
1,2,7.9,144,5,2,Performance
2,3,3.0,111,5,5,Software
0,7,1.0,54,2,20,Software
1,9,3.6,110,1,11,Software
1,2,1.3,29,2,3,Documentation
1,2,1.3,3,4,16,Documentation
3,5,6.8,121,1,5,Performance
2,7,4.8,23,2,22,Software
9,1,5.2,56,2,7,Hardware
2,11,1.1,81,1,3,Software
5,2,4.6,113,5,1,Performance
2,10,2.5,67,1,10,Software
1,9,3.0,120,3,10,Software
3,4,7.5,85,1,18,Security
2,3,4.3,37,2,0,Firmware
7,1,3.4,11,4,21,Hardware
0,5,2.9,63,2,5,Software
0,2,1.0,31,1,4,Documentation
1,5,2.2,92,4,6,Software
7,0,4.9,10,1,12,Hardware
3,6,7.9,72,5,14,Security
3,6,7.6,35,3,23,Security
5,0,3.0,46,5,14,Firmware
2,1,3.3,47,4,16,Performance
2,0,1.6,36,2,3,Firmware
5,1,4.1,79,3,18,Firmware
3,4,5.6,180,2,1,Performance
0,1,1.0,28,5,8,Documentation
0,3,1.0,31,5,3,Documentation
5,3,2.7,108,4,7,Performance
3,3,7.4,90,4,23,Performance
0,0,1.4,10,3,23,Documentation
5,1,5.0,69,5,14,Hardware
6,0,2.2,45,3,3,Hardware
9,1,1.8,15,2,17,Hardware
1,11,3.5,75,2,12,Software
7,0,2.9,63,5,6,Hardware
2,11,2.6,74,2,16,Software
3,0,7.2,44,3,3,Performance
6,1,2.9,48,3,20,Firmware
3,2,4.5,42,4,5,Firmware
0,9,4.8,28,1,15,Software
1,10,4.3,88,3,9,Software
1,4,8.3,50,2,18,Security
0,7,1.2,100,5,0,Software
5,1,2.2,44,5,3,Hardware
0,9,2.1,60,4,5,Software
5,3,3.9,23,3,23,Firmware
1,6,4.3,59,3,23,Software
1,2,1.8,10,4,5,Documentation
2,4,7.0,85,3,7,Security
0,2,1.0,3,5,9,Documentation
10,0,3.3,77,4,13,Hardware
0,5,8.3,93,3,1,Security
6,4,3.9,105,4,14,Firmware
4,2,4.6,41,3,3,Firmware
5,1,2.6,56,5,6,Hardware
4,0,5.4,73,5,6,Firmware
10,0,2.0,31,5,13,Hardware
0,0,1.0,26,3,2,Documentation
7,1,2.9,39,2,11,Hardware
10,0,3.2,38,3,20,Hardware
4,3,4.2,81,1,13,Firmware
0,1,1.0,41,5,15,Documentation
1,4,3.8,96,2,5,Firmware
1,3,7.1,81,2,6,Security
2,8,3.3,44,5,21,Software
2,11,2.5,88,3,12,Software
2,6,2.5,99,4,16,Software
3,1,8.6,45,5,20,Security
3,3,8.1,105,2,4,Security
5,2,3.5,44,3,9,Firmware
1,5,3.0,26,4,9,Firmware
3,0,7.4,83,5,12,Performance
0,11,2.6,108,2,5,Software
0,2,5.5,48,2,11,Firmware
11,1,2.2,35,3,11,Hardware
8,0,2.8,35,1,14,Hardware
1,3,1.0,13,5,2,Documentation
3,2,4.2,45,5,13,Firmware
9,2,1.6,49,2,14,Hardware
2,7,4.0,111,3,23,Software
10,0,3.4,47,5,21,Hardware
3,2,6.9,111,2,5,Performance
0,8,4.3,112,4,4,Software
4,0,5.9,71,5,19,Performance
0,1,1.0,35,1,16,Documentation
2,10,1.2,60,4,10,Software
6,1,2.5,44,5,0,Hardware
2,2,1.0,46,4,20,Documentation
4,0,1.8,56,1,7,Hardware
6,1,3.3,47,3,15,Hardware
6,5,5.1,50,5,14,Performance
2,1,4.1,112,4,8,Performance
1,3,4.7,74,3,4,Performance
1,6,2.9,44,1,4,Firmware
2,1,1.0,24,3,0,Documentation
0,2,1.3,27,1,13,Documentation
7,1,4.7,76,3,19,Hardware
2,2,1.0,32,1,16,Documentation
0,13,3.6,72,3,16,Software
2,6,6.6,85,1,10,Performance
1,2,6.7,122,5,23,Performance
7,1,3.0,38,1,23,Hardware
2,6,8.9,40,3,23,Security
5,6,4.5,30,2,2,Firmware
2,4,8.5,120,4,5,Performance
5,3,7.7,87,3,15,Performance
2,4,8.9,123,4,2,Security
2,10,2.9,135,2,8,Software
2,4,3.2,81,4,22,Firmware
2,11,4.9,116,5,15,Software
1,2,1.1,35,5,9,Documentation
7,3,4.1,107,4,17,Firmware
2,5,3.2,107,4,2,Firmware
1,4,9.0,18,2,12,Security
2,2,5.8,161,4,6,Performance
6,0,2.5,0,1,5,Hardware
1,0,1.2,38,1,12,Documentation
2,4,8.7,42,4,6,Security
2,5,8.4,36,3,4,Security
0,7,9.7,113,2,3,Security
1,9,2.1,70,5,17,Software
2,0,2.6,40,5,21,Firmware
4,3,3.9,79,4,12,Firmware
4,5,4.6,71,4,0,Performance
2,0,4.5,150,4,23,Performance
1,3,1.0,26,3,17,Documentation
1,6,3.7,63,4,16,Software
0,3,6.1,72,2,13,Firmware
1,5,8.7,59,4,20,Security
0,3,1.7,43,5,13,Documentation
1,6,1.2,91,2,21,Software
5,0,4.1,52,2,21,Hardware
2,7,9.3,123,3,19,Security
3,2,1.0,55,2,3,Firmware
0,0,1.4,36,4,17,Documentation
3,11,3.8,58,4,16,Software
0,9,4.0,117,2,4,Software
7,0,2.8,56,2,9,Hardware
0,8,3.3,32,5,22,Software
2,10,1.9,60,2,14,Software
6,2,3.8,34,2,10,Hardware
1,3,7.4,44,4,3,Security
8,0,1.0,45,4,16,Hardware
0,10,3.1,119,2,19,Software
2,3,8.2,43,4,16,Security
1,3,1.0,11,4,7,Documentation
0,8,4.5,66,2,22,Software
7,3,3.0,49,1,6,Hardware
3,2,3.5,101,2,19,Firmware
4,3,4.1,72,3,17,Firmware
2,10,5.0,95,3,19,Software
2,2,6.8,116,3,5,Performance
0,2,1.0,20,4,21,Documentation
7,0,3.0,49,4,14,Hardware
0,0,1.0,17,3,0,Documentation
8,0,2.9,30,2,7,Hardware
1,5,2.3,57,5,9,Software
8,0,2.1,23,4,19,Hardware
1,6,1.9,65,3,0,Software
1,1,1.0,29,4,2,Documentation
5,4,4.0,36,4,22,Firmware
2,5,4.1,35,5,9,Firmware
9,0,2.8,54,5,0,Hardware
0,1,1.0,94,3,22,Documentation
2,8,4.3,67,5,1,Software
2,6,7.2,51,5,18,Performance
1,1,1.1,29,3,13,Documentation
2,2,1.0,59,1,18,Documentation
7,1,1.7,48,5,8,Hardware
11,1,1.0,86,2,17,Hardware
3,2,2.8,107,3,0,Firmware
4,4,6.5,98,5,12,Performance
0,5,3.3,69,4,12,Software
7,0,3.4,40,1,8,Hardware
2,2,2.8,48,5,3,Firmware
2,4,7.2,65,5,5,Security
0,11,1.6,31,3,17,Software
8,2,4.0,1,5,3,Hardware
1,3,3.6,55,5,5,Firmware
2,5,8.7,97,2,16,Performance
1,3,2.1,22,1,2,Documentation
1,6,2.3,48,4,2,Software
0,0,1.3,58,5,21,Documentation
1,3,8.3,93,4,4,Security
0,2,1.5,32,1,4,Documentation
0,2,1.6,50,1,0,Documentation
2,5,6.6,80,5,0,Security
0,2,1.4,19,4,16,Documentation
6,0,2.1,62,5,8,Firmware
1,3,1.0,26,1,0,Documentation
1,1,1.5,8,3,15,Documentation
2,6,6.0,138,4,17,Performance
2,6,2.4,113,3,21,Software
0,1,1.0,44,3,9,Documentation
0,1,1.0,51,4,8,Documentation
9,1,3.4,80,1,5,Hardware
5,4,2.5,40,4,16,Firmware
0,1,1.5,35,5,18,Documentation
6,0,3.0,39,2,3,Hardware
1,1,1.1,5,4,7,Documentation
0,0,6.7,96,2,15,Performance
1,1,1.0,50,2,16,Documentation
0,3,1.0,36,5,2,Documentation
1,5,7.8,54,1,15,Security
2,4,8.2,70,1,16,Security
0,10,2.2,117,3,21,Software
11,0,3.9,42,3,13,Hardware
8,1,3.5,39,3,17,Hardware
0,8,1.5,57,1,1,Software
3,0,4.4,38,2,14,Performance
1,0,1.0,21,4,11,Documentation
1,2,1.0,33,1,2,Documentation
0,10,2.6,128,2,20,Software
3,2,8.5,104,4,8,Security
5,3,4.5,30,1,17,Firmware
1,5,7.1,48,5,15,Security
3,8,3.4,34,1,5,Software
5,1,2.6,63,2,11,Hardware
8,0,4.1,83,4,4,Hardware
0,2,1.7,29,1,2,Documentation
4,1,4.0,66,2,19,Performance
6,0,3.4,108,3,18,Hardware
2,4,2.5,116,2,8,Performance
0,1,1.8,36,1,4,Documentation
2,0,3.6,63,5,13,Hardware
1,9,3.6,72,5,8,Software
3,3,4.7,32,1,8,Firmware
1,5,6.0,56,4,2,Performance
1,8,3.5,30,2,6,Software
7,4,3.7,73,4,9,Firmware
3,2,3.5,54,4,13,Firmware
2,9,5.2,28,2,20,Firmware
0,9,4.1,98,3,8,Software
1,4,4.1,100,4,10,Firmware
2,10,3.0,71,1,5,Software
0,12,2.7,35,1,8,Software
10,3,2.6,30,5,8,Hardware
5,2,2.5,34,2,6,Hardware
0,10,4.3,39,1,11,Software
4,2,4.8,45,4,19,Firmware
1,1,1.7,33,4,2,Documentation
0,4,10.0,57,3,8,Security
5,6,5.1,76,4,10,Firmware
2,6,4.6,92,2,23,Performance
7,1,2.8,46,2,0,Hardware
4,5,5.4,9,4,4,Firmware
4,5,3.6,51,2,8,Firmware
0,10,3.0,88,5,17,Software
0,7,2.9,91,5,12,Software
3,7,2.9,29,1,8,Software
1,2,3.4,78,1,21,Firmware
1,5,7.3,38,5,16,Security
7,2,1.9,50,1,3,Hardware
2,2,5.0,122,5,8,Firmware
0,9,3.1,70,4,6,Software
3,6,3.7,63,2,13,Firmware
7,1,3.3,32,4,21,Hardware
0,10,3.8,138,4,14,Software
2,1,7.9,58,4,5,Security
1,11,1.3,73,3,9,Software
6,2,2.7,54,2,11,Firmware
1,4,5.8,74,3,19,Firmware
3,0,4.9,55,3,1,Firmware
10,1,3.3,54,4,0,Hardware
5,2,8.3,50,2,16,Performance
8,0,3.3,71,2,23,Hardware
5,3,3.1,87,1,9,Firmware
0,9,3.2,76,1,11,Software
5,0,4.8,40,3,19,Performance
2,4,8.9,80,4,0,Security
1,4,2.5,9,5,8,Software
0,0,1.0,46,5,8,Documentation
0,7,2.2,103,1,13,Software
7,1,2.7,54,3,21,Hardware
2,2,1.2,34,5,17,Documentation
4,2,4.7,50,3,11,Firmware
6,2,5.3,64,2,14,Firmware
8,0,1.4,79,5,23,Hardware
4,0,8.1,104,1,4,Performance
3,4,8.2,76,2,11,Security
2,3,1.2,28,2,16,Documentation
2,4,7.5,69,2,14,Security
2,1,5.3,34,2,12,Firmware
1,2,8.9,45,2,8,Security
4,2,5.2,33,4,6,Firmware
3,6,4.0,61,5,18,Firmware
5,1,3.3,60,3,12,Hardware
1,9,3.2,151,5,11,Software
8,0,3.4,66,1,12,Hardware
3,2,5.8,96,4,3,Performance
2,5,7.6,79,5,21,Security
1,8,3.9,123,2,14,Software
0,0,1.5,79,5,20,Documentation
3,7,8.1,52,1,5,Security
1,6,2.5,43,3,23,Software
6,3,2.9,70,1,14,Hardware
0,4,8.7,96,4,5,Performance
4,2,3.9,17,4,19,Hardware
0,12,3.7,105,5,3,Software
2,8,2.4,59,2,9,Software
1,5,7.5,54,5,0,Security
0,12,4.1,72,5,21,Software
10,0,2.6,34,5,4,Hardware
1,1,1.0,64,3,19,Documentation
1,10,1.3,83,1,18,Software
2,8,3.5,83,1,3,Software
1,7,1.2,109,1,22,Software
4,0,4.3,64,3,15,Firmware
8,0,3.4,43,5,20,Hardware
0,1,1.0,11,4,3,Documentation
0,2,1.0,24,1,22,Documentation
2,3,7.9,58,1,0,Security
0,6,2.9,60,1,3,Software
3,3,5.8,101,3,19,Performance
3,7,7.8,154,2,9,Performance
0,2,6.2,147,5,6,Performance
4,5,6.6,98,3,10,Performance
4,4,6.7,136,5,9,Performance
0,11,1.9,97,3,14,Software
8,0,3.7,59,1,7,Hardware
4,3,5.3,63,2,17,Firmware
4,4,5.9,105,1,12,Performance
0,6,8.7,55,1,7,Security
1,10,2.7,115,2,14,Software
1,13,2.7,106,2,4,Software
4,5,5.3,59,3,14,Firmware
0,10,1.8,112,5,23,Software
4,4,1.0,31,1,20,Documentation
0,1,1.0,50,2,17,Documentation
1,6,4.8,91,2,18,Software
1,6,2.2,74,2,18,Software
3,6,4.7,122,3,11,Performance
3,3,5.0,93,3,21,Performance
4,1,2.4,48,3,15,Hardware
0,4,1.0,41,5,22,Documentation
8,1,3.1,45,1,18,Hardware
1,3,1.0,22,2,17,Documentation
0,1,1.0,47,3,4,Documentation
2,4,7.2,96,1,10,Performance
4,0,1.8,38,3,21,Hardware
3,4,2.9,58,3,11,Firmware
6,3,4.2,99,5,6,Firmware
2,5,7.6,54,1,6,Security
11,1,3.1,36,5,20,Hardware
5,1,1.1,31,2,18,Hardware
3,1,1.5,49,5,0,Hardware
4,2,3.9,35,5,3,Firmware
4,4,3.9,119,2,20,Firmware
1,7,2.5,111,3,2,Software
0,2,2.0,47,1,15,Documentation
12,1,3.8,49,1,15,Hardware
13,0,5.1,51,1,23,Hardware
7,2,7.5,80,1,20,Performance
2,5,9.0,70,4,12,Security
5,5,3.2,52,4,11,Firmware
12,0,3.2,50,1,18,Hardware
4,3,8.9,182,2,9,Performance
0,2,1.0,44,4,22,Documentation
1,3,6.0,35,1,15,Performance
0,4,4.0,80,4,20,Software
4,1,2.2,34,3,8,Hardware
6,1,1.4,62,4,5,Hardware
3,9,1.9,51,4,11,Software
1,5,5.7,58,2,16,Security
3,1,7.3,117,4,5,Performance
3,3,5.6,18,5,17,Performance
2,3,6.8,52,4,17,Firmware
4,4,4.8,81,4,11,Firmware
4,6,4.5,65,2,4,Firmware
1,9,4.4,130,4,23,Software
0,1,1.0,44,5,1,Documentation
0,1,1.0,60,3,18,Documentation
2,3,7.3,103,4,0,Security
1,11,3.0,95,1,11,Software
0,11,3.3,124,1,15,Software
0,0,1.8,22,3,6,Documentation
0,2,6.2,140,5,8,Performance
6,2,6.2,140,2,9,Performance
1,6,2.4,34,2,23,Firmware
3,3,2.5,53,1,1,Firmware
3,2,7.5,47,3,11,Performance
8,0,1.3,21,2,13,Hardware
6,2,2.8,49,1,2,Hardware
4,1,10.0,168,1,12,Performance
4,2,2.4,46,2,16,Firmware
4,0,3.6,90,1,21,Firmware
2,7,7.8,28,2,9,Security
5,4,3.6,51,5,1,Firmware
5,3,4.1,31,5,12,Firmware
0,2,1.0,25,4,18,Documentation
4,4,1.7,55,5,10,Firmware
0,5,8.7,42,4,23,Security
1,4,1.0,19,4,18,Documentation
7,0,5.2,53,2,21,Hardware
0,11,1.6,27,5,20,Software
0,5,2.2,120,1,6,Software
3,6,8.0,95,2,11,Security
3,1,2.6,95,5,18,Firmware
0,7,8.8,80,1,23,Security
2,5,7.3,81,5,3,Security
9,0,1.2,32,4,2,Hardware
3,3,3.1,88,3,16,Firmware
0,3,1.4,16,3,17,Documentation
9,2,3.2,22,3,13,Hardware
0,3,3.7,127,5,4,Performance
2,3,5.4,104,5,18,Performance
2,10,3.2,47,2,10,Software
4,5,3.5,65,4,23,Firmware
9,2,2.6,51,4,13,Hardware
8,1,2.8,60,5,7,Hardware
2,1,10.0,47,5,9,Performance
7,0,5.0,8,3,12,Hardware
3,5,5.5,5,1,6,Firmware
2,4,5.2,110,3,18,Performance
5,3,4.0,63,4,23,Firmware
2,2,1.0,30,5,5,Documentation
1,4,9.1,52,5,23,Security
2,3,3.8,58,2,19,Firmware
6,2,2.5,24,3,19,Hardware
2,2,6.2,123,1,8,Performance
0,1,1.2,44,3,8,Documentation
4,0,5.8,24,2,12,Performance
4,0,6.0,137,3,21,Performance
7,2,2.9,41,5,9,Hardware
3,4,5.0,58,2,11,Firmware
6,0,2.2,49,1,0,Hardware
6,2,4.5,40,3,1,Hardware
1,1,1.1,9,3,2,Documentation
1,1,1.4,48,5,14,Documentation
1,7,3.6,46,1,17,Software
2,1,5.5,120,5,6,Performance
3,8,3.5,125,5,21,Firmware
2,9,3.6,87,2,22,Software
2,7,4.1,77,2,6,Software
1,3,6.4,85,4,6,Performance
1,1,1.5,45,5,21,Documentation
5,2,4.9,80,4,7,Firmware
2,6,3.6,89,4,16,Firmware
0,6,8.8,104,4,7,Security
0,6,8.4,63,3,0,Security
2,1,10.0,81,5,20,Performance
2,6,3.4,49,2,2,Software
2,4,7.9,49,4,5,Security
2,1,7.7,9,3,17,Performance
1,4,7.1,74,3,5,Security
1,1,2.9,37,5,12,Firmware
1,7,6.5,65,1,10,Security
0,2,5.1,190,4,6,Performance
8,2,4.4,67,2,8,Hardware
0,9,1.7,116,5,4,Software
5,0,2.2,76,1,9,Firmware
3,3,5.2,117,4,10,Firmware
2,7,2.8,36,2,21,Software
4,3,3.6,55,5,22,Firmware
1,5,5.3,182,3,5,Performance
2,6,6.9,63,4,19,Performance
13,1,3.4,42,4,8,Hardware
4,0,2.9,62,2,1,Hardware
6,2,4.9,82,2,5,Firmware
4,2,4.0,155,1,20,Performance
6,0,2.9,43,2,10,Hardware
4,3,3.7,45,4,20,Firmware
6,0,4.8,56,4,5,Hardware
7,0,2.1,19,5,17,Hardware
1,7,4.1,88,3,18,Software
5,3,4.1,25,5,2,Firmware
1,0,3.7,171,1,5,Performance
9,3,4.0,85,4,1,Firmware
2,9,3.5,94,2,5,Software
6,0,3.2,29,2,17,Hardware
1,0,4.7,53,4,18,Firmware
4,5,5.4,106,4,1,Performance
1,2,1.2,31,2,16,Documentation
8,0,4.1,60,2,8,Hardware
4,5,3.5,22,5,19,Firmware
4,1,3.2,63,1,5,Firmware
1,2,1.7,26,3,7,Documentation
3,5,2.1,38,5,4,Firmware
5,0,4.7,52,3,2,Firmware
1,6,1.9,80,1,3,Software
1,4,9.4,67,4,17,Security
0,9,4.1,63,3,9,Software
9,0,2.3,31,3,15,Hardware
4,7,8.1,41,4,19,Performance
5,5,4.6,110,2,21,Firmware
1,2,4.5,124,1,11,Performance
2,3,1.4,28,3,18,Documentation
1,0,6.9,70,1,14,Performance
10,1,4.4,51,2,7,Hardware
1,1,7.1,45,5,2,Performance
8,0,3.1,23,1,5,Hardware
1,8,5.6,65,3,6,Software
8,0,3.1,15,1,7,Hardware
1,1,1.0,34,2,19,Documentation
2,5,7.3,76,3,12,Security
3,4,3.6,49,5,7,Firmware
10,1,1.3,74,1,1,Hardware
1,3,3.0,54,2,15,Firmware
2,1,4.5,56,3,4,Firmware
5,0,1.5,23,5,0,Hardware
0,2,1.0,7,2,10,Documentation
5,0,4.2,64,2,9,Firmware
9,0,2.1,29,2,18,Hardware
3,5,7.2,35,1,2,Security
5,5,4.1,116,4,23,Firmware
0,9,3.4,74,3,22,Software
6,6,3.9,70,4,3,Firmware
8,0,3.0,55,1,22,Hardware
1,12,3.0,62,4,4,Software
0,9,1.9,82,1,1,Software
9,0,1.7,69,4,4,Hardware
0,5,3.7,100,4,11,Software
9,0,4.0,46,3,8,Hardware
0,9,4.7,59,1,11,Software
1,8,2.2,73,2,23,Software
1,8,3.3,115,4,10,Software
0,9,3.7,38,2,0,Software
3,2,6.5,150,5,22,Performance
1,0,4.2,41,1,12,Firmware
10,3,3.6,43,5,11,Hardware
0,2,1.5,17,1,0,Documentation
0,4,8.4,131,4,23,Performance
9,1,1.9,68,2,22,Hardware
0,8,3.1,60,5,6,Software
1,5,7.9,56,1,13,Security
1,7,2.3,75,5,2,Software
1,2,1.2,31,3,1,Documentation
0,2,1.0,3,5,3,Documentation
0,0,1.0,4,1,15,Documentation
0,9,1.5,84,3,1,Software
4,3,6.8,203,2,17,Performance
2,4,4.1,65,2,1,Firmware
1,2,1.0,38,3,10,Documentation
0,1,1.0,47,5,8,Documentation
3,2,3.5,92,5,21,Firmware
0,1,6.0,92,1,18,Performance
0,1,1.0,32,4,7,Documentation
2,10,2.3,76,1,6,Software
0,12,1.1,94,3,16,Software
1,0,1.2,20,3,18,Documentation
7,1,3.1,60,5,11,Hardware
3,4,8.7,27,3,9,Performance
0,7,2.1,95,3,9,Software
1,1,1.2,51,5,15,Documentation
0,7,3.8,64,2,18,Software
0,4,3.4,58,1,18,Firmware
0,9,3.7,120,4,4,Software
0,8,4.3,69,5,6,Software
1,1,1.0,1,3,3,Documentation
2,7,3.2,32,3,23,Software
5,5,5.1,93,4,14,Firmware
2,4,6.2,168,5,15,Performance
3,3,4.4,53,4,16,Firmware
2,11,5.2,71,3,20,Software
6,1,3.7,14,3,1,Hardware
10,0,3.9,31,4,4,Hardware
3,4,9.6,85,1,14,Security
2,8,7.6,63,3,1,Security
2,2,1.0,61,5,3,Documentation
0,0,5.8,78,1,14,Performance
7,0,3.3,52,1,1,Hardware
0,5,8.1,56,5,0,Security
3,2,6.0,73,2,21,Performance
7,0,2.3,27,4,0,Hardware
4,0,8.7,131,3,20,Performance
4,3,3.9,114,2,1,Firmware
9,1,3.9,89,4,0,Hardware
6,3,6.7,63,3,23,Performance
1,9,2.2,96,3,15,Software
3,1,3.2,72,5,5,Hardware
2,3,1.1,27,3,14,Documentation
2,4,3.2,58,1,7,Firmware
3,0,5.5,167,5,21,Performance
4,5,5.0,97,5,20,Firmware
1,1,1.3,43,5,18,Documentation
0,4,2.6,119,2,4,Software
5,2,3.5,33,1,2,Hardware
0,3,1.4,13,1,1,Documentation
1,1,1.0,37,4,13,Documentation
0,0,6.2,88,2,13,Performance
3,5,5.6,100,2,14,Performance
7,0,2.2,2,1,13,Hardware
0,5,2.3,112,5,22,Software
0,2,1.7,18,4,0,Documentation
7,0,3.4,62,2,20,Hardware
2,1,6.1,90,5,7,Performance
3,5,9.5,121,1,14,Performance
0,7,3.9,93,2,10,Software
3,2,9.9,76,1,22,Security
6,3,5.7,63,4,7,Firmware
1,8,2.6,58,3,17,Software
6,4,4.8,34,1,22,Firmware
8,0,3.2,13,4,19,Hardware
0,2,1.5,3,5,6,Documentation
0,11,3.3,52,1,8,Software
2,3,1.0,28,4,4,Documentation
0,1,1.0,30,5,11,Documentation
4,3,4.9,107,5,11,Performance
0,11,2.9,40,1,8,Software
4,5,2.9,90,3,22,Firmware
10,1,4.7,31,3,1,Hardware
5,5,6.6,80,2,15,Performance
0,4,7.3,77,2,4,Security
2,8,3.6,128,5,8,Software
7,1,3.2,52,4,5,Hardware
1,3,1.7,24,5,3,Documentation
1,6,1.5,75,3,2,Software
2,3,8.8,66,3,6,Security
9,0,4.5,24,5,21,Hardware
0,1,1.0,20,4,16,Documentation
0,8,2.9,45,4,18,Software
2,11,3.4,73,5,23,Software
1,10,3.9,112,1,3,Software
1,8,3.1,99,5,6,Software
0,7,3.4,101,5,7,Software
8,0,3.7,49,5,6,Hardware
2,5,8.8,172,4,20,Performance
8,1,3.4,41,5,4,Hardware
1,7,2.4,77,4,3,Software
9,0,2.2,55,5,5,Hardware
4,1,4.1,46,5,9,Firmware
0,1,6.0,232,4,12,Performance
0,4,1.0,36,1,23,Documentation
0,3,1.0,23,5,7,Documentation
5,1,7.4,67,5,14,Performance
2,1,8.6,112,4,20,Performance
5,2,4.2,41,2,10,Hardware
3,3,6.1,52,4,18,Firmware
0,10,6.6,91,3,13,Software
1,9,1.0,65,4,0,Software
0,1,1.0,1,1,19,Documentation
1,3,8.7,118,4,5,Security
1,12,1.5,58,1,19,Software
1,3,7.0,116,3,0,Performance
6,0,2.9,65,1,15,Hardware
7,1,4.8,51,2,1,Hardware
0,5,4.8,139,4,14,Performance
1,1,1.0,38,2,9,Documentation
2,6,5.2,114,5,8,Software
2,1,5.5,60,5,5,Firmware
0,1,1.2,35,1,1,Documentation
0,5,5.4,160,4,19,Performance
2,6,3.6,85,5,9,Software
8,0,2.1,25,4,1,Hardware
2,3,8.4,58,4,20,Security
2,7,5.2,127,4,2,Security
2,5,3.4,107,4,7,Performance
3,9,2.1,83,3,14,Software
1,4,8.1,71,5,17,Security
2,4,4.9,113,4,13,Performance
0,2,1.0,19,5,13,Documentation
2,3,1.7,16,3,4,Software
2,4,8.0,110,4,19,Security
6,2,5.3,1,4,8,Firmware
2,1,2.2,39,2,13,Documentation
5,4,3.0,71,1,22,Firmware
1,5,3.8,39,4,22,Performance
0,4,1.7,44,5,19,Documentation
1,3,6.7,58,2,5,Security
5,0,2.8,25,5,12,Hardware
6,0,2.1,35,1,15,Hardware
2,2,7.5,75,4,2,Security
2,1,1.1,22,1,4,Documentation
2,4,1.2,41,2,20,Documentation
0,1,1.0,7,2,14,Documentation
0,3,3.7,55,5,1,Firmware
2,10,6.1,96,2,3,Software
8,1,3.6,39,5,13,Hardware
0,2,1.3,28,2,3,Documentation
0,7,2.2,55,2,9,Software
5,2,2.2,109,4,10,Firmware
0,8,3.5,134,1,5,Software
0,4,1.5,147,2,12,Software
1,9,3.1,80,2,17,Software
2,4,8.6,53,2,3,Security
5,7,2.3,26,1,7,Firmware
8,1,1.3,45,5,7,Hardware
2,10,3.5,4,1,11,Software
0,3,6.4,108,2,19,Performance
3,4,2.5,58,1,11,Firmware
6,0,2.0,20,4,6,Hardware
11,0,2.2,70,4,8,Hardware
2,0,1.5,19,2,2,Documentation
0,11,3.6,128,3,17,Software
0,8,2.5,115,4,23,Software
0,7,7.7,67,4,5,Security
2,0,7.3,94,1,4,Performance
2,8,2.5,86,3,19,Software
5,0,3.0,54,3,16,Hardware
7,0,3.6,41,2,3,Hardware
7,0,3.1,6,2,0,Hardware
4,7,6.4,47,3,23,Firmware
0,0,4.2,36,3,13,Firmware
1,1,1.0,51,4,4,Documentation
6,3,4.4,40,2,7,Hardware
5,1,3.1,37,5,12,Hardware
1,6,3.4,60,3,1,Software
2,1,1.5,16,1,16,Documentation
8,0,1.7,16,5,20,Hardware
1,8,3.5,62,3,12,Software
3,4,5.0,100,4,5,Performance
3,4,6.7,75,4,3,Performance
4,4,5.4,77,5,13,Firmware
4,1,6.0,74,5,6,Performance
10,0,2.8,54,4,0,Hardware
1,7,7.8,67,4,19,Security
3,2,4.4,100,4,18,Firmware
7,0,2.3,30,2,15,Hardware
1,2,7.6,51,1,5,Security
1,2,1.0,16,4,8,Documentation
2,2,4.1,53,2,2,Firmware
3,4,2.4,24,3,13,Firmware
2,0,4.4,114,3,6,Performance
4,3,3.5,20,1,4,Performance
1,9,4.0,59,5,11,Software
1,7,8.2,78,4,4,Security
4,0,5.8,35,3,3,Firmware
3,4,5.5,117,4,22,Performance
0,0,1.0,42,5,1,Documentation
3,3,3.6,53,4,10,Firmware
0,7,5.1,100,3,0,Software
1,7,3.2,0,2,6,Software
8,3,2.9,5,1,20,Hardware
8,3,1.3,47,2,16,Hardware
0,8,4.3,64,5,20,Software
0,7,3.6,83,3,7,Software
0,8,3.8,49,2,8,Software
1,1,1.2,32,3,22,Documentation
2,7,7.8,78,4,15,Security
1,5,6.5,64,5,12,Performance
0,2,3.2,85,2,19,Firmware
8,5,3.4,64,3,4,Firmware
6,1,2.4,56,5,11,Hardware
8,4,2.5,68,2,20,Firmware
0,6,5.6,6,3,15,Firmware
0,3,8.2,79,2,1,Security
7,0,3.1,29,5,18,Hardware
2,11,3.6,78,3,2,Software
10,0,4.0,44,4,13,Hardware
0,3,7.0,27,1,17,Security
0,7,2.6,77,2,23,Software
1,5,7.1,102,5,14,Performance
2,0,6.3,170,2,9,Performance
4,3,6.5,116,4,9,Performance
2,5,3.6,53,2,22,Firmware
3,3,8.9,44,3,5,Security
1,3,6.4,131,5,21,Performance
2,2,1.0,29,4,17,Documentation
2,4,6.5,147,4,12,Performance
0,8,1.3,69,2,18,Software
2,9,2.1,55,4,10,Software
1,1,1.0,47,1,15,Documentation
0,10,1.3,79,4,1,Software
2,4,8.3,61,4,0,Security
1,3,2.9,83,1,13,Software
1,3,6.0,49,3,7,Firmware
4,1,3.7,28,5,23,Hardware
3,3,3.5,44,4,5,Firmware
0,9,2.5,84,5,2,Software
7,0,2.6,34,4,2,Hardware
3,3,6.4,69,4,7,Security
3,1,5.8,134,4,12,Performance
5,0,2.6,8,5,6,Hardware
3,9,4.6,92,5,8,Software
4,4,8.1,181,5,11,Performance
7,2,3.8,40,3,15,Hardware
5,0,3.9,35,2,21,Hardware
7,0,1.6,61,2,17,Hardware
3,3,3.5,81,5,12,Performance
1,3,1.0,46,4,7,Documentation
3,4,4.2,73,2,17,Firmware
3,3,3.4,42,2,11,Firmware
0,5,6.7,71,3,22,Security
2,7,2.0,55,1,4,Software
5,4,3.7,58,2,16,Firmware
1,3,6.7,150,2,11,Performance
3,0,3.2,41,4,17,Hardware
2,2,9.3,89,2,1,Security
3,3,5.5,59,3,17,Firmware
0,9,4.4,51,3,10,Software
1,9,2.9,44,4,11,Software
0,1,1.1,42,3,1,Documentation
4,5,4.2,54,4,7,Firmware
7,1,2.6,34,5,10,Hardware
2,0,4.3,179,2,2,Performance
0,3,1.2,19,5,7,Documentation
0,2,1.4,12,2,18,Documentation
4,2,5.9,135,5,1,Performance
1,6,7.6,19,4,12,Security
5,5,3.5,55,1,13,Firmware
0,0,1.0,45,4,14,Documentation
0,6,3.4,91,2,9,Software
2,1,5.5,134,1,17,Performance
2,7,7.5,44,1,16,Security
2,4,9.8,43,1,0,Security
3,1,1.0,38,3,3,Documentation
5,0,2.8,48,4,12,Hardware
0,1,1.0,18,3,17,Documentation
0,2,1.0,19,5,14,Documentation
2,7,2.3,37,5,19,Software
0,8,1.9,82,1,3,Software
1,2,7.4,82,3,10,Security
0,5,1.0,11,1,6,Documentation
3,5,3.9,62,5,19,Firmware
0,4,6.0,167,4,14,Performance
1,2,1.1,35,5,8,Documentation
1,0,1.0,24,5,12,Documentation
0,8,3.0,23,3,20,Software
3,2,1.0,4,1,20,Documentation
7,3,3.4,71,3,20,Firmware
7,0,2.8,23,5,15,Hardware
8,4,2.7,40,2,21,Firmware
1,2,2.4,67,4,1,Firmware
2,3,5.9,195,1,22,Performance
4,12,4.8,64,5,9,Software
3,2,5.5,95,1,9,Performance
2,3,1.0,39,1,14,Documentation
3,0,4.0,63,5,23,Firmware
3,2,6.3,87,4,10,Performance
0,11,2.6,137,5,3,Software
0,10,2.0,41,3,2,Software
4,6,8.2,108,5,21,Performance
1,4,3.9,46,1,18,Software
7,2,2.9,22,1,21,Hardware
3,3,3.0,59,3,20,Firmware
0,9,3.2,47,4,20,Software
5,1,3.5,73,5,3,Hardware
6,6,4.7,81,4,10,Firmware
3,3,2.9,83,1,20,Firmware
1,4,4.7,149,4,15,Performance
0,2,1.2,41,4,3,Documentation
0,0,1.0,54,1,0,Documentation
2,2,7.8,58,5,14,Security
0,8,1.1,50,5,0,Software
2,6,6.5,117,3,22,Performance
0,5,2.9,91,3,20,Software
2,4,7.7,81,5,9,Security
1,0,1.0,10,4,22,Documentation
5,3,5.1,29,3,1,Firmware
0,2,3.6,60,5,18,Firmware
1,4,6.6,113,3,4,Performance
0,1,2.3,53,5,5,Documentation
3,4,4.0,97,3,20,Firmware
6,2,6.5,50,5,13,Firmware
0,1,1.0,56,5,6,Documentation
2,7,6.6,52,3,14,Security
4,1,4.0,103,1,18,Performance
9,1,2.0,20,2,18,Hardware
1,10,2.8,102,3,22,Software
2,8,6.8,114,4,6,Security
0,6,6.7,77,1,11,Performance
3,0,5.4,126,3,2,Performance
6,1,2.8,17,5,8,Hardware
0,6,1.5,37,4,19,Software
0,8,2.2,50,1,14,Software
0,2,1.0,39,2,16,Documentation
2,4,6.0,18,2,23,Performance
11,2,3.2,2,5,16,Hardware
3,1,3.4,40,4,5,Firmware
7,0,2.6,25,3,10,Hardware
5,2,1.0,43,3,4,Hardware
1,2,1.0,34,2,11,Documentation
4,6,7.5,37,5,16,Security
4,6,4.1,77,2,16,Performance
1,11,5.1,104,4,11,Software
1,0,5.8,32,2,21,Performance
0,7,2.4,98,3,18,Software
10,1,1.7,58,3,21,Hardware
0,6,2.7,77,1,0,Software
0,9,2.0,45,3,12,Software
0,11,3.3,71,5,17,Software
6,0,2.0,44,2,10,Hardware
0,2,1.2,11,2,19,Documentation
2,8,9.3,61,3,20,Security
7,1,1.4,61,1,23,Hardware
10,1,2.6,46,3,18,Hardware
0,6,4.7,19,4,22,Firmware
1,1,5.1,109,1,4,Performance
7,2,2.2,48,4,8,Hardware
4,1,3.8,52,1,10,Hardware
4,2,9.0,121,5,0,Performance
1,2,3.6,0,3,18,Performance
2,5,5.1,81,3,7,Firmware
0,8,4.8,33,1,9,Software
2,3,5.7,145,2,0,Performance
11,1,2.0,14,5,9,Hardware
3,8,3.4,112,2,8,Software
4,1,3.0,41,4,20,Hardware
2,0,4.7,71,5,6,Performance
8,0,3.1,25,4,16,Hardware
7,1,3.1,55,2,15,Hardware
0,10,2.7,53,4,2,Software
6,3,3.6,38,4,10,Hardware
0,6,3.3,97,1,0,Software
1,6,4.6,108,4,23,Performance
6,0,5.4,126,1,0,Performance
0,8,3.3,94,5,23,Software
0,10,3.1,94,4,23,Software
2,10,2.0,78,2,7,Software
1,2,1.0,33,2,18,Documentation
1,10,3.8,91,1,17,Software
1,10,1.1,53,4,11,Software
7,0,3.4,48,5,16,Hardware
2,8,4.2,41,2,11,Software
4,3,3.3,50,1,0,Firmware
4,2,2.9,84,2,16,Firmware
6,5,2.8,44,1,7,Firmware
2,6,6.8,112,4,13,Performance
0,1,1.7,35,5,22,Documentation
3,1,8.5,155,5,12,Performance
1,7,2.1,79,5,6,Software
1,10,2.9,96,3,18,Software
0,1,1.7,49,1,17,Documentation
1,2,1.0,4,5,18,Documentation
5,0,4.9,69,2,0,Performance
1,3,7.4,95,3,5,Security
1,1,4.8,61,1,2,Performance
7,0,1.9,65,4,6,Hardware
1,5,4.0,51,2,5,Firmware
3,3,5.9,78,1,22,Firmware
0,5,3.4,130,3,3,Software
7,0,4.3,42,5,17,Hardware
3,3,6.9,79,5,4,Performance
10,2,3.5,30,4,22,Hardware
5,1,6.9,93,5,21,Performance
7,0,2.7,66,4,14,Hardware
5,5,4.4,27,4,21,Firmware
2,11,3.4,102,2,17,Software
1,5,10.0,73,5,1,Security
0,8,1.0,72,3,15,Software
5,1,4.7,60,5,9,Hardware
2,4,7.2,55,2,11,Performance
1,8,2.2,102,5,2,Software
1,10,3.0,122,3,2,Software
3,1,2.9,124,4,0,Firmware
2,4,2.5,110,2,17,Firmware
2,10,2.7,98,4,18,Software
0,3,1.1,41,3,12,Documentation
4,8,3.9,80,5,21,Firmware
5,3,4.2,69,4,14,Performance
4,4,7.5,152,5,22,Performance
5,7,5.2,55,3,5,Firmware
1,5,9.5,111,1,14,Security
1,5,8.4,95,4,6,Security
0,9,4.4,46,4,15,Software
9,1,3.4,36,3,13,Hardware
3,2,4.1,115,4,5,Performance
3,1,4.2,123,4,2,Performance
2,10,2.8,50,4,0,Software
1,1,1.6,31,4,21,Documentation
8,0,2.7,52,3,10,Hardware
0,9,3.5,80,5,3,Software
0,10,2.7,90,4,15,Software
1,2,1.2,34,4,9,Documentation
2,6,7.8,95,4,17,Security
7,1,1.0,36,3,6,Hardware
2,3,6.5,52,2,4,Performance
1,6,2.6,50,1,16,Software
1,1,1.4,17,2,16,Documentation
3,7,3.5,41,5,19,Software
2,6,4.9,114,2,17,Performance
7,0,1.4,15,3,3,Hardware
7,1,4.4,35,2,15,Hardware
8,2,4.4,38,3,21,Hardware
1,9,4.2,94,3,14,Software
4,6,2.4,98,5,11,Firmware
5,6,3.3,85,2,21,Firmware
1,2,5.5,140,2,17,Performance
4,2,4.9,48,3,5,Firmware
0,1,1.3,36,1,16,Documentation
6,0,3.3,14,3,10,Hardware
2,1,4.1,18,5,7,Firmware
0,10,2.7,110,3,1,Software
0,7,2.0,137,1,13,Software
0,7,2.7,74,2,13,Software
0,10,4.1,57,4,0,Software
5,2,6.4,65,1,18,Performance
9,0,2.9,37,4,7,Hardware
3,10,4.3,70,5,20,Software
8,0,2.9,33,3,1,Hardware
8,4,3.5,55,3,10,Firmware
0,2,5.8,44,5,23,Firmware
4,4,1.9,70,2,15,Firmware
0,7,3.0,111,5,13,Software
3,2,3.4,64,2,0,Hardware
0,5,5.0,68,1,18,Software
3,5,2.7,45,5,12,Firmware
8,1,1.7,56,5,6,Hardware
5,4,4.6,96,5,23,Firmware
0,7,3.8,28,3,7,Software
0,11,3.6,74,4,13,Software
2,1,5.3,97,4,3,Performance
8,1,3.2,21,3,8,Hardware
2,6,3.2,136,2,18,Software
6,2,4.5,67,1,12,Hardware
3,4,3.8,65,2,16,Firmware
0,8,2.0,55,3,2,Software
10,1,4.1,44,5,10,Hardware
1,5,8.5,76,5,15,Security
1,3,8.7,43,2,11,Security
0,9,1.9,100,3,19,Software
1,2,1.0,28,1,1,Documentation
3,4,7.0,62,5,6,Security
4,5,3.9,22,2,13,Firmware
2,4,2.8,54,2,8,Firmware
0,4,7.6,84,4,8,Security
10,0,3.4,48,1,10,Hardware
10,0,3.2,0,4,13,Hardware
1,11,4.3,142,4,7,Software
0,2,1.7,32,1,19,Documentation
0,1,1.1,39,3,20,Documentation
7,0,3.9,52,5,8,Hardware
7,0,2.2,35,1,17,Hardware
0,6,7.4,104,3,23,Performance
1,12,4.3,82,3,12,Software
3,7,3.2,39,3,17,Firmware
4,5,4.4,62,3,20,Firmware
1,6,1.0,58,1,18,Software
1,9,5.1,69,5,15,Software
0,5,7.7,36,3,6,Security
6,1,4.2,31,3,2,Hardware
1,4,7.7,81,5,1,Security
0,11,1.6,107,5,15,Software
2,3,1.0,48,2,15,Documentation
5,2,7.2,148,4,1,Performance
1,8,3.3,136,4,23,Software
3,7,6.4,112,1,3,Security
1,11,5.2,101,2,16,Software
1,6,6.5,122,4,0,Security
7,0,2.8,30,2,12,Hardware
5,3,9.8,57,3,8,Performance
1,4,7.3,34,2,4,Security
0,9,2.8,110,3,14,Software
1,10,4.6,102,3,19,Software
4,1,4.0,32,3,14,Firmware
0,2,1.0,33,3,10,Documentation
4,1,3.2,54,1,23,Hardware
1,2,1.0,25,1,11,Documentation
1,2,5.8,152,4,20,Performance
1,2,7.9,95,5,17,Security
2,9,2.5,47,2,6,Software
1,12,3.9,120,5,20,Software
1,3,6.9,93,1,15,Security
5,1,3.4,55,5,17,Hardware
2,3,8.9,49,1,18,Security
0,1,1.7,12,5,21,Documentation
1,6,9.5,48,4,2,Security
0,4,1.0,20,5,8,Documentation
0,6,4.0,49,1,19,Software
0,6,2.4,86,3,17,Software
6,0,4.5,40,3,17,Firmware
2,3,4.4,161,5,11,Performance
0,9,3.6,79,2,7,Software
10,1,2.0,49,1,11,Hardware
3,8,2.8,39,1,22,Software
7,0,3.3,26,5,22,Hardware
2,3,7.8,42,4,14,Security
0,0,5.7,141,3,13,Performance
2,5,3.3,24,2,11,Firmware
5,0,2.9,60,4,23,Hardware
6,1,2.3,74,2,23,Hardware
7,1,3.5,77,1,5,Hardware
1,4,7.8,83,4,17,Performance
1,10,3.0,101,1,20,Software
6,0,3.1,37,1,3,Hardware
7,0,3.2,34,4,18,Firmware
2,3,5.5,59,1,5,Security
4,2,7.7,157,5,21,Performance
2,8,5.2,82,4,10,Software
2,2,1.0,46,4,8,Documentation
4,0,4.9,160,3,16,Performance
2,3,7.0,32,2,17,Security
0,9,2.5,101,3,13,Software
2,6,8.8,27,1,9,Security
12,1,2.9,41,3,9,Hardware
2,7,2.3,43,2,8,Software
1,2,1.9,20,2,9,Documentation
0,10,3.5,106,5,5,Software
1,6,9.3,68,3,2,Security
3,1,7.6,96,4,11,Performance
11,1,2.0,60,1,18,Hardware
3,4,2.8,40,2,4,Firmware
5,4,3.9,59,5,7,Firmware
8,0,3.6,45,5,4,Hardware
1,8,3.1,0,5,23,Software
7,2,3.6,5,4,7,Hardware
9,3,1.5,0,2,10,Hardware
9,1,4.1,33,1,16,Hardware
3,3,8.2,100,2,18,Security
0,3,6.8,145,2,21,Performance
1,8,4.0,120,2,3,Software
5,2,4.7,60,3,4,Firmware
0,9,3.8,99,5,19,Software
8,0,4.5,67,5,21,Hardware
0,1,1.0,27,1,21,Documentation
4,2,3.9,32,3,17,Hardware
8,0,2.2,54,4,7,Hardware
7,2,3.8,18,4,2,Hardware
9,0,2.9,42,3,1,Hardware
7,5,3.7,40,2,20,Firmware
1,3,7.5,74,2,13,Security
1,0,4.9,102,4,4,Firmware
0,1,5.2,52,3,7,Performance
6,1,2.3,46,5,22,Hardware
10,0,2.7,20,2,11,Hardware
5,2,4.8,141,4,10,Performance
2,3,4.6,43,5,2,Firmware
6,1,3.8,41,4,2,Hardware
2,6,8.7,95,2,4,Security
8,1,3.0,43,3,14,Hardware
5,2,5.1,56,2,18,Firmware
1,8,1.6,125,5,23,Software
3,5,3.2,86,5,10,Firmware
1,4,4.5,50,1,18,Firmware
0,0,1.0,22,2,17,Documentation
0,11,2.4,87,3,17,Software
0,7,3.9,48,4,22,Software
10,1,2.0,93,2,7,Hardware
5,1,2.1,62,4,12,Hardware
3,3,3.4,44,4,10,Firmware
10,1,3.2,28,5,0,Hardware
2,5,7.6,85,2,6,Security
1,10,3.8,73,5,19,Software
2,3,6.5,65,4,21,Security
4,5,2.5,30,2,15,Firmware
7,2,6.6,77,3,10,Firmware
8,1,3.9,69,3,0,Hardware
3,1,1.9,90,1,23,Hardware
2,3,6.1,65,2,16,Performance
0,12,4.7,124,3,18,Software
1,9,4.5,75,2,17,Software
1,6,10.0,69,4,3,Security
1,5,1.0,37,5,18,Software
0,12,2.9,78,4,1,Software
0,2,1.0,2,4,8,Documentation
5,3,6.7,131,5,13,Performance
2,4,4.8,93,5,7,Performance
3,3,5.8,42,2,13,Firmware
0,9,3.9,89,2,1,Software
2,8,7.7,105,2,1,Security
4,4,3.8,92,4,14,Firmware
8,2,2.9,40,5,10,Hardware
5,0,4.6,42,2,5,Firmware
1,11,2.9,38,4,18,Software
0,2,1.0,23,2,4,Documentation
2,10,4.4,0,4,4,Software
0,2,1.3,22,5,14,Documentation
0,9,2.9,77,5,21,Software
6,1,2.7,66,4,22,Hardware
2,2,5.1,150,5,9,Performance
1,3,1.3,24,2,8,Documentation
0,10,2.0,81,4,20,Software
10,1,2.0,44,3,20,Hardware
1,9,8.9,71,5,17,Security
1,13,3.8,102,4,2,Software
10,1,4.1,96,3,16,Hardware
5,1,4.1,74,1,17,Firmware
1,9,3.0,91,4,0,Software
0,7,3.1,58,4,11,Software
0,6,2.9,86,2,8,Software
2,1,5.3,53,2,9,Firmware
9,0,2.4,86,1,16,Hardware
4,1,7.2,68,3,4,Performance
3,3,7.8,68,4,9,Security
9,1,3.3,67,1,14,Hardware
0,2,1.2,28,3,22,Documentation
2,0,5.1,73,3,9,Performance
0,10,4.7,123,5,9,Software
4,2,3.7,84,4,20,Firmware
0,8,1.7,125,1,1,Software
2,6,7.9,63,3,15,Security
0,3,1.0,38,4,22,Documentation
1,9,8.7,66,2,6,Security
0,10,2.6,67,1,18,Software
11,2,3.2,56,4,20,Hardware
0,9,3.7,85,1,8,Software
1,5,8.4,44,2,15,Security
2,10,3.5,60,4,18,Software
9,1,2.2,25,4,22,Hardware
1,8,1.0,89,2,6,Software
4,0,3.8,35,5,4,Hardware
2,7,2.5,83,3,7,Software
2,7,3.3,114,3,15,Software
0,7,2.6,67,2,23,Software
1,5,3.3,32,3,19,Firmware
7,3,3.4,48,4,18,Firmware
8,0,2.4,44,5,19,Hardware
4,4,4.6,103,5,18,Performance
0,2,1.2,35,3,1,Documentation
0,8,2.8,87,3,19,Software
6,0,8.4,85,3,11,Performance
8,0,3.9,50,2,21,Hardware
1,7,1.0,69,3,16,Software
1,4,3.1,103,2,1,Firmware
10,0,2.4,49,1,1,Hardware
3,4,4.0,68,1,10,Performance
2,0,1.0,26,1,11,Documentation
0,2,1.0,13,3,17,Documentation
1,1,1.0,35,2,16,Documentation
7,1,4.5,21,5,0,Hardware
6,0,4.1,78,4,21,Firmware
1,3,1.0,30,1,0,Documentation
2,3,2.6,51,1,21,Firmware
7,0,2.0,57,4,17,Hardware
0,7,2.4,50,2,19,Software
5,4,2.8,99,1,19,Performance
7,2,2.2,56,3,0,Hardware
6,0,4.0,45,1,15,Hardware
8,6,4.6,87,5,21,Performance
1,10,3.4,38,4,2,Software
0,11,1.5,42,3,7,Software
11,0,3.0,41,3,14,Hardware
3,4,3.0,19,4,5,Firmware
1,3,1.0,25,3,13,Documentation
4,2,4.1,59,4,19,Firmware
8,1,1.6,40,2,1,Hardware
0,8,3.3,81,2,10,Software
7,0,3.7,41,1,14,Hardware
2,6,3.9,49,4,20,Firmware
0,9,1.0,107,1,21,Software
7,1,2.8,62,3,21,Hardware
3,4,5.8,75,5,18,Firmware
1,11,2.4,46,4,3,Software
2,5,4.4,19,4,17,Firmware
1,7,3.1,89,5,0,Software
1,11,3.0,118,4,14,Software
2,3,5.8,18,4,13,Firmware
1,2,1.9,58,5,18,Documentation
0,7,3.2,18,4,5,Software
6,1,3.0,24,2,10,Hardware
1,9,2.2,95,3,7,Software
1,2,5.3,56,4,0,Performance
6,1,3.0,57,2,4,Hardware
5,1,5.7,45,3,11,Performance
0,0,6.2,85,1,6,Performance
1,1,1.1,27,5,19,Documentation
0,9,2.7,71,1,3,Software
4,1,4.5,100,5,13,Firmware
0,3,8.1,127,2,7,Performance
0,8,3.3,114,4,16,Software
1,11,2.2,66,3,3,Software
2,9,3.8,36,4,18,Software
9,1,2.2,44,2,10,Hardware
0,2,1.5,43,2,8,Documentation
5,1,3.0,18,2,23,Hardware
1,1,1.0,20,2,14,Documentation
1,1,1.1,15,1,4,Documentation
2,2,1.0,41,3,12,Documentation
2,0,1.6,34,4,22,Documentation
5,0,4.7,53,1,18,Hardware
3,4,8.2,76,5,20,Security
8,0,2.1,15,1,5,Hardware
5,10,4.3,62,5,19,Firmware
5,6,4.0,63,5,21,Firmware
7,0,1.4,53,3,4,Hardware
1,5,8.9,68,4,12,Security
1,4,6.2,50,1,23,Performance
6,0,5.1,27,2,22,Hardware
2,4,7.4,79,1,7,Security
3,3,3.7,7,4,2,Firmware
1,6,3.8,108,4,20,Software
1,8,7.4,78,5,9,Security
5,1,2.8,36,3,1,Hardware
8,0,2.8,64,3,17,Hardware
10,0,2.4,34,5,3,Hardware
7,7,1.7,72,2,14,Firmware
0,9,2.4,100,3,13,Software
0,2,1.7,25,5,8,Documentation
3,3,4.2,48,2,12,Firmware
7,0,4.4,26,3,13,Hardware
8,0,3.4,61,1,22,Hardware
3,1,1.4,54,2,4,Documentation
3,3,5.5,72,4,4,Performance
11,0,2.1,39,2,0,Hardware
4,4,7.1,139,3,9,Performance
7,2,3.5,69,5,21,Hardware
0,10,3.2,73,3,10,Software
0,10,4.8,72,5,5,Software
5,5,3.1,20,2,2,Firmware
2,3,3.5,54,5,14,Firmware
8,1,2.0,68,1,5,Hardware
2,4,3.4,45,1,11,Firmware
2,8,5.0,74,2,14,Software
1,0,5.7,114,2,9,Performance
5,6,3.1,20,3,7,Firmware
0,8,1.7,106,1,2,Software
2,4,2.9,47,3,23,Firmware
5,2,4.2,55,4,2,Hardware
2,10,1.0,121,2,4,Software
9,2,2.4,7,2,2,Hardware
3,3,7.8,57,3,22,Security
4,4,3.5,29,2,4,Firmware
6,7,6.3,145,1,17,Performance
2,4,8.3,74,2,8,Security
8,0,4.5,16,2,10,Hardware
0,2,1.2,30,4,6,Documentation
2,1,4.9,85,2,16,Performance
3,2,4.0,51,2,8,Firmware
1,4,4.1,61,2,6,Firmware
8,1,2.1,9,4,12,Hardware
2,3,8.4,52,5,11,Security
1,3,6.1,74,4,8,Security
7,0,2.6,78,2,19,Hardware
8,1,3.7,28,3,22,Hardware
1,2,1.9,30,5,7,Documentation
1,8,2.3,90,1,19,Software
0,5,10.0,90,2,9,Security
5,5,3.0,82,3,1,Firmware
3,1,1.6,1,4,14,Documentation
2,0,7.4,55,5,6,Performance
8,0,4.1,24,2,19,Hardware
6,0,1.7,47,1,8,Hardware
0,10,3.9,74,3,1,Software
0,8,1.7,48,4,20,Software
0,4,6.6,95,2,13,Performance
2,0,1.0,28,2,2,Documentation
3,3,8.0,171,4,7,Performance
3,7,3.7,71,2,17,Firmware
12,0,3.6,39,4,17,Hardware
0,9,3.0,77,5,12,Software
0,10,3.5,91,4,23,Software
2,5,9.5,81,1,2,Security
1,10,2.5,52,2,19,Software
1,3,7.0,130,4,21,Performance
9,1,2.6,73,3,2,Hardware
5,0,4.4,52,2,19,Hardware
0,0,1.0,25,2,22,Documentation
1,1,1.0,37,4,3,Documentation
2,3,1.0,22,4,14,Documentation
2,6,8.9,75,1,6,Security
1,2,1.6,26,1,17,Documentation
1,4,8.6,12,2,2,Security
6,1,3.0,58,2,8,Hardware
5,3,4.1,79,3,20,Firmware
4,1,4.0,41,5,17,Firmware
5,1,1.4,129,5,0,Performance
0,6,3.6,68,1,4,Software
0,12,2.9,65,4,17,Software
1,6,4.3,66,5,16,Firmware
1,11,3.1,52,3,4,Software
10,3,3.2,85,4,22,Hardware
2,4,3.7,7,5,1,Firmware
1,6,3.0,55,3,2,Software
0,8,2.8,42,5,13,Software
5,1,6.7,110,1,6,Performance
9,2,1.0,40,2,8,Hardware
0,1,1.0,32,4,23,Documentation
1,6,1.7,71,3,11,Software
0,9,2.2,50,2,23,Software
5,1,6.0,51,5,15,Performance
5,0,2.7,65,2,1,Hardware
5,1,2.5,77,2,18,Hardware
11,1,3.3,50,3,10,Hardware
0,9,2.0,73,3,9,Software
2,11,1.7,139,1,11,Software
5,7,3.2,94,2,6,Performance
1,7,8.6,48,2,23,Security
2,5,7.7,65,3,5,Performance
5,7,4.5,93,4,13,Firmware
0,8,2.9,104,3,19,Software
0,1,1.0,36,5,2,Documentation
0,1,1.7,45,3,15,Documentation
4,1,4.6,54,2,0,Firmware
5,1,2.0,48,2,8,Hardware
9,0,2.7,63,2,17,Hardware
1,2,1.4,0,3,15,Documentation
5,0,5.4,33,3,12,Firmware
3,7,5.1,42,2,10,Firmware
2,9,2.7,111,5,19,Software
2,10,2.6,76,4,4,Software
11,1,2.9,45,2,16,Hardware
1,6,3.4,106,2,0,Software
1,2,1.0,50,3,22,Documentation
0,2,6.8,70,1,6,Performance
3,0,4.0,100,2,12,Performance
1,1,2.0,20,4,3,Documentation
1,11,3.5,82,2,4,Software
0,13,3.5,20,1,9,Software
2,1,1.2,17,3,12,Documentation
1,8,3.8,86,1,21,Software
7,1,2.3,30,2,1,Hardware
4,0,5.8,114,3,18,Performance
0,6,4.3,105,1,21,Software
0,2,1.0,20,4,17,Documentation
1,9,2.6,98,4,0,Software
7,4,8.5,99,3,3,Performance
2,7,8.7,111,2,7,Security
0,10,2.4,23,5,18,Software
1,10,4.2,72,5,19,Software
3,1,5.6,144,1,11,Performance
5,2,8.6,107,2,2,Performance
1,10,4.0,60,2,7,Software
3,9,8.0,35,1,6,Security
9,1,4.7,53,4,22,Hardware
1,5,6.9,83,4,5,Security
8,5,3.9,40,2,11,Firmware
10,1,2.2,75,2,7,Hardware
1,2,1.0,29,5,4,Documentation
3,5,7.9,46,2,14,Security
8,0,2.1,66,3,2,Hardware
1,1,1.2,36,5,7,Documentation
0,10,3.6,58,3,10,Software
7,0,2.6,33,2,1,Hardware
1,5,2.1,76,4,2,Software
0,6,2.9,55,2,11,Software
0,8,1.8,97,4,22,Software
1,2,4.1,52,3,22,Firmware
0,3,3.4,86,4,12,Firmware
0,7,3.8,99,1,3,Software
1,0,1.0,24,3,13,Documentation
7,2,1.0,65,3,8,Hardware
8,1,3.6,70,1,9,Hardware
1,0,8.2,54,3,1,Security
3,0,3.2,94,3,12,Firmware
3,2,3.9,73,2,5,Firmware
3,3,8.3,52,2,4,Performance
1,1,7.5,145,4,17,Performance
9,0,3.5,53,5,0,Hardware
0,5,4.3,39,3,11,Software
2,10,3.4,95,3,1,Software
5,0,3.9,59,3,16,Hardware
9,1,2.0,83,5,13,Hardware
0,3,1.0,50,2,12,Documentation
5,0,5.1,45,4,17,Firmware
2,5,7.8,52,2,13,Security
2,7,8.6,40,5,22,Security
6,1,3.1,31,4,3,Hardware
4,1,4.3,85,1,20,Firmware
8,0,3.0,10,1,8,Hardware
9,2,4.0,35,3,6,Hardware
6,1,3.0,33,4,15,Hardware
1,4,8.7,55,1,0,Security
7,0,3.5,52,5,11,Hardware
0,7,3.8,101,3,16,Software
1,4,9.3,53,1,11,Security
1,0,1.0,28,4,1,Documentation
5,2,2.8,46,1,10,Hardware
4,1,7.1,58,3,22,Performance
4,3,4.4,54,1,10,Firmware
8,0,1.9,43,2,22,Hardware
2,5,4.5,73,3,15,Firmware
7,0,1.7,51,5,19,Hardware
7,1,1.8,40,1,1,Hardware
1,10,1.9,125,3,5,Software
1,3,8.3,66,2,3,Performance
4,0,3.0,34,1,15,Hardware
2,0,6.7,25,3,17,Performance
1,7,1.5,95,4,22,Software
0,5,3.6,74,3,12,Software
7,4,3.4,19,3,2,Firmware
1,1,6.6,85,1,10,Performance
7,0,3.9,42,3,14,Hardware
1,6,3.2,100,2,23,Software
2,7,2.6,94,2,23,Software
3,3,10.0,41,2,13,Security
4,7,9.4,75,4,0,Security
5,1,3.7,49,1,18,Firmware
1,2,7.9,86,5,4,Performance
3,4,6.4,56,1,5,Security
2,4,4.1,60,1,5,Firmware
2,4,7.3,100,2,18,Security
1,0,1.0,34,4,0,Documentation
0,4,5.9,127,3,19,Performance
0,2,2.8,50,3,18,Firmware
7,0,4.4,55,5,7,Hardware
6,0,1.8,40,1,18,Hardware
2,2,3.7,94,1,7,Firmware
8,3,4.8,26,2,10,Hardware
1,8,4.4,108,5,6,Software
0,6,3.7,21,5,8,Firmware
4,1,4.8,85,4,3,Firmware
0,7,3.3,120,5,20,Software
1,3,1.0,21,5,7,Documentation
1,7,4.1,20,3,22,Software
1,9,2.1,52,1,22,Software
1,4,3.6,7,3,15,Firmware
1,10,4.0,104,4,13,Software
0,1,5.5,87,2,20,Performance
0,3,1.0,37,1,16,Documentation
3,1,1.0,29,5,9,Documentation
6,1,2.8,6,1,14,Hardware
0,10,3.0,82,1,11,Software
0,3,4.4,104,1,5,Firmware
1,10,2.9,68,5,3,Software
0,10,2.3,110,1,14,Software
1,5,8.8,64,2,0,Security
6,2,9.2,105,3,14,Performance
5,2,2.3,1,2,23,Firmware
7,5,2.9,34,4,5,Firmware
2,1,6.1,51,3,3,Security
2,3,3.6,65,1,16,Firmware
1,3,4.5,28,3,13,Firmware
0,11,3.5,27,3,17,Software
5,4,3.4,40,5,21,Firmware
2,6,2.0,92,1,13,Software
8,1,2.4,17,1,19,Hardware
1,7,7.4,67,4,12,Security
0,3,1.0,24,3,17,Documentation
0,1,1.6,24,1,14,Documentation
0,5,2.8,102,5,6,Software
3,6,5.5,96,3,22,Performance
0,1,6.2,151,1,9,Performance
5,0,1.0,17,3,9,Hardware
1,3,1.3,30,1,15,Documentation
1,1,1.0,44,1,22,Documentation
4,4,4.0,16,1,6,Firmware
4,3,4.1,73,1,23,Firmware
6,2,2.9,41,1,4,Hardware
0,1,1.0,30,1,21,Documentation
2,8,3.4,63,4,22,Software
3,1,7.0,98,4,16,Performance
1,3,8.0,85,4,1,Security
1,1,1.1,27,3,12,Documentation
1,8,1.9,64,3,19,Software
7,0,2.3,51,3,6,Hardware
0,9,3.1,98,5,13,Software
6,3,4.7,61,5,1,Firmware
1,5,4.0,68,1,20,Software
7,0,4.1,4,2,4,Hardware
2,10,5.1,69,3,21,Software
6,1,3.5,96,5,13,Hardware
1,1,5.8,124,4,11,Performance
5,3,7.0,7,4,0,Performance
1,9,5.8,41,3,16,Software
3,5,4.5,33,4,5,Performance
0,9,3.1,71,5,2,Software
6,0,1.9,95,3,4,Hardware
9,1,5.4,34,5,4,Hardware
1,4,9.1,79,4,13,Security
9,1,5.7,63,5,19,Hardware
7,0,3.2,66,4,15,Hardware
1,5,3.2,74,1,23,Software
5,4,6.6,87,1,21,Performance
1,6,9.4,30,4,20,Security
1,8,3.6,127,2,18,Software
8,0,4.6,86,4,20,Hardware
0,2,1.0,15,4,2,Documentation
0,1,1.0,51,2,16,Documentation
8,2,2.6,26,3,20,Hardware
4,3,4.2,71,2,14,Firmware
1,4,6.7,4,1,14,Performance
0,4,3.4,44,1,12,Firmware
8,0,4.8,49,3,7,Hardware
0,10,3.5,98,3,8,Software
10,0,2.6,45,4,0,Hardware
1,5,4.6,58,3,19,Firmware
0,9,3.9,75,5,10,Software
0,0,1.2,13,3,6,Documentation
0,11,4.2,119,1,6,Software
6,1,3.6,24,1,4,Firmware
7,1,2.2,39,5,20,Hardware
2,8,2.4,85,1,23,Software
2,9,2.2,47,5,20,Software
0,7,2.6,90,3,16,Software
9,2,2.7,44,4,22,Hardware
3,8,3.7,93,1,6,Firmware
9,1,3.1,45,1,5,Hardware
4,6,3.8,80,2,15,Firmware
3,6,2.2,39,5,17,Firmware
5,0,5.4,54,5,1,Firmware
8,0,3.4,68,2,7,Hardware
1,4,5.8,98,1,0,Performance
5,2,4.3,29,1,19,Firmware
1,3,6.9,128,5,22,Performance
1,3,1.3,45,1,23,Documentation
3,1,7.6,117,1,13,Performance
1,6,2.2,54,4,1,Firmware
8,0,3.8,54,1,22,Hardware
7,0,4.0,9,4,0,Hardware
1,1,3.0,52,4,15,Firmware
0,7,4.7,0,1,6,Software
4,2,4.9,145,2,21,Performance
1,6,4.0,80,3,15,Firmware
3,2,4.3,96,1,11,Firmware
5,0,4.4,54,3,9,Hardware
2,5,7.1,75,3,21,Security
4,1,2.1,35,5,10,Hardware
0,9,3.2,138,2,18,Software
0,6,4.0,95,1,3,Software
6,2,2.5,40,1,21,Hardware
0,6,2.9,77,3,3,Software
5,0,4.0,25,1,16,Hardware
2,6,6.0,143,5,16,Performance
5,3,5.8,0,2,17,Performance
0,7,6.6,100,2,4,Performance
0,11,2.0,108,2,21,Software
4,5,4.0,98,5,18,Firmware
3,2,7.6,42,4,6,Performance
9,1,3.0,46,2,11,Hardware
0,7,2.7,96,2,12,Software
5,7,4.9,79,1,16,Performance
8,1,2.3,32,4,1,Hardware
7,1,2.7,40,3,6,Hardware
0,3,1.0,52,1,12,Documentation
1,1,1.0,41,3,19,Documentation
0,8,4.8,137,5,9,Software
4,7,5.3,53,5,19,Firmware
0,4,6.7,44,4,23,Security
2,1,1.0,38,4,17,Documentation
1,4,3.9,27,3,16,Firmware
7,2,1.7,83,2,12,Hardware
0,7,4.0,70,1,5,Software
1,1,3.7,51,5,20,Firmware
2,4,10.0,142,5,15,Performance
10,1,1.4,46,1,5,Hardware
8,0,4.2,13,2,6,Hardware
1,11,2.4,47,4,15,Software
0,3,6.8,63,1,6,Performance
7,0,2.8,82,4,8,Hardware
4,4,4.1,51,1,10,Firmware
2,4,8.5,73,4,12,Security
6,0,4.0,69,4,9,Hardware
2,10,1.9,58,5,20,Software
3,1,5.2,40,2,5,Firmware
2,11,3.5,104,3,4,Software
5,2,4.8,29,1,18,Firmware
1,10,1.1,105,3,3,Software
1,7,4.1,128,4,12,Software
0,2,7.0,103,4,10,Security
3,3,5.7,98,2,0,Security
0,7,1.8,69,4,0,Software
6,5,2.9,87,4,4,Firmware
9,0,4.1,48,4,8,Hardware
4,4,3.8,79,5,9,Firmware
0,13,4.8,109,3,13,Software
8,0,2.7,44,2,12,Hardware
1,4,3.3,56,4,2,Software
1,2,1.0,0,1,16,Documentation
12,0,4.1,2,5,20,Hardware
1,2,1.0,34,3,12,Documentation
0,7,1.0,53,3,11,Software
5,0,2.8,79,1,9,Firmware
0,2,1.2,20,3,6,Documentation
3,2,7.2,76,1,12,Security
6,0,4.7,74,2,2,Hardware
3,1,7.6,163,3,18,Performance
0,9,3.4,34,5,7,Software
0,1,1.0,11,1,8,Documentation
0,4,1.0,47,3,22,Documentation
3,2,8.9,43,4,4,Security
1,5,5.0,82,5,2,Firmware
4,7,8.9,59,2,15,Security
1,8,3.6,64,1,10,Software
1,5,2.6,76,1,14,Firmware
7,0,2.6,31,4,22,Hardware
1,10,4.2,52,5,11,Software
4,2,3.1,56,4,1,Hardware
10,0,3.5,41,5,21,Hardware
0,9,2.7,81,1,12,Software
7,0,1.8,31,3,7,Hardware
4,0,3.6,62,4,8,Performance
1,0,1.0,53,2,1,Documentation
0,8,1.8,47,3,11,Software
5,4,4.8,47,2,14,Firmware
7,0,2.4,48,2,14,Hardware
3,10,6.3,39,2,3,Security
0,9,3.6,106,1,3,Software
0,11,3.0,44,3,8,Software
6,1,3.9,69,2,12,Hardware
1,6,1.8,139,4,19,Software
2,7,2.5,68,5,20,Software
1,7,2.1,110,5,17,Firmware
0,3,6.4,113,1,9,Performance
0,3,1.1,25,2,16,Documentation
1,4,7.1,146,4,2,Performance
2,2,2.6,99,5,19,Firmware
1,7,4.0,113,3,7,Software
6,1,3.5,40,2,9,Hardware
0,1,1.4,13,3,17,Documentation
6,0,4.1,72,2,19,Hardware
0,2,2.3,0,4,5,Documentation
5,1,4.3,53,4,8,Hardware
0,6,2.7,98,2,8,Software
0,6,2.7,83,4,16,Software
8,0,1.9,38,2,8,Hardware
0,3,5.2,68,3,10,Firmware
0,3,5.5,107,1,8,Performance
2,1,1.9,19,4,15,Documentation
0,3,1.0,5,4,17,Documentation
1,6,1.0,80,2,5,Software
8,3,2.4,53,4,15,Hardware
2,1,2.1,39,2,8,Hardware
2,2,4.0,85,3,11,Firmware
1,10,2.2,98,1,17,Software
5,3,3.2,65,5,12,Hardware
1,9,3.0,115,1,6,Software
2,7,3.7,63,5,3,Software
3,1,3.0,47,5,21,Hardware
0,6,4.9,84,2,6,Software
1,2,1.0,22,1,19,Documentation
1,4,4.3,118,1,13,Performance
1,9,3.8,109,1,22,Software
7,0,4.0,50,5,23,Hardware
1,11,1.8,97,4,4,Software
5,2,5.2,129,1,0,Performance
1,4,8.6,41,1,5,Security
2,9,3.3,56,3,19,Software
9,0,2.2,63,5,11,Hardware
2,5,7.1,115,2,8,Performance
0,1,2.2,31,1,16,Documentation
0,3,1.6,16,2,5,Documentation
0,7,1.4,50,3,22,Software
0,9,1.1,88,2,16,Software
1,2,1.1,0,5,2,Documentation
4,4,5.8,73,1,12,Performance
3,1,5.3,9,5,12,Performance
2,2,1.0,28,4,9,Documentation
6,3,4.5,63,2,10,Firmware
0,4,4.6,134,4,8,Performance
5,3,4.3,95,5,14,Firmware
0,1,1.0,38,5,13,Documentation
0,4,8.3,63,4,23,Security
2,10,3.8,95,5,11,Software
1,2,1.3,47,4,13,Documentation
10,0,3.9,33,3,6,Hardware
10,0,3.1,36,3,8,Hardware
0,8,3.5,70,5,2,Software
8,2,3.3,52,4,20,Hardware
0,2,1.0,29,4,12,Documentation
1,3,1.0,39,4,16,Documentation
0,7,3.4,52,2,9,Software
0,10,4.5,108,2,2,Software
6,1,2.9,46,3,4,Hardware
3,7,6.1,96,4,7,Security
2,9,3.3,69,1,12,Software
0,2,1.0,17,4,0,Documentation
0,8,3.3,78,4,5,Software
1,2,1.1,27,5,18,Documentation
3,2,3.5,60,5,0,Firmware
0,10,4.9,104,4,8,Software
0,5,2.6,109,5,17,Software
11,0,2.4,22,3,10,Hardware
8,1,1.5,16,4,5,Hardware
0,10,1.8,47,3,12,Software
1,7,9.7,104,2,12,Security
1,9,3.2,100,3,0,Software
2,7,4.4,79,2,10,Software
6,0,6.8,56,5,19,Performance
0,1,7.1,100,5,1,Security
6,1,5.7,123,1,7,Performance
4,3,7.7,51,1,7,Security
9,1,2.0,9,3,8,Hardware
4,3,3.1,13,4,22,Hardware
10,0,3.3,87,1,18,Hardware
3,4,7.2,119,5,4,Performance
6,2,7.4,70,2,5,Performance
1,7,7.9,71,3,7,Security
8,4,2.4,57,5,15,Firmware
7,1,3.2,50,2,18,Hardware
7,0,2.2,8,5,19,Hardware
10,1,3.6,52,4,23,Hardware
5,1,5.5,106,1,6,Performance
1,7,1.0,57,3,7,Software
0,8,3.5,77,5,0,Software
2,0,2.5,73,5,14,Firmware
8,1,2.3,59,2,13,Hardware
3,2,4.0,63,1,2,Firmware
1,4,8.5,81,2,1,Security
1,0,8.2,43,2,12,Security
1,10,4.2,60,1,20,Software
0,4,2.6,69,2,14,Software
3,3,5.2,31,4,14,Firmware
4,5,7.5,85,5,12,Security
0,8,3.2,95,1,8,Software
8,2,1.5,15,2,8,Hardware
0,4,1.0,49,2,18,Documentation
2,7,4.9,93,4,16,Firmware
8,2,3.0,52,3,20,Hardware
8,0,3.2,22,5,19,Hardware
6,3,2.5,41,2,9,Firmware
0,1,1.4,36,3,0,Documentation
2,6,8.2,68,4,22,Security
10,0,3.5,44,1,10,Hardware
1,8,2.7,86,3,6,Software
0,12,3.6,121,2,12,Software
0,2,1.0,53,3,7,Documentation
0,4,3.4,133,3,4,Software
0,6,3.8,107,2,22,Software
5,7,5.2,65,4,5,Firmware
1,6,1.7,63,4,19,Software
10,1,3.5,49,5,21,Hardware
2,5,4.1,157,1,10,Performance
0,3,1.3,30,4,21,Documentation
1,2,7.9,72,5,16,Security
3,4,5.2,76,2,9,Performance
1,6,3.1,44,3,23,Software
2,1,1.0,6,2,5,Documentation
0,8,1.8,118,1,8,Software
0,7,3.4,94,4,11,Software
1,3,4.6,63,4,19,Firmware
2,6,6.2,81,4,7,Security
8,5,2.8,106,3,20,Firmware
8,2,3.7,48,2,21,Firmware
8,1,3.6,60,1,22,Hardware
0,1,3.4,95,4,13,Performance
0,0,1.0,15,1,8,Documentation
9,0,3.4,55,3,12,Hardware
0,9,4.0,23,1,10,Software
1,6,4.7,108,4,12,Software
2,5,9.0,96,2,17,Security
5,5,1.8,51,3,0,Firmware
0,10,3.4,95,3,8,Software
1,7,6.8,50,3,9,Security
1,5,4.1,80,2,18,Firmware
0,7,2.3,85,2,1,Software
4,1,7.4,86,2,6,Performance
2,2,5.8,91,2,12,Performance
0,1,1.2,42,1,20,Documentation
9,0,4.1,48,4,5,Hardware
1,3,6.4,132,5,19,Performance
2,4,3.5,97,4,14,Firmware
0,11,3.0,39,2,13,Software
3,0,3.1,56,2,13,Firmware
8,0,1.1,24,5,4,Hardware
4,3,8.7,52,3,5,Security
1,2,1.3,8,3,13,Documentation
4,5,4.3,28,1,4,Firmware
1,7,3.7,51,4,8,Software
5,3,2.8,61,3,6,Firmware
8,1,4.7,31,3,9,Hardware
4,2,2.7,108,4,11,Firmware
1,3,6.3,94,5,10,Firmware
3,0,4.1,30,1,5,Hardware
0,0,1.0,32,4,1,Documentation
0,7,2.4,73,5,10,Software
7,0,2.3,51,5,4,Hardware
3,1,2.3,59,1,4,Hardware
1,5,6.5,54,2,1,Security
4,4,3.8,85,1,19,Firmware
1,8,3.2,70,2,1,Software
2,3,2.2,36,4,19,Firmware
1,8,3.3,28,5,2,Software
0,8,3.7,85,4,3,Software
3,11,1.6,97,3,13,Software
0,2,5.6,42,4,22,Firmware
3,6,3.8,63,5,11,Software
0,7,2.5,156,1,6,Software
8,0,4.8,18,2,21,Firmware
1,3,5.2,82,2,18,Firmware
3,7,3.4,83,3,5,Firmware
0,11,2.6,71,2,18,Software
0,4,4.6,117,2,18,Performance
5,2,4.5,46,4,17,Hardware
1,1,1.0,27,2,18,Documentation
2,1,1.0,14,4,12,Documentation
1,5,7.7,77,1,5,Security
2,2,8.4,84,1,15,Security
2,2,1.4,41,5,17,Documentation
0,1,4.7,98,5,16,Performance
1,2,3.6,117,4,2,Performance
7,1,3.4,16,4,18,Hardware
0,1,1.7,37,1,1,Documentation
1,1,1.0,46,1,7,Documentation
3,3,7.6,67,3,20,Security
6,0,2.4,41,5,6,Hardware
0,4,1.7,31,1,21,Documentation
1,7,3.1,87,5,8,Software
0,10,1.0,90,3,4,Software
2,11,1.0,117,3,3,Software
0,1,1.0,36,5,3,Documentation
1,9,2.4,57,4,9,Software
1,8,1.7,62,3,23,Software
1,1,7.1,53,2,23,Performance
7,6,3.6,43,5,1,Firmware
7,1,3.1,41,5,17,Hardware
1,8,2.2,132,3,9,Software
2,0,2.1,71,1,13,Hardware
3,7,5.1,147,5,4,Performance
9,1,2.2,14,5,22,Hardware
1,9,4.3,67,1,20,Software
1,9,3.8,123,3,10,Software
1,8,3.7,78,1,15,Software
0,9,4.6,101,5,1,Software
2,6,2.8,12,1,21,Firmware
8,0,2.3,67,2,4,Hardware
2,7,2.9,65,4,3,Software
5,2,6.6,94,4,12,Performance
2,1,5.5,125,4,12,Performance
10,1,2.6,58,1,6,Hardware
5,2,1.6,58,4,10,Hardware
1,0,9.1,102,5,1,Performance
0,8,3.9,75,1,8,Software
9,0,3.5,32,2,8,Hardware
3,2,7.1,114,2,21,Performance
1,8,3.6,96,4,16,Software
2,6,3.5,63,2,6,Software
0,4,3.6,77,5,11,Firmware
1,1,1.2,33,3,9,Documentation
9,2,2.8,40,2,4,Hardware
4,1,8.6,92,4,16,Performance
1,1,1.1,6,4,5,Documentation
7,2,6.8,68,5,6,Performance
0,6,6.9,24,3,7,Security
0,1,1.0,47,2,16,Documentation
1,11,4.5,37,4,1,Software
0,7,2.9,86,4,19,Software
7,0,1.7,72,4,9,Hardware
4,1,4.5,111,2,23,Performance
4,5,3.3,77,3,1,Firmware
1,3,1.0,68,3,12,Documentation
4,4,8.2,161,5,8,Performance
2,6,6.0,58,1,22,Performance
0,1,1.0,18,2,7,Documentation
0,9,4.4,34,5,5,Software
5,0,3.6,0,1,4,Hardware
1,9,4.0,74,1,15,Software
1,8,5.4,20,5,5,Software
2,0,1.1,103,5,6,Performance
0,1,1.0,28,2,20,Documentation
7,0,2.6,40,3,3,Hardware
0,0,7.3,73,5,7,Security
2,6,3.0,70,3,7,Software
2,14,3.8,128,2,19,Software
0,4,10.0,57,2,21,Security
9,3,3.7,60,1,21,Firmware
9,0,3.1,96,3,0,Hardware
1,7,2.2,93,4,20,Software
2,13,3.7,124,4,6,Software
0,11,2.5,18,4,12,Software
0,11,2.9,57,3,22,Software
0,6,6.1,125,4,18,Performance
0,12,2.8,68,5,2,Software
8,0,3.1,8,2,8,Hardware
5,2,4.9,103,4,5,Performance
0,6,4.4,134,3,2,Software
4,3,4.9,22,1,18,Firmware
1,1,1.0,0,2,10,Documentation
0,4,5.6,61,3,3,Performance
2,5,6.6,46,5,16,Security
0,7,3.7,129,4,18,Software
3,1,6.6,69,4,7,Performance
5,0,2.4,42,5,13,Hardware
0,1,1.0,0,5,8,Documentation
0,9,3.6,33,2,5,Software
7,1,4.1,71,3,20,Hardware
1,3,1.0,13,2,16,Documentation
0,11,1.2,74,3,4,Software
1,2,1.1,22,3,20,Documentation
6,0,3.2,15,5,1,Firmware
0,6,4.1,69,2,8,Firmware
6,4,3.6,58,2,12,Firmware
1,9,3.2,86,4,16,Software
3,2,1.9,28,2,21,Hardware
8,0,4.5,51,4,21,Hardware
1,7,8.6,91,5,19,Security
6,8,5.1,77,5,10,Firmware
7,1,5.1,72,3,17,Hardware
0,9,4.8,91,1,7,Software
2,4,4.4,77,5,3,Firmware
2,4,7.5,115,4,21,Security
0,9,4.4,62,5,0,Software
3,1,5.6,74,2,14,Performance
2,5,5.1,17,3,8,Firmware
3,0,4.2,127,5,6,Performance
8,1,3.4,0,5,23,Hardware
1,10,2.8,87,2,3,Software
0,11,4.6,135,5,19,Software
7,1,2.7,25,4,8,Hardware
0,7,2.9,69,5,10,Software
0,3,6.4,117,2,12,Performance
1,9,5.0,131,2,14,Software
7,1,1.9,35,3,10,Hardware
0,2,1.1,11,4,1,Documentation
0,2,1.3,38,1,6,Documentation
0,3,3.6,47,3,19,Firmware
3,2,5.3,57,2,19,Firmware
1,10,2.0,61,5,7,Software
3,2,5.7,72,4,21,Performance
0,2,1.1,62,3,1,Documentation
1,1,1.3,43,1,8,Documentation
0,1,1.0,6,5,15,Documentation
2,3,6.4,156,5,7,Performance
3,3,5.0,141,3,13,Performance
1,13,3.8,121,4,20,Software
0,9,3.5,58,3,23,Software
4,1,5.2,103,1,14,Performance
3,0,7.2,81,3,10,Firmware
0,5,3.7,80,1,10,Software
0,10,1.2,88,3,11,Software
2,5,8.3,60,3,0,Security
2,4,6.4,153,5,14,Performance
2,4,9.4,56,5,2,Security
0,5,2.1,97,1,22,Software
0,2,1.0,0,5,19,Documentation
5,4,3.6,79,4,8,Performance
1,7,5.0,97,3,8,Software
2,5,7.1,61,3,11,Security
0,4,1.3,38,3,21,Documentation
1,2,1.0,30,2,3,Documentation
3,1,8.8,89,5,8,Security
6,0,5.0,49,5,7,Hardware
2,2,8.0,89,1,21,Security
1,2,2.0,41,4,13,Documentation
6,1,2.5,60,4,15,Hardware
1,4,8.2,54,4,23,Security
0,2,1.0,12,3,21,Documentation
7,5,5.7,132,1,23,Performance
1,6,2.6,98,4,1,Software
2,8,7.2,23,2,13,Security
0,7,2.6,108,2,19,Software
10,1,3.8,39,4,0,Hardware
9,2,4.8,62,1,16,Hardware
2,8,1.4,59,5,4,Software
2,5,4.0,79,3,22,Firmware
2,2,6.2,46,4,16,Performance
2,4,7.0,97,2,9,Performance
3,4,8.6,39,5,11,Security
1,8,4.0,116,3,4,Software
2,5,3.0,135,4,3,Software
3,5,3.5,64,2,21,Firmware
1,2,1.0,28,3,3,Documentation
5,4,4.4,88,1,5,Firmware
0,10,4.5,39,3,19,Software
6,1,4.3,55,1,20,Hardware
3,6,8.1,57,2,8,Security
5,3,3.1,48,3,12,Firmware
0,9,3.3,10,5,18,Software
0,8,2.7,75,3,18,Software
2,11,7.4,77,4,21,Security
7,3,4.5,45,1,18,Firmware
5,4,5.6,76,4,7,Firmware
1,4,4.1,50,4,13,Performance
0,8,1.8,60,5,2,Software
1,7,3.2,94,4,18,Software
0,8,3.5,76,4,16,Software
0,7,2.0,73,3,5,Software
3,3,1.0,20,2,22,Documentation
2,3,5.4,124,2,12,Performance
6,5,6.9,139,2,8,Performance
0,10,2.9,46,3,5,Software
6,1,3.3,45,3,18,Hardware
2,12,2.2,25,2,22,Software
2,7,8.1,53,2,21,Security
10,0,3.6,68,2,7,Hardware
2,1,1.8,8,1,21,Documentation
2,7,4.9,105,3,21,Software
3,0,2.8,42,4,8,Firmware
7,2,5.0,149,3,14,Performance
0,5,3.4,61,1,14,Software
1,8,4.3,58,1,13,Software
4,3,4.1,41,1,8,Firmware
7,0,3.6,0,4,4,Hardware
4,1,4.2,14,2,9,Firmware
8,1,3.0,43,5,7,Hardware
0,11,3.6,74,3,4,Software
0,0,1.4,29,3,12,Documentation
3,0,2.0,61,3,9,Firmware
1,1,1.0,41,4,18,Documentation
7,4,4.4,28,3,20,Firmware
9,0,1.7,77,2,11,Hardware
1,1,4.0,43,5,20,Firmware
3,0,2.4,47,3,19,Hardware
6,2,3.2,60,4,18,Hardware
2,2,6.0,50,4,1,Performance
0,5,3.8,82,1,12,Software
2,9,1.7,113,1,15,Software
2,5,6.5,59,2,17,Security
1,2,1.0,27,4,23,Documentation
2,1,6.0,52,4,21,Performance
1,6,3.1,63,1,7,Software
3,10,2.6,42,3,23,Software
0,2,1.5,41,3,10,Documentation
3,6,4.5,55,4,3,Firmware
3,5,3.1,57,5,15,Firmware
8,1,2.3,52,1,22,Hardware
2,2,1.0,58,1,8,Documentation
3,5,3.6,88,5,16,Firmware
4,0,2.4,27,3,17,Hardware
1,10,1.2,87,2,12,Software
2,7,3.0,61,4,3,Software
6,5,5.2,99,1,21,Firmware
0,4,5.3,57,3,20,Firmware
2,2,1.5,22,5,16,Documentation
1,3,8.9,32,1,7,Security
1,0,1.0,44,2,2,Documentation
1,7,3.0,16,2,12,Software
1,4,2.6,107,1,16,Performance
1,2,6.6,101,1,5,Security
2,4,6.9,146,3,22,Performance
0,2,6.3,92,3,14,Security
1,1,1.5,32,3,4,Documentation
5,0,5.0,118,4,11,Performance
3,1,4.5,80,4,7,Firmware
1,0,1.0,42,4,21,Documentation
0,5,2.7,33,4,4,Firmware
3,2,4.0,66,4,5,Firmware
0,2,7.8,61,4,2,Performance
0,10,3.7,35,1,3,Software
2,6,5.4,89,4,2,Firmware
3,0,3.0,86,3,13,Firmware
4,2,2.9,70,3,11,Firmware
3,8,7.8,139,4,9,Performance
5,1,4.8,78,2,3,Firmware
4,0,2.6,52,1,22,Hardware
1,8,1.4,86,4,12,Software
8,1,2.3,40,5,1,Hardware
4,7,3.2,57,1,14,Firmware
4,2,1.8,78,4,23,Firmware
10,1,2.7,57,3,0,Hardware
8,0,2.0,45,2,22,Hardware
6,0,3.6,43,4,6,Hardware
5,1,3.6,35,2,13,Hardware
4,3,2.6,66,5,18,Firmware
0,3,1.0,5,5,23,Documentation
3,4,4.7,134,1,14,Performance
3,2,6.5,137,1,18,Performance
2,1,4.2,113,3,8,Performance
8,1,2.3,62,2,16,Hardware
2,5,7.3,97,5,22,Security
0,4,4.0,40,1,21,Firmware
3,3,5.6,98,2,6,Performance
2,1,1.3,51,4,1,Documentation
3,6,3.8,81,5,12,Firmware
3,6,1.7,18,2,21,Software
0,6,3.0,84,2,11,Software
3,2,4.2,103,2,10,Firmware
0,8,2.5,64,3,6,Software
3,9,3.8,84,4,5,Software
4,4,4.1,66,2,2,Firmware
0,9,3.3,78,5,3,Software
0,2,1.0,28,5,23,Documentation
1,11,3.9,100,2,14,Software
7,1,4.4,61,3,11,Hardware
4,6,4.1,59,2,9,Firmware
7,2,6.2,71,3,19,Firmware
11,1,3.6,36,5,20,Hardware
6,3,4.5,41,3,21,Firmware
2,7,4.4,70,3,20,Software
4,5,7.7,95,1,1,Performance
3,5,4.7,210,5,20,Performance
1,1,8.4,110,3,9,Security
2,9,2.2,63,4,20,Software
0,9,1.2,65,1,4,Software
0,8,1.4,64,1,10,Software
5,0,2.7,35,3,10,Hardware
3,5,3.3,74,2,17,Firmware
2,2,3.9,75,5,17,Firmware
5,7,4.1,39,2,16,Firmware
1,6,3.4,64,4,16,Firmware
7,1,2.5,12,2,1,Hardware
4,4,8.2,181,1,3,Performance
3,2,1.0,25,1,23,Documentation
2,5,3.2,46,5,0,Software
3,5,3.7,59,4,20,Firmware
8,1,1.0,56,1,12,Hardware
3,6,6.1,23,2,7,Firmware
6,4,6.4,120,1,22,Performance
2,6,4.3,76,2,4,Software
9,1,3.1,53,1,6,Hardware
4,1,4.3,51,4,10,Performance
2,0,1.7,46,3,16,Documentation
2,7,9.1,16,4,20,Security
9,1,2.8,45,1,15,Hardware
0,9,2.0,93,1,13,Software
4,4,5.3,101,3,15,Performance
0,2,8.7,88,4,15,Performance
0,3,1.3,44,1,22,Documentation
4,4,4.1,79,2,2,Firmware
0,8,3.4,106,5,22,Software
0,0,7.0,149,2,18,Performance
1,5,3.8,75,1,16,Firmware
2,2,1.0,14,4,1,Documentation
4,6,4.2,91,5,1,Firmware
0,2,5.1,58,3,4,Performance
0,8,2.9,50,5,5,Software
12,1,1.1,41,4,7,Hardware
4,6,5.1,47,3,15,Firmware
0,11,2.4,51,2,4,Software
1,4,7.9,94,4,7,Security
0,2,1.0,20,3,7,Documentation
0,14,4.4,106,4,17,Software
1,3,8.5,46,5,5,Security
3,4,4.9,66,1,21,Firmware
8,2,2.1,54,2,1,Hardware
0,9,2.6,40,4,11,Software
0,5,2.1,87,2,0,Software
2,2,1.0,66,2,23,Documentation
0,5,4.7,65,4,12,Performance
4,1,4.1,47,4,16,Firmware
3,1,3.8,52,2,18,Firmware
0,2,1.9,12,2,20,Documentation
1,3,1.0,34,3,11,Documentation
4,9,4.7,68,2,2,Firmware
1,2,1.0,52,2,20,Documentation
8,1,1.1,84,5,18,Hardware
9,0,2.3,48,1,2,Hardware
4,3,4.8,92,3,17,Firmware
0,9,4.1,94,3,2,Software
0,0,1.0,13,5,17,Documentation
4,5,4.1,106,3,1,Firmware
2,4,4.1,48,1,10,Firmware
2,6,3.3,54,3,15,Firmware
1,3,7.3,137,1,5,Performance
7,1,3.1,24,1,16,Hardware
3,2,1.0,12,1,10,Documentation
5,2,4.3,62,4,12,Firmware
0,11,2.1,91,1,18,Software
8,1,3.2,67,5,7,Hardware
0,12,5.5,93,5,4,Software
0,6,8.7,6,4,4,Security
4,4,3.4,39,3,14,Firmware
1,8,2.9,69,5,11,Software
2,3,5.2,33,2,21,Firmware
4,0,4.7,62,4,16,Firmware
7,1,3.7,47,1,12,Hardware
0,5,3.3,111,1,19,Software
0,9,2.7,90,4,18,Software
3,4,8.5,54,1,14,Security
2,2,1.0,0,1,15,Documentation
1,9,4.4,47,2,14,Software
1,6,7.1,30,4,2,Security
0,7,1.4,92,3,11,Software
1,7,2.1,87,1,22,Software
8,0,5.8,36,5,10,Hardware
5,1,3.7,61,2,2,Hardware
1,1,1.6,42,5,12,Documentation
3,1,4.1,15,4,7,Hardware
7,1,3.6,121,5,10,Performance
2,5,9.5,73,3,0,Security
1,8,2.6,80,2,6,Performance
1,3,1.0,23,5,2,Documentation
3,0,6.3,123,5,13,Performance
0,2,1.0,49,2,13,Documentation
5,0,3.5,99,4,7,Firmware
14,0,2.8,14,1,16,Hardware
0,8,2.5,61,2,21,Software
1,4,7.9,114,4,0,Performance
2,6,7.7,112,2,13,Security
5,7,4.1,84,4,2,Performance
3,3,5.7,97,4,17,Performance
5,5,3.4,0,1,13,Firmware
1,5,6.3,34,4,1,Performance
5,7,3.2,72,1,13,Firmware
8,0,2.3,43,3,11,Hardware
7,0,1.0,30,2,16,Hardware
4,3,5.1,187,4,16,Performance
9,0,4.1,64,3,4,Hardware
2,10,2.2,114,2,5,Software
4,2,3.6,86,4,20,Performance
11,0,1.9,4,3,9,Hardware
5,2,2.7,18,3,18,Hardware
2,2,8.1,108,1,10,Performance
4,0,2.3,54,1,23,Hardware
3,4,3.9,53,4,17,Firmware
0,7,2.7,52,5,15,Software
10,0,3.9,54,3,14,Hardware
4,2,3.2,74,4,13,Firmware
4,1,3.1,52,1,9,Hardware
2,6,7.9,96,4,13,Security
5,0,3.4,36,3,3,Hardware
5,6,4.6,70,5,21,Firmware
1,11,1.9,45,3,11,Software
1,1,1.0,18,5,15,Documentation
2,4,4.2,70,2,2,Firmware
0,6,1.5,170,5,17,Software
0,11,3.6,12,5,21,Software
7,4,5.3,87,3,8,Firmware
3,4,7.4,59,2,2,Security
3,0,5.9,47,5,16,Performance
7,2,3.5,46,4,20,Firmware
0,1,1.6,23,2,0,Documentation
5,4,5.0,57,2,10,Firmware
2,4,3.8,46,3,5,Firmware
0,2,1.0,34,5,18,Documentation
6,0,4.3,47,3,13,Hardware
1,5,5.0,65,2,23,Software
0,12,2.8,96,4,6,Software
0,1,3.0,105,2,11,Performance
2,2,1.0,39,3,4,Documentation
3,1,4.6,30,5,6,Firmware
0,0,2.6,39,1,20,Firmware
0,7,2.4,14,5,8,Software
1,1,3.2,64,5,15,Firmware
3,0,5.5,133,4,9,Performance
5,2,2.4,74,2,2,Firmware
2,3,5.4,32,1,9,Performance
1,1,1.7,8,5,6,Documentation
5,3,1.1,43,3,4,Firmware
0,4,8.4,94,5,13,Security
0,8,4.3,88,4,12,Software
0,9,1.0,160,4,19,Software
3,4,6.3,121,4,9,Performance
5,0,2.3,33,2,6,Hardware
0,6,3.4,7,5,19,Software
1,7,7.0,42,1,9,Security
5,4,3.3,45,5,4,Firmware
7,1,3.7,75,4,21,Hardware
1,3,1.0,19,3,23,Documentation
8,0,2.7,70,1,6,Hardware
7,1,1.0,27,3,14,Hardware
7,5,4.2,33,2,17,Firmware
3,1,7.8,146,3,3,Performance
1,8,1.9,96,4,8,Software
0,10,3.2,47,1,8,Software
3,1,8.9,31,1,23,Security
1,12,1.8,77,5,18,Software
8,1,3.3,67,3,3,Hardware
2,3,7.6,81,5,1,Security
3,6,4.5,94,2,10,Performance
4,1,2.5,64,5,2,Hardware
4,2,4.1,31,1,0,Firmware
1,1,1.0,41,1,20,Documentation
0,2,1.3,41,2,3,Documentation
6,6,4.7,68,3,14,Firmware
2,8,1.8,78,3,23,Software
0,7,4.4,201,3,12,Performance
1,2,1.2,27,1,19,Documentation
0,10,3.5,47,2,22,Software
1,2,6.5,16,3,8,Security
2,10,2.7,92,1,23,Software
0,2,1.0,52,4,19,Documentation
5,0,6.1,121,1,18,Performance
0,5,8.6,69,3,8,Security
6,1,4.0,94,2,2,Firmware
10,1,2.3,65,3,13,Hardware
6,3,2.9,58,3,1,Firmware
2,1,5.2,66,5,0,Performance
3,0,6.2,139,5,23,Performance
0,5,2.6,51,5,23,Software
2,2,10.0,127,5,14,Performance
0,1,7.2,68,5,20,Security
2,9,2.3,69,5,0,Software
2,3,8.0,90,2,14,Security
7,0,4.4,26,1,6,Hardware
0,9,4.1,97,1,5,Software
5,3,3.8,41,4,16,Firmware
0,9,3.0,46,2,0,Software
1,7,3.1,117,4,15,Software
7,1,4.4,77,5,21,Hardware
0,12,3.7,71,1,16,Software
6,0,3.3,69,3,5,Hardware
9,0,2.7,51,4,19,Hardware
9,1,3.6,65,4,1,Hardware
3,3,4.9,14,2,16,Firmware
0,1,9.4,38,2,3,Performance
6,0,3.3,86,3,9,Hardware
0,2,1.0,50,5,2,Documentation
2,9,2.5,104,4,14,Software
4,1,4.5,73,2,20,Firmware
0,4,6.8,133,5,15,Performance
1,2,4.4,121,5,11,Performance
1,4,2.0,114,3,6,Software
0,7,3.4,86,2,17,Software
1,8,3.5,76,2,15,Software
10,0,4.2,60,3,8,Firmware
0,9,4.8,93,5,10,Software
2,6,8.0,16,3,10,Security
0,3,5.2,72,1,17,Performance
0,1,5.4,48,3,2,Firmware
2,5,3.6,41,2,9,Firmware
4,4,3.5,144,3,12,Performance
1,1,1.7,51,3,2,Documentation
5,2,2.0,70,1,10,Firmware
3,0,4.3,73,2,19,Performance
6,3,5.8,73,5,2,Firmware
2,3,10.0,50,2,9,Performance
7,5,4.4,59,4,17,Firmware
1,4,7.4,94,5,0,Security
1,9,2.0,79,1,12,Software
6,5,3.7,65,5,20,Firmware
7,1,3.9,28,1,22,Hardware
2,4,7.8,72,3,17,Security
1,2,7.6,73,5,6,Security
4,3,5.6,36,3,19,Performance
2,8,8.4,75,1,15,Security
1,8,1.0,61,4,2,Software
2,2,1.0,19,2,14,Documentation
0,10,3.1,86,5,15,Software
3,2,7.4,151,1,22,Performance
0,1,1.5,20,5,23,Documentation
0,10,3.1,104,3,2,Software
1,5,8.7,80,1,20,Security
0,10,3.6,116,2,3,Software
6,7,3.6,70,2,19,Firmware
8,0,2.0,35,2,3,Hardware
1,9,2.9,76,5,9,Software
4,1,3.4,61,5,5,Hardware
2,3,1.4,18,5,14,Documentation
4,3,2.5,58,4,18,Firmware
2,11,3.7,68,5,0,Software
8,1,2.5,25,5,15,Hardware
6,5,3.6,43,4,8,Firmware
5,2,4.7,81,2,1,Firmware
0,8,3.1,106,5,3,Software
4,2,2.8,8,2,13,Hardware
1,4,4.9,95,4,16,Performance
0,1,2.2,9,1,12,Documentation
2,4,6.5,116,4,0,Performance
2,3,1.1,22,4,1,Documentation
10,2,4.3,77,4,16,Hardware
0,8,8.1,71,3,14,Security
3,5,4.2,56,3,15,Firmware
1,8,1.5,97,3,7,Software
1,7,4.0,122,1,1,Software
1,9,5.0,57,1,11,Software
2,6,2.3,65,5,5,Software
2,3,6.7,36,3,13,Security
2,9,2.1,89,4,15,Software
2,1,4.6,142,1,11,Performance
3,0,7.6,26,2,4,Performance
7,1,3.3,62,2,22,Firmware
0,9,4.6,75,2,15,Software
0,10,2.7,106,5,9,Software
1,4,5.0,49,1,9,Performance
2,7,2.2,72,2,23,Software
7,3,2.6,54,1,10,Firmware
3,5,5.2,125,5,12,Performance
0,7,5.0,89,5,7,Software
1,4,6.7,85,2,11,Security
9,0,3.5,11,3,3,Hardware
0,6,3.1,96,2,17,Software
4,6,5.9,77,5,13,Firmware
5,2,5.1,50,3,23,Firmware
0,11,3.9,48,1,14,Software
1,9,3.0,80,2,8,Software
0,6,3.6,55,4,3,Software
1,4,7.2,81,4,21,Performance
2,3,7.3,79,3,6,Security
0,10,2.6,96,4,10,Software
1,9,2.1,59,3,22,Software
5,1,3.3,48,2,14,Hardware
4,6,3.2,79,2,0,Firmware
1,8,3.5,84,1,16,Software
2,6,3.4,52,1,19,Firmware
7,1,3.8,24,1,10,Hardware
1,3,8.6,58,4,5,Security
2,7,9.3,33,1,7,Security
9,0,4.4,40,5,14,Hardware
1,2,1.5,37,5,5,Documentation
3,2,7.8,81,2,11,Security
1,2,1.0,8,5,23,Documentation
2,7,2.8,31,5,5,Firmware
1,5,4.4,117,2,21,Software
5,4,3.4,27,1,14,Firmware
1,11,2.6,77,4,15,Software
2,5,5.7,49,4,19,Software
6,2,1.7,21,3,19,Hardware
0,12,4.2,98,4,21,Software
1,11,3.4,52,4,15,Software
2,5,3.7,73,4,7,Firmware
0,6,2.6,117,3,21,Software
0,6,9.3,59,5,8,Security
5,4,5.2,64,5,21,Firmware
0,7,3.1,68,2,10,Software
0,7,2.6,71,2,5,Software
8,0,2.2,47,5,6,Hardware
6,1,3.5,15,3,13,Hardware
13,1,2.8,32,1,15,Hardware
0,7,4.1,88,2,3,Firmware
0,11,3.2,45,4,19,Software
0,10,2.3,71,5,20,Software
11,0,1.4,62,5,10,Hardware
4,3,3.0,108,5,18,Firmware
2,9,2.5,79,3,3,Software
5,1,1.8,37,3,12,Hardware
5,1,3.0,65,3,0,Hardware
1,1,9.9,70,5,4,Security
5,1,2.8,31,3,16,Hardware
2,5,8.6,37,4,16,Security
0,7,3.7,94,2,5,Software
1,2,4.5,52,4,1,Firmware
6,3,4.5,15,5,4,Firmware
0,2,2.1,65,1,6,Documentation
1,0,1.0,51,5,17,Documentation
0,11,4.5,93,3,13,Software
0,0,6.9,143,1,17,Performance
4,0,2.7,46,3,13,Hardware
0,2,1.0,12,5,10,Documentation
0,2,1.2,22,2,15,Documentation
4,1,3.3,51,2,9,Firmware
4,6,5.3,90,2,20,Performance
1,1,7.0,60,2,4,Security
3,3,6.9,135,2,13,Performance
2,7,5.4,51,4,15,Software
1,13,3.6,73,3,1,Software
1,3,3.7,55,4,21,Firmware
1,1,1.1,19,4,5,Documentation
9,2,1.4,33,4,0,Hardware
2,6,8.4,128,5,3,Security
5,3,7.5,61,4,19,Performance
7,4,3.3,73,5,16,Firmware
3,1,3.7,43,3,12,Firmware
3,6,3.4,70,3,23,Firmware
1,9,3.0,125,3,22,Software
0,9,3.1,101,1,10,Software
1,2,1.7,15,3,12,Documentation
9,0,3.1,11,2,15,Hardware
4,0,3.3,23,2,13,Hardware
2,2,1.0,27,2,16,Documentation
3,5,5.8,77,2,1,Firmware
4,1,3.5,52,4,1,Firmware
1,1,1.0,2,4,9,Documentation
1,4,4.0,106,1,5,Performance
1,11,2.8,144,1,18,Software
0,1,2.2,26,3,18,Documentation
2,4,7.2,75,2,21,Security
0,8,3.4,89,3,19,Software
0,0,8.0,123,5,0,Performance
0,5,4.0,109,1,8,Software
0,9,3.9,79,2,9,Software
3,2,6.2,131,4,3,Performance
2,2,1.0,35,5,18,Documentation
1,3,6.8,76,3,19,Performance
5,1,2.0,24,3,11,Hardware
1,3,2.5,46,4,20,Firmware
2,4,2.9,126,2,16,Software
2,11,1.7,117,2,9,Software
2,3,4.5,37,2,20,Firmware
0,1,1.6,9,2,9,Documentation
3,0,6.0,57,3,3,Performance
1,6,3.6,152,1,4,Software
10,0,2.8,30,2,6,Hardware
0,2,4.3,60,5,0,Firmware
6,0,2.5,43,5,22,Hardware
2,5,9.0,95,2,14,Security
4,5,4.3,80,1,22,Firmware
6,3,4.3,55,3,21,Firmware
0,11,3.6,132,4,5,Software
9,0,2.2,44,5,18,Hardware
0,3,1.0,35,4,17,Documentation
3,2,6.9,96,3,19,Performance
2,9,3.4,15,1,12,Software
0,1,1.0,49,2,23,Documentation
7,0,4.2,27,2,23,Hardware
4,3,4.1,102,5,3,Firmware
7,2,3.7,48,1,10,Hardware
0,0,1.0,8,2,6,Documentation
0,1,1.1,16,4,9,Documentation
2,6,4.9,64,5,12,Firmware
3,3,4.8,124,4,12,Performance
2,3,4.4,73,3,2,Performance
2,3,5.4,118,3,16,Performance
1,6,6.4,27,1,2,Security
3,5,6.0,105,1,13,Performance
0,6,3.7,84,4,15,Software
2,5,3.5,100,3,12,Software
1,8,3.3,101,3,17,Software
0,7,2.7,101,1,19,Software
4,2,3.2,83,2,5,Firmware
6,2,2.5,67,3,2,Hardware
1,4,3.6,64,1,16,Firmware
0,0,1.0,16,4,2,Documentation
0,2,1.0,41,5,3,Documentation
1,7,8.2,72,4,3,Security
4,8,3.9,69,2,2,Performance
9,2,3.4,8,2,5,Hardware
1,3,5.4,23,4,4,Performance
0,8,3.9,60,4,6,Software
8,0,4.7,74,4,2,Hardware
0,8,3.1,103,4,13,Software
8,0,3.4,54,1,23,Hardware
4,0,5.6,99,1,19,Performance
3,4,2.8,70,3,6,Firmware
4,3,4.6,24,4,1,Firmware
8,0,3.4,40,2,9,Hardware
3,2,3.5,105,3,10,Performance
8,0,3.5,62,3,0,Hardware
2,3,4.9,89,4,0,Firmware
2,8,1.9,62,5,20,Software
0,11,1.7,75,3,5,Software
9,0,2.6,61,2,15,Hardware
1,11,3.3,56,5,10,Software
0,2,1.4,22,5,15,Documentation
2,6,4.8,116,2,5,Performance
1,0,7.5,128,5,17,Performance
1,7,3.6,69,1,21,Software
9,0,2.4,34,1,8,Hardware
4,5,5.6,83,3,8,Performance
1,8,2.2,19,5,14,Software
2,6,5.5,106,3,2,Performance
3,2,6.1,134,3,19,Performance
9,0,2.2,30,2,4,Hardware
1,4,4.7,89,1,15,Performance
2,1,3.5,121,1,2,Performance
0,0,1.0,35,2,6,Documentation
0,10,3.2,64,1,8,Software
0,8,2.1,101,2,11,Software
2,6,4.0,56,3,0,Firmware
1,11,3.5,75,4,12,Software
8,3,5.9,96,3,11,Performance
1,10,3.4,88,4,7,Software
7,4,5.9,43,5,17,Firmware
2,2,8.9,68,2,3,Security
3,5,9.7,98,4,19,Security
0,0,1.0,27,2,20,Documentation
0,3,1.0,7,5,23,Documentation
4,1,5.7,85,3,17,Firmware
7,0,2.6,55,1,15,Hardware
5,1,4.7,93,4,12,Performance
2,0,7.4,69,1,17,Performance
7,2,2.8,67,5,13,Hardware
3,0,1.5,11,5,4,Hardware
1,1,1.0,26,3,14,Documentation
8,0,2.7,48,2,15,Hardware
2,1,2.8,27,1,11,Hardware
2,0,3.5,75,3,12,Hardware
2,7,1.5,25,1,3,Software
1,4,6.7,128,4,8,Security
2,0,4.3,61,1,11,Firmware
2,2,8.6,99,3,13,Security
0,7,3.8,82,5,17,Software
5,8,3.2,86,4,6,Firmware
4,0,2.7,65,2,9,Hardware
7,2,3.6,58,3,16,Hardware
2,8,3.7,74,3,18,Software
8,1,3.3,19,4,19,Hardware
2,4,9.0,109,2,16,Security
2,1,5.7,89,4,20,Performance
0,2,1.1,30,4,14,Documentation
0,7,5.8,125,2,19,Software
2,1,1.2,56,2,6,Documentation
1,6,3.0,76,1,8,Software
0,11,2.2,71,1,12,Software
1,10,1.7,79,4,21,Software
0,9,4.7,59,1,17,Software
1,10,1.9,71,5,22,Software
0,8,3.1,79,2,3,Software
0,3,1.0,52,4,7,Documentation
7,1,1.7,32,4,20,Hardware
1,10,1.9,35,4,15,Software
6,5,3.1,24,5,17,Firmware
3,4,4.9,115,3,11,Performance
1,3,4.4,51,3,7,Firmware
0,1,1.0,18,1,17,Documentation
0,1,3.9,43,2,14,Firmware
0,5,3.2,72,1,12,Software
0,7,1.7,133,4,18,Software
1,3,3.8,50,4,22,Firmware
8,0,2.2,47,4,16,Hardware
8,0,4.0,39,2,21,Hardware
2,10,3.1,144,2,15,Software
4,1,3.5,25,2,13,Hardware
5,3,6.4,38,5,10,Firmware
5,2,1.8,52,3,9,Hardware
1,2,1.3,45,2,19,Documentation
1,4,3.5,68,5,10,Firmware
8,1,1.3,79,2,13,Hardware
6,6,5.7,124,5,14,Performance
1,8,2.1,59,4,19,Software
6,4,3.5,55,2,12,Firmware
0,3,6.3,111,5,23,Performance
1,4,3.9,89,5,19,Software
2,3,5.9,132,2,22,Performance
7,0,2.7,40,5,1,Hardware
3,1,3.3,14,4,0,Hardware
2,4,3.1,42,4,9,Firmware
0,1,1.0,16,4,3,Documentation
0,5,2.9,56,4,4,Firmware
3,2,5.3,69,4,9,Performance
2,4,8.9,62,3,19,Security
10,0,4.3,63,3,3,Hardware
3,3,5.4,151,5,0,Performance
2,7,4.3,75,5,23,Performance
8,0,2.9,57,1,7,Hardware
2,12,1.9,66,2,14,Software
1,8,5.3,141,5,17,Software
0,2,1.0,39,5,2,Documentation
5,3,3.9,38,5,1,Firmware
5,0,2.2,67,1,6,Hardware
0,0,1.1,25,3,23,Documentation
1,4,10.0,88,2,3,Security
1,9,4.1,80,5,2,Software
2,0,6.9,76,2,18,Security
0,8,5.0,73,3,8,Software
9,1,3.4,44,3,20,Hardware
2,1,1.5,15,4,1,Documentation
8,1,3.8,26,3,5,Hardware
1,1,1.0,44,2,4,Documentation
1,11,3.0,87,3,3,Software
0,3,8.1,66,1,16,Security
4,1,3.5,35,4,23,Firmware
1,4,7.4,36,5,23,Performance
1,4,5.8,107,2,11,Performance
8,6,3.5,59,4,15,Firmware
7,0,2.5,24,4,11,Hardware
0,4,5.5,76,5,23,Firmware
11,2,2.8,43,4,6,Hardware
1,13,4.4,103,1,12,Software
1,12,2.9,162,5,8,Software
1,2,7.1,56,3,8,Performance
1,3,6.1,78,1,23,Firmware
0,1,1.0,23,1,9,Documentation
0,1,1.2,47,4,20,Documentation
0,10,2.7,91,5,5,Software
0,8,3.9,47,2,9,Software
0,8,2.3,42,1,5,Software
8,0,3.8,29,1,2,Hardware
2,2,1.0,33,2,22,Documentation
1,5,2.2,68,3,9,Software
1,6,3.5,85,1,23,Software
4,5,3.8,17,5,5,Firmware
9,1,2.3,73,3,9,Hardware
5,2,4.6,14,5,12,Firmware
5,6,5.4,92,2,10,Firmware
1,7,1.9,11,5,5,Software
0,6,3.7,68,2,4,Software
0,9,6.7,134,3,8,Security
8,1,5.5,63,5,2,Hardware
1,2,6.6,36,1,15,Performance
1,1,8.0,1,1,11,Security
1,1,1.5,42,4,14,Documentation
1,2,1.4,3,1,2,Documentation
0,10,1.8,40,2,11,Software
8,0,3.1,55,1,23,Hardware
1,1,1.0,37,5,5,Documentation
1,2,5.0,89,4,0,Performance
7,0,2.8,57,1,15,Hardware
1,4,8.4,88,4,7,Security
0,9,3.5,27,4,1,Software
0,0,4.2,151,2,16,Performance
6,7,7.3,95,4,0,Performance
1,10,3.2,83,1,10,Software
4,5,3.8,83,4,11,Firmware
0,1,1.0,39,2,6,Documentation
3,3,3.9,49,3,21,Firmware
4,0,5.8,82,4,2,Performance
2,8,3.9,90,3,15,Software
1,7,2.5,32,2,21,Software
0,4,1.8,53,5,19,Software
0,8,2.8,107,2,11,Software
0,5,7.1,40,1,16,Security
0,2,1.0,35,2,19,Documentation
5,4,2.7,52,5,13,Firmware
0,2,1.0,36,2,7,Documentation
5,3,5.2,78,2,9,Performance
7,1,1.0,87,1,12,Hardware
1,9,3.7,70,2,2,Software
6,0,1.5,99,5,6,Hardware
7,2,3.5,29,3,19,Firmware
2,7,8.2,58,4,6,Security
3,1,3.8,49,3,22,Firmware
1,6,4.0,94,1,5,Firmware
2,3,9.1,126,5,5,Performance
1,8,2.6,86,4,19,Software
8,0,3.4,23,4,13,Hardware
6,4,2.2,125,5,15,Firmware
1,1,1.3,36,5,21,Documentation
2,7,3.0,72,4,9,Software
5,1,1.6,40,1,8,Hardware
6,1,2.4,34,1,3,Hardware
1,8,2.7,48,3,17,Software
6,0,3.9,43,5,21,Hardware
2,2,5.4,0,5,18,Performance
8,2,2.0,69,1,20,Hardware
1,10,3.8,52,2,18,Software
0,10,3.9,116,4,13,Software
9,1,2.9,57,1,14,Hardware
8,0,4.1,68,2,3,Hardware
10,0,2.3,68,5,8,Hardware
0,9,4.0,79,3,21,Software
8,9,3.6,73,1,7,Firmware
1,1,1.2,48,5,19,Documentation
3,2,9.6,48,1,19,Security
1,2,1.0,45,2,6,Documentation
1,9,4.8,78,3,6,Software
3,3,3.4,63,3,21,Firmware
2,2,1.0,34,3,13,Documentation
5,5,5.1,74,2,9,Firmware
12,1,2.6,32,3,10,Hardware
5,4,5.9,7,5,22,Firmware
0,9,4.0,79,4,16,Software
0,15,2.9,64,1,17,Software
0,3,5.6,166,5,1,Performance
0,8,4.9,65,2,0,Software
3,3,4.1,49,5,2,Firmware
2,10,2.0,131,3,21,Software
5,0,2.2,39,1,18,Hardware
0,10,2.7,115,2,22,Software
0,2,4.5,82,2,11,Performance
4,1,6.0,102,3,18,Performance
1,1,6.9,115,4,20,Performance
1,7,4.0,153,1,10,Performance
0,10,2.9,71,5,14,Software
3,5,3.7,80,4,11,Firmware
0,5,6.8,144,2,23,Performance
1,7,3.6,79,2,5,Software
9,0,1.5,26,2,21,Hardware
4,3,5.0,54,5,19,Firmware
2,7,3.6,84,5,15,Software
3,4,7.4,53,3,22,Security
2,1,1.0,40,4,9,Documentation
7,3,2.9,107,4,15,Firmware
7,0,2.9,16,1,17,Hardware
0,9,3.1,99,1,18,Software
2,2,7.3,49,4,19,Security
10,3,1.2,89,1,16,Hardware
2,10,2.4,82,1,22,Software
2,2,7.5,65,3,17,Security
0,8,4.1,40,4,0,Performance
5,2,1.7,38,5,9,Hardware
3,3,4.0,84,1,0,Firmware
2,10,2.0,106,3,8,Software
0,9,3.0,114,1,1,Software
9,1,3.1,3,2,5,Hardware
5,0,4.4,36,2,6,Hardware
2,1,2.7,97,3,9,Firmware
6,2,3.5,104,5,19,Firmware
7,1,3.0,38,2,12,Firmware
0,10,4.1,49,4,12,Software
1,2,7.9,91,2,10,Security
0,8,3.0,122,2,11,Software
2,2,1.0,30,4,3,Documentation
2,1,1.0,15,5,8,Documentation
5,2,6.1,98,3,2,Performance
1,6,7.9,34,4,1,Security
2,3,5.1,123,5,0,Performance
6,3,2.6,33,2,10,Firmware
2,6,3.4,115,3,2,Software
2,1,1.1,30,2,17,Documentation
0,4,5.5,51,5,10,Performance
4,3,3.7,53,1,8,Firmware
0,10,2.6,80,1,8,Software
0,1,6.7,82,1,21,Security
6,2,2.8,18,2,9,Firmware
2,4,7.7,65,5,9,Security
4,1,4.5,46,2,4,Firmware
2,0,3.8,68,1,20,Firmware
3,0,6.1,111,2,0,Performance
1,3,1.4,3,1,9,Documentation
2,6,2.1,85,2,3,Software
0,3,4.4,77,5,16,Performance
5,2,4.2,27,3,6,Performance
3,4,3.4,54,4,7,Firmware
6,2,6.0,126,1,0,Performance
2,7,3.7,105,4,0,Software
1,2,6.5,87,3,1,Performance
0,1,1.3,29,3,20,Documentation
1,11,1.6,31,4,22,Software
0,12,3.0,103,1,4,Software
2,0,4.1,13,5,17,Firmware
2,3,1.3,37,2,2,Documentation
2,1,7.0,109,3,5,Performance
1,12,4.7,109,2,9,Software
4,4,5.0,76,4,7,Firmware
1,10,3.1,143,3,2,Software
2,7,4.1,89,5,1,Software
0,5,2.9,43,4,6,Firmware
0,0,1.4,32,3,5,Documentation
2,6,8.1,66,1,8,Security
3,3,3.4,69,1,4,Hardware
8,1,1.0,52,2,18,Hardware
1,7,1.0,91,4,23,Software
1,9,3.6,116,5,18,Software
0,4,6.2,89,2,17,Performance
0,7,1.5,64,2,23,Software
1,8,1.5,78,3,4,Software
0,10,2.3,155,3,14,Software
0,8,3.5,31,2,1,Software
6,0,1.2,42,4,16,Hardware
2,5,6.4,54,5,18,Performance
4,4,5.1,0,2,18,Performance
3,2,4.2,59,5,12,Firmware
8,1,2.9,54,5,7,Hardware
0,7,2.7,112,5,0,Software
7,0,1.0,37,1,4,Hardware
0,2,3.8,47,5,19,Firmware
6,0,3.6,56,4,23,Hardware
5,5,3.4,87,3,4,Firmware
8,1,2.8,0,4,23,Hardware
3,3,5.1,80,4,13,Firmware
2,1,6.8,122,4,16,Performance
8,0,2.8,10,1,16,Hardware
10,2,3.1,47,1,12,Hardware
2,0,2.0,52,2,19,Documentation
3,3,6.9,113,5,2,Performance
3,3,5.7,70,3,0,Performance
1,9,2.6,85,1,0,Software
3,3,5.3,109,2,23,Performance
8,0,1.8,5,4,1,Hardware
7,0,3.8,64,1,17,Hardware
1,10,1.6,96,2,9,Software
1,2,1.4,5,1,0,Documentation
0,1,1.0,13,3,21,Documentation
0,2,1.7,31,1,7,Documentation
7,0,3.3,31,2,10,Hardware
1,12,4.4,70,3,2,Software
1,5,3.4,92,5,12,Software
1,8,7.9,92,4,15,Security
1,1,1.9,52,5,3,Documentation
0,7,8.7,71,5,6,Security
1,2,1.0,29,3,9,Documentation
0,10,1.5,78,5,9,Software
2,0,1.8,34,3,18,Documentation
10,3,3.8,45,1,14,Hardware
7,0,1.0,12,1,16,Hardware
1,7,2.2,83,4,21,Software
3,1,5.7,63,5,11,Performance
3,1,9.9,100,5,19,Performance
4,0,3.4,35,4,20,Hardware
1,11,2.3,93,2,23,Software
2,1,4.5,119,2,15,Performance
0,7,2.6,59,3,20,Software
0,6,8.0,36,4,20,Security
0,1,1.2,26,3,21,Documentation
8,4,1.8,69,2,1,Firmware
3,3,3.6,54,2,13,Firmware
0,0,1.0,33,4,5,Documentation
1,4,7.2,59,5,5,Performance
1,8,3.4,71,4,18,Software
0,8,3.5,155,4,13,Software
0,10,2.9,89,1,22,Software
6,2,3.5,41,2,23,Firmware
4,5,7.2,68,3,11,Security
1,5,8.1,60,3,6,Security
2,8,9.2,68,2,9,Security
1,7,7.4,61,1,2,Security
10,0,3.4,65,5,2,Hardware
2,10,3.6,145,4,10,Software
8,1,4.1,46,3,10,Hardware
0,11,2.4,95,5,19,Software
2,12,2.3,33,4,2,Software
2,8,3.1,56,2,8,Software
8,0,2.5,57,2,12,Hardware
1,5,4.4,110,2,1,Firmware
5,1,4.0,60,3,9,Firmware
4,0,7.1,131,4,10,Performance
0,6,1.0,122,1,14,Software
0,0,6.1,50,2,17,Performance
12,0,3.4,29,2,21,Hardware
1,10,7.7,35,5,21,Security
2,0,6.6,95,4,8,Performance
7,1,3.6,56,5,13,Hardware
4,6,5.6,64,4,22,Firmware
1,13,3.0,65,3,23,Software
4,7,9.1,30,3,7,Security
0,9,3.9,80,1,1,Software
5,4,5.5,21,2,18,Firmware
0,8,4.1,57,2,16,Software
1,9,1.0,120,2,21,Software
0,5,1.4,45,1,8,Software
0,6,4.2,92,1,23,Firmware
2,0,6.5,81,4,7,Performance
4,5,10.0,75,4,17,Security
10,0,2.9,45,4,12,Hardware
4,4,3.7,35,2,6,Firmware
2,4,3.0,79,3,22,Performance
5,5,3.1,34,5,8,Firmware
3,3,3.6,112,4,2,Performance
10,1,4.5,62,5,13,Hardware
6,5,4.8,86,1,20,Firmware
3,3,7.8,102,3,20,Performance
5,2,6.3,129,2,7,Performance
1,3,1.3,17,1,21,Documentation
0,1,1.7,44,5,6,Documentation
0,7,5.2,44,2,23,Software
1,8,2.5,103,1,1,Software
8,1,2.2,33,5,12,Hardware
1,9,3.9,119,1,3,Software
9,1,2.6,32,2,23,Hardware
3,1,4.6,14,5,19,Firmware
7,2,2.7,67,3,20,Hardware
0,9,3.9,40,5,6,Software
6,5,4.7,68,3,11,Firmware
2,1,3.4,53,1,2,Firmware
0,3,1.7,46,1,9,Documentation
0,2,1.0,15,3,11,Documentation
1,4,2.8,48,5,21,Software
0,9,2.0,107,5,1,Software
2,5,3.9,34,4,4,Firmware
6,2,3.5,43,5,8,Firmware
3,7,6.6,92,5,22,Performance
8,0,3.8,80,5,16,Hardware
1,6,6.6,59,3,2,Security
3,1,7.1,146,5,6,Performance
1,3,4.0,69,4,10,Firmware
5,2,3.4,37,5,13,Firmware
5,0,3.1,51,2,14,Hardware
1,5,3.2,126,5,17,Software
1,9,2.5,30,5,21,Software
0,2,1.2,41,3,6,Documentation
4,3,7.0,76,4,4,Performance
2,1,3.9,69,4,22,Firmware
8,0,4.2,39,1,19,Hardware
4,4,5.7,107,1,2,Firmware
11,0,1.9,13,3,13,Hardware
8,2,2.8,57,2,14,Hardware
3,8,4.5,158,2,3,Performance
7,0,3.3,29,4,6,Hardware
0,3,1.0,26,3,15,Documentation
9,0,2.2,13,3,10,Hardware
2,5,3.9,80,4,20,Software
4,2,4.3,77,5,12,Hardware
1,3,8.4,77,5,10,Security
1,5,2.2,72,3,19,Software
2,0,1.0,23,1,10,Documentation
7,0,3.3,68,1,18,Hardware
0,1,1.0,19,2,22,Documentation
0,2,1.0,37,5,4,Documentation
0,2,4.7,23,3,13,Firmware
2,0,1.5,27,3,10,Documentation
7,0,2.8,85,1,7,Hardware
6,5,3.2,73,5,12,Firmware
0,3,3.4,45,5,9,Firmware
6,1,2.0,18,2,22,Hardware
0,2,1.6,24,1,7,Documentation
8,3,1.7,82,2,1,Hardware
1,12,1.7,95,5,2,Software
0,2,1.0,23,3,8,Documentation
0,11,2.3,114,1,19,Software
1,7,2.9,62,1,17,Software
8,2,2.9,37,2,2,Hardware
0,11,1.1,81,4,16,Software
1,3,1.1,10,1,7,Documentation
5,4,6.6,180,3,23,Performance
8,2,3.5,0,5,2,Hardware
0,2,1.2,39,2,6,Documentation
1,0,7.4,53,1,22,Security
2,12,3.1,95,2,3,Software
0,2,1.1,36,5,21,Documentation
8,1,3.4,0,5,6,Hardware
1,3,9.0,63,5,7,Performance
0,7,3.2,90,2,6,Software
4,3,4.8,79,4,18,Performance
1,3,4.0,65,2,19,Firmware
8,2,3.3,83,4,11,Hardware
2,10,4.2,38,3,21,Software
1,2,7.3,73,5,14,Security
2,4,3.7,83,4,23,Performance
4,1,6.1,38,4,22,Firmware
1,2,10.0,76,4,0,Security
6,0,3.0,59,2,5,Hardware
0,12,1.7,113,4,9,Software
1,8,3.1,80,4,1,Software
6,1,2.3,27,3,17,Hardware
0,0,1.3,35,3,5,Documentation
5,4,3.7,79,1,4,Firmware
0,0,1.0,48,4,8,Documentation
0,8,1.9,65,3,1,Software
0,2,1.3,30,5,4,Documentation
5,1,3.4,66,5,5,Hardware
1,3,6.7,131,3,1,Performance
0,4,3.7,72,4,21,Performance
3,1,1.0,4,2,7,Documentation
7,1,1.9,36,2,14,Hardware
0,8,2.8,64,2,7,Software
0,2,1.5,36,3,6,Documentation
8,0,1.5,38,5,14,Hardware
1,0,1.6,41,2,12,Documentation
2,2,7.8,80,4,11,Security
2,4,6.0,30,4,6,Performance
6,0,2.9,31,1,17,Hardware
0,6,2.0,70,2,3,Software
0,2,7.2,134,2,15,Performance
7,0,3.4,28,3,10,Hardware
1,9,2.8,84,2,10,Software
0,11,3.8,0,4,15,Software
2,4,3.4,97,2,12,Firmware
0,9,4.4,56,4,7,Software
0,7,3.3,28,3,19,Software
2,14,3.2,114,1,0,Software
0,0,9.0,155,1,23,Performance
4,3,4.2,57,2,23,Firmware
4,1,5.3,83,4,19,Performance
4,6,3.1,54,2,7,Firmware
8,0,2.6,51,1,14,Hardware
0,2,1.8,44,2,14,Documentation
3,2,2.6,33,4,17,Firmware
0,8,2.8,93,1,18,Software
0,1,1.9,37,4,1,Documentation
6,1,3.7,30,1,23,Hardware
1,12,3.0,108,2,11,Software
0,8,3.0,73,2,2,Software
8,0,2.2,70,1,4,Hardware
2,5,6.5,25,1,5,Performance
2,4,3.6,33,4,7,Firmware
1,7,3.6,122,1,9,Software
1,8,1.2,98,3,8,Software
1,11,2.0,50,3,9,Software
1,1,1.1,37,4,8,Firmware
1,7,1.9,31,4,10,Software
2,3,4.5,108,3,12,Performance
0,2,6.8,49,5,22,Security
1,7,2.1,60,3,16,Software
9,2,2.0,40,2,1,Hardware
2,3,3.1,14,1,11,Firmware
2,3,8.8,32,1,10,Security
5,6,3.7,68,4,20,Firmware
0,11,1.0,58,1,19,Software
2,1,1.1,51,5,6,Documentation
4,3,3.8,93,1,2,Firmware
0,2,1.5,28,3,2,Documentation
1,11,1.8,121,3,15,Software
0,2,1.0,47,5,23,Documentation
0,7,3.8,69,4,6,Software
2,9,1.7,122,5,12,Software
0,8,3.2,106,1,5,Software
3,5,7.4,66,3,5,Security
2,6,4.0,105,3,1,Performance
4,1,1.4,36,3,8,Documentation
4,3,3.7,74,3,21,Firmware
0,9,2.8,72,5,9,Software
1,11,3.3,58,2,2,Software
1,1,1.1,58,1,6,Documentation
6,0,2.8,44,1,6,Hardware
0,4,8.3,69,5,22,Security
0,2,1.0,54,2,19,Documentation
1,2,5.4,103,4,23,Performance
8,2,1.7,25,4,22,Hardware
1,0,5.3,145,1,18,Performance
0,9,2.3,89,4,11,Software
0,7,3.8,82,2,16,Software
2,4,6.7,87,2,19,Performance
1,5,10.0,91,4,19,Security
5,4,3.2,41,2,13,Performance
2,5,7.7,58,3,7,Security
3,3,5.5,44,2,16,Firmware
2,6,1.9,28,2,14,Software
0,1,1.5,41,3,17,Documentation
4,6,5.1,88,3,3,Firmware
1,5,9.0,46,4,12,Security
5,2,7.2,151,1,23,Performance
1,2,2.3,95,3,22,Firmware
4,1,1.7,49,1,3,Firmware
6,0,5.6,63,5,18,Hardware
1,6,5.6,31,4,21,Firmware
0,5,3.2,102,4,6,Firmware
5,4,3.6,68,4,3,Firmware
0,8,3.2,23,3,1,Software
6,0,3.3,72,2,2,Hardware
1,5,4.5,54,1,9,Performance
7,7,3.6,62,2,13,Firmware
9,0,3.4,86,4,16,Hardware
2,4,8.2,94,3,11,Security
3,4,6.6,156,3,12,Performance
1,3,1.6,32,3,23,Documentation
6,2,2.7,69,4,5,Firmware
7,1,3.4,62,1,5,Hardware
6,3,4.9,74,4,5,Firmware
0,1,1.0,32,5,10,Documentation
1,2,2.7,66,5,20,Firmware
0,9,1.9,90,4,1,Software
0,6,3.4,87,1,22,Software
7,0,1.0,27,4,5,Hardware
0,7,1.5,89,3,23,Software
4,1,2.9,23,4,15,Hardware
1,7,4.9,79,1,17,Security
3,3,8.2,48,1,16,Security
0,10,3.6,108,3,13,Software
2,6,3.9,61,3,16,Firmware
0,2,1.0,27,5,2,Documentation
7,0,2.7,60,5,21,Hardware
4,1,2.7,65,4,4,Firmware
6,10,5.6,55,2,1,Firmware
0,7,2.5,76,3,11,Software
8,2,2.0,71,5,0,Hardware
1,8,3.1,95,1,15,Software
0,10,2.8,62,1,13,Software
2,7,3.1,101,1,6,Software
8,0,2.3,31,4,16,Hardware
1,8,2.6,96,1,22,Software
2,11,3.3,120,3,8,Software
1,4,8.4,43,5,6,Security
3,3,6.5,106,5,1,Performance
3,3,4.7,63,5,11,Firmware
0,4,8.2,110,2,8,Performance
4,1,3.4,40,5,19,Firmware
5,9,4.4,92,5,10,Firmware
4,1,5.7,68,4,11,Performance
3,5,5.2,85,2,15,Performance
1,0,6.0,120,3,17,Performance
0,11,3.2,48,2,4,Software
2,7,5.8,29,5,15,Security
0,3,1.0,18,3,5,Documentation
2,0,6.0,144,1,11,Performance
8,0,3.6,34,4,20,Hardware
4,2,8.1,82,4,8,Performance
1,6,9.9,37,4,22,Security
1,9,3.3,70,4,3,Software
0,3,3.4,100,2,20,Software
5,5,2.4,22,3,16,Firmware
6,0,2.4,59,1,5,Hardware
1,1,1.9,28,3,2,Documentation
5,5,4.9,64,3,1,Firmware
0,11,3.8,106,1,10,Software
2,0,3.6,55,2,14,Firmware
0,3,1.0,49,3,3,Documentation
0,1,1.2,30,3,4,Documentation
2,11,2.0,80,2,6,Software
0,6,3.1,151,3,12,Software
7,1,2.1,19,3,23,Hardware
0,6,2.6,119,5,16,Software
1,5,8.4,75,4,7,Security
0,2,8.0,151,3,15,Performance
5,3,4.9,64,2,17,Firmware
0,5,5.2,64,3,18,Performance
0,10,2.5,90,5,5,Software
0,6,4.1,79,1,2,Software
0,1,1.0,0,3,20,Documentation
4,2,6.1,93,1,15,Performance
0,9,3.3,59,2,4,Software
0,9,4.7,77,2,6,Software
2,0,3.7,53,4,4,Firmware
7,0,4.6,42,5,7,Hardware
0,7,3.0,56,4,18,Software
0,2,7.4,101,3,2,Performance
1,2,1.0,28,4,11,Documentation
1,9,4.3,80,3,22,Software
2,7,3.1,48,1,20,Software
0,8,3.8,76,4,14,Software
0,4,5.2,131,2,0,Performance
3,1,4.3,40,5,10,Performance
9,1,1.5,53,3,10,Hardware
0,0,1.0,18,4,3,Documentation
3,1,3.4,52,4,9,Hardware
0,0,6.4,139,5,6,Performance
2,4,5.7,128,3,19,Performance
5,3,2.9,65,1,1,Firmware
2,5,9.4,85,4,13,Security
1,13,2.8,94,5,9,Software
6,2,3.7,39,5,7,Hardware
4,3,6.4,57,4,3,Performance
2,1,6.5,119,4,11,Performance
0,1,1.0,39,4,0,Documentation
3,0,5.1,81,4,5,Firmware
1,11,1.5,86,5,13,Software
1,1,4.9,65,5,6,Performance
0,3,1.0,44,1,11,Documentation
3,0,5.0,64,5,6,Firmware
9,1,2.7,49,3,10,Hardware
5,5,1.6,47,5,5,Firmware
1,0,3.1,75,2,20,Performance
1,1,1.7,20,3,0,Documentation
0,1,1.0,34,4,2,Documentation
2,10,3.0,113,1,18,Software
4,3,8.2,57,1,1,Performance
3,4,4.0,84,2,20,Performance
0,7,3.1,135,4,8,Software
2,9,4.6,54,2,2,Firmware
2,12,2.4,72,3,4,Software
8,0,3.8,19,5,5,Hardware
1,5,8.8,114,4,9,Security
6,5,5.1,133,2,8,Firmware
0,4,5.3,18,1,8,Firmware
2,4,5.4,131,4,23,Performance
1,8,2.6,82,4,2,Software
1,8,3.1,96,5,11,Software
4,4,6.2,59,2,13,Firmware
2,5,5.3,99,4,21,Performance
1,8,7.8,68,1,1,Security
8,1,2.6,71,4,9,Hardware
1,8,2.8,74,1,19,Software
2,8,1.0,70,2,5,Software
6,2,5.3,40,3,3,Firmware
2,7,8.0,34,1,5,Security
1,5,7.4,73,4,22,Security
0,2,1.0,26,5,17,Documentation
3,4,8.7,62,2,3,Security
5,4,4.0,66,5,17,Firmware
0,1,4.2,174,4,21,Performance
0,10,1.5,94,4,12,Software
0,3,5.6,158,4,0,Performance
6,1,3.6,38,2,1,Hardware
1,1,1.4,18,4,11,Documentation
6,6,2.6,17,5,12,Firmware
8,0,2.4,50,4,5,Hardware
0,1,1.0,9,1,7,Documentation
9,0,2.4,50,5,22,Hardware
0,0,1.0,29,3,18,Documentation
0,2,1.0,43,1,10,Documentation
3,3,6.0,107,4,5,Performance
2,3,4.8,30,4,5,Performance
6,1,3.7,11,1,22,Hardware
1,5,2.0,37,3,15,Software
2,3,7.8,29,3,20,Security
8,0,2.8,33,2,23,Hardware
1,6,2.9,95,4,20,Software
3,2,8.5,90,4,18,Security
6,0,2.3,64,4,8,Hardware
1,1,1.0,0,5,22,Documentation
7,0,2.3,37,2,12,Hardware
0,9,3.7,90,4,11,Software
6,2,4.4,46,2,11,Firmware
8,2,8.1,147,4,18,Performance
1,6,6.9,107,5,23,Security
3,3,4.8,105,2,19,Performance
8,2,3.2,57,1,14,Hardware
6,3,4.1,28,4,11,Firmware
0,5,6.9,133,2,2,Performance
2,2,6.3,112,4,12,Firmware
0,5,7.1,62,2,16,Security
10,0,4.4,43,5,2,Hardware
3,5,5.8,174,3,17,Performance
1,8,3.0,56,4,7,Software
1,4,3.0,30,1,9,Firmware
1,13,1.0,95,3,20,Software
2,2,1.0,20,2,13,Documentation
0,8,3.9,48,2,10,Software
1,2,1.1,22,4,18,Documentation
1,10,2.9,50,3,17,Software
4,3,6.8,47,1,17,Performance
8,0,3.4,39,4,8,Hardware
1,6,8.9,70,5,2,Security
0,4,3.3,67,2,12,Software
1,3,2.9,85,4,12,Performance
0,0,1.6,0,3,4,Documentation
3,5,3.4,89,2,18,Firmware
2,6,4.2,47,2,7,Software
6,0,4.7,98,1,9,Performance
0,5,4.6,79,3,3,Software
0,0,8.5,46,3,15,Security
1,7,1.6,71,2,15,Software
5,4,6.2,86,1,13,Performance
8,1,4.3,55,1,21,Hardware
2,5,8.9,66,3,16,Security
3,7,4.4,81,3,20,Performance
3,0,6.6,103,5,12,Performance
0,0,1.6,29,2,1,Documentation
5,0,3.4,7,3,22,Hardware
5,5,5.0,25,4,22,Firmware
1,5,3.6,54,3,20,Firmware
6,4,6.2,119,2,20,Performance
4,0,6.6,44,3,2,Performance
1,1,4.2,72,3,9,Firmware
9,2,2.5,27,5,15,Hardware
1,10,3.8,36,5,4,Software
3,3,3.7,112,2,21,Firmware
3,5,5.5,94,3,22,Performance
1,3,1.1,45,2,0,Documentation
7,1,1.1,51,4,1,Hardware
7,1,1.7,31,3,16,Hardware
1,0,9.0,105,4,17,Security
0,9,4.0,88,1,22,Software
1,0,8.3,50,1,18,Security
1,11,2.3,137,5,9,Software
1,8,2.1,59,5,17,Software
10,2,3.8,34,5,9,Hardware
7,1,2.6,49,1,2,Hardware
8,0,2.7,54,4,1,Hardware
2,3,8.1,17,3,16,Security
1,5,8.3,22,3,4,Security
2,2,1.3,32,4,9,Documentation
8,0,4.2,50,2,20,Hardware
8,0,3.5,0,1,6,Hardware
0,10,4.8,59,4,6,Software
0,2,1.0,47,1,17,Documentation
3,4,3.4,67,3,10,Software
0,8,1.7,69,1,3,Software
2,7,3.7,95,1,16,Software
1,7,6.4,85,4,21,Security
8,0,2.2,52,2,3,Hardware
5,5,3.5,73,1,13,Firmware
0,9,2.8,107,2,2,Software
6,0,1.0,57,1,15,Hardware
1,2,5.7,118,4,8,Performance
2,3,7.3,49,1,3,Security
0,6,8.8,94,1,16,Security
2,10,2.4,86,1,4,Software
6,0,3.8,76,3,17,Hardware
0,12,3.4,132,1,17,Software
2,4,4.7,152,5,16,Performance
4,3,3.5,59,5,15,Firmware
1,7,3.6,68,5,12,Software
8,0,3.5,18,3,2,Hardware
1,9,4.6,74,1,19,Software
0,0,1.0,33,3,16,Documentation
1,9,2.4,111,4,2,Software
4,0,1.4,86,1,5,Hardware
3,3,3.2,53,2,18,Firmware
0,7,2.0,43,1,23,Software
1,3,7.1,50,1,12,Security
9,1,2.5,12,4,15,Hardware
2,10,3.5,93,5,0,Software
8,0,3.3,43,1,21,Hardware
3,3,3.9,50,1,16,Firmware
3,2,1.0,20,3,15,Documentation
7,0,2.1,64,2,5,Hardware
3,2,1.0,33,5,9,Documentation
2,3,5.5,153,2,20,Performance
3,6,7.5,76,2,7,Security
9,0,2.8,35,5,17,Hardware
0,0,1.0,31,2,5,Documentation
4,7,4.2,93,2,2,Firmware
0,0,1.5,51,1,17,Documentation
3,2,4.3,33,1,5,Firmware
2,0,6.2,40,2,8,Firmware
7,1,3.0,28,2,18,Hardware
2,3,1.7,37,2,21,Firmware
3,0,3.1,9,3,0,Firmware
9,0,2.7,38,2,14,Hardware
2,3,3.5,76,4,9,Firmware
2,1,6.9,101,5,0,Performance
2,2,5.8,41,5,18,Security
2,4,3.7,34,4,8,Firmware
4,2,4.2,82,5,5,Performance
9,0,2.9,12,4,15,Hardware
1,9,1.0,91,2,23,Software
1,8,3.8,13,5,11,Software
0,8,3.5,123,1,3,Software
3,0,3.3,65,4,23,Hardware
2,10,8.1,47,2,2,Security
9,2,2.7,59,4,5,Hardware
0,0,1.0,2,5,2,Documentation
4,1,4.3,48,3,22,Firmware
0,10,3.2,62,3,13,Software
0,9,3.6,70,1,22,Software
4,5,4.6,65,3,5,Firmware
1,2,1.0,29,5,21,Documentation
11,2,2.5,61,3,15,Hardware
3,7,4.1,78,2,12,Firmware
5,1,2.5,51,2,13,Hardware
3,1,3.2,27,1,9,Firmware
2,2,1.3,22,3,19,Documentation
6,3,3.1,64,3,9,Firmware
0,0,1.0,30,1,21,Documentation
2,3,5.5,59,1,18,Firmware
8,1,3.8,43,5,9,Hardware
9,1,1.6,31,2,0,Hardware
0,1,1.4,54,1,8,Documentation
6,0,6.3,38,4,19,Firmware
1,10,2.1,79,4,13,Software
1,6,7.3,38,5,19,Security
0,7,3.0,131,1,11,Software
0,9,3.3,102,2,17,Software
0,10,3.0,107,3,3,Software
7,1,3.7,0,5,10,Hardware
1,7,8.4,15,1,22,Security
1,1,7.5,124,2,20,Performance
2,7,8.9,108,5,2,Performance
6,7,3.4,82,1,21,Firmware
1,4,8.1,65,2,21,Security
1,1,1.0,33,1,11,Documentation
5,5,9.5,114,1,18,Performance
6,3,3.8,67,3,18,Firmware
11,1,2.0,48,5,19,Hardware
0,1,1.0,56,3,20,Documentation
2,3,4.1,46,2,17,Firmware
7,0,3.0,58,4,22,Hardware
0,2,1.0,37,5,16,Documentation
2,6,4.2,68,1,4,Firmware
0,10,3.9,54,1,20,Software
1,6,2.9,78,5,10,Software
1,2,7.7,95,5,14,Security
0,3,8.4,90,3,15,Performance
0,8,2.7,80,1,10,Software
1,1,4.7,157,5,22,Performance
7,1,3.0,14,1,12,Hardware
2,3,7.5,69,3,10,Security
1,3,5.2,128,3,18,Performance
1,8,3.5,77,3,10,Software
1,7,3.1,46,4,12,Software
5,1,8.1,121,1,23,Performance
2,6,4.6,131,4,9,Performance
1,3,5.2,107,1,3,Performance
6,0,3.2,52,1,3,Hardware
2,1,1.1,48,5,15,Documentation
0,1,1.6,31,3,19,Documentation
