particle_size_um,leakage_current_pa,breakdown_voltage_v,local_yield,layer_depth,defect_type
0.8370666574966933,50.0,4.234005182828725,0.5816244476700241,5,Via_Open
2.3386056521462737,1192.6604268223987,5.336858404221848,0.7560230035647956,1,Particle_Defect
0.36344855362152584,2013.107604186228,2.600160906531025,0.6759573710095321,8,Oxide_Pinhole
0.707274358758559,144.5667354323612,6.094329113742012,0.6788605852974311,9,Via_Open
0.15991959340806003,848.6175573490834,6.270488220623915,0.8485783121785392,11,Clean_Die
1.920238022176996,9940.722370973526,2.2465783261617034,0.3626045779084286,3,Metal_Short
0.4257764078761349,1947.8663010409628,2.6121379130710256,0.5641076476422939,7,Oxide_Pinhole
0.2599068281996263,2335.139632080056,3.100751736802296,0.6370619942849133,4,Oxide_Pinhole
0.6596206598475709,331.1814725277023,5.419511363359605,0.6319657247575554,9,Via_Open
0.32394625794168197,2560.670866151803,3.1679269028664,0.639500597632088,3,Oxide_Pinhole
0.10413741282078119,737.9335995920908,6.267710778210833,0.9132766948882485,10,Clean_Die
0.2300581721130846,5935.717169232342,1.8649177419996517,0.4891325258565138,2,Gate_Oxide_Trap
0.3477725258685303,2601.286450892903,3.3796294185592717,0.7507448645560165,6,Oxide_Pinhole
0.20059562303428335,2067.7930200792225,2.933899127477593,0.5609829974903873,5,Oxide_Pinhole
3.7394933371067145,1268.3630357761483,4.67550680276845,0.5234145322782208,1,Particle_Defect
0.45165131409912246,3986.2024332686656,2.9025427211055304,0.6335604681667732,6,Gate_Oxide_Trap
0.8913114295016549,121.52282580392978,6.566179340291724,0.5605356738232699,4,Via_Open
0.08450966146491827,757.0369638335577,6.149528336898013,0.9313037278648318,2,Clean_Die
0.36974020910153965,1912.2908491566068,3.000153163184767,0.7254100248106251,4,Oxide_Pinhole
0.25240528511609023,2017.9575902554727,2.7476537154913596,0.6714343166843402,3,Oxide_Pinhole
0.09703278504957236,2800.9413992443724,3.546722848843978,0.6433812717315187,11,Oxide_Pinhole
0.05,584.0887565297594,6.316237011086872,0.9376652781014269,6,Clean_Die
4.196607592451936,1171.319755160377,4.957198967662119,0.6143084603977655,11,Particle_Defect
0.17588185901118242,5207.018759257713,2.8436209721654264,0.44869252284372807,4,Gate_Oxide_Trap
0.06809880227824006,697.7982861370095,6.690714647092321,0.9155923287250194,9,Clean_Die
0.13414449863018058,767.1025439199065,7.322509115252862,0.8688068148136766,1,Clean_Die
0.6665276381992832,107.1282435823525,5.596271764001889,0.5020575192531166,10,Via_Open
0.05,808.1963434957319,5.744121851415826,0.8749273441313464,7,Clean_Die
3.168357586448783,1346.628970179028,4.7271765519327955,0.5930279397228188,9,Particle_Defect
3.978901898758704,1276.225191275574,4.847082885850419,0.7260632180259597,3,Particle_Defect
0.16628318493424574,696.2815955012545,5.853174457161144,0.9012423875013249,10,Clean_Die
0.08773228120598278,720.293301669198,6.061609175244758,0.8961651734771532,6,Clean_Die
0.07971571092970446,804.9811968522645,6.163934723849301,0.8732930451963102,10,Clean_Die
1.6937412521002586,9927.936178557598,1.5610503139956222,0.2539928115534532,9,Metal_Short
0.17123802137989022,3799.266385959759,2.0193036029254814,0.6680754308377489,2,Gate_Oxide_Trap
0.29239146674943417,2064.7278681332964,3.8843749716419316,0.7392630440218569,11,Oxide_Pinhole
1.906082367714605,1176.0245721279005,3.514694935386541,0.7583817316862074,8,Particle_Defect
0.23113650346976233,4580.132590509464,2.505154889523078,0.35108659496012873,9,Gate_Oxide_Trap
0.10853100963660503,852.5375510192301,6.847175678760293,0.8890921577325775,2,Clean_Die
0.18566268330901808,4201.47583178446,2.366506049086102,0.4670071230851331,5,Gate_Oxide_Trap
0.32893675303464914,4652.617600439475,2.5285280367312835,0.5792152152663136,4,Gate_Oxide_Trap
0.5620471344038795,8883.48302624392,2.0564233049857563,0.41662581892533596,6,Metal_Short
0.24079752956360503,1966.439605527541,4.167955813128126,0.7045837128433758,7,Oxide_Pinhole
3.194724705803828,940.6007835390657,5.149785752518424,0.7078141194455387,1,Particle_Defect
0.09769181584243866,666.5780930379223,6.649891193449387,0.9377740462712757,2,Clean_Die
2.8712057351694913,974.090584946199,4.376913594284221,0.6284207971234188,10,Particle_Defect
0.054507432534946526,784.9320396935256,6.643107116259437,1.0,3,Clean_Die
3.947769894270944,890.4587699270003,5.775380367936755,0.6017071356245841,9,Particle_Defect
1.0375651268181032,102.60808684417577,5.157056696619968,0.6146316758533575,1,Via_Open
0.32790645462645174,2622.698920754792,3.421520644499813,0.6803506735512397,7,Oxide_Pinhole
0.9217079633637454,8747.342723949132,1.8452849687452013,0.391552433790487,3,Metal_Short
1.1870438918246524,9176.91431891113,2.0711382441121104,0.3873730489239084,9,Metal_Short
0.11045106905162885,2393.329771607029,3.110467430631661,0.5764989802740624,11,Oxide_Pinhole
2.9439699861033772,1423.5891640656682,4.814886350207593,0.7210691892648602,3,Particle_Defect
2.6899595083189407,1208.7580934252635,5.284611579184118,0.5626366958633284,9,Particle_Defect
0.050528878351946825,791.3228681148994,6.254034775947829,0.8651791707708453,8,Clean_Die
3.8905722423314257,1247.3341119255706,4.773317399013602,0.8823926943014494,8,Particle_Defect
3.5590988115767708,1021.5636413953096,4.764958899439331,0.6935649951471906,5,Particle_Defect
1.7808964976899804,8325.901905603063,2.010541261147478,0.4430026612904572,2,Metal_Short
0.1396548777676044,831.5936573531316,5.978488215269626,0.9322251032596893,9,Clean_Die
0.1362582959601554,778.5213363208602,6.344529644813055,0.8887457494125584,7,Clean_Die
0.7360405312427626,172.39325130373163,4.973444655930027,0.7598997147540468,4,Via_Open
0.13906723320410833,806.8129464735841,6.892076937032738,0.9279634897294017,8,Clean_Die
0.05183752488660261,830.7478277729874,5.5728426389716965,0.884148617476934,10,Clean_Die
0.8023823896088503,146.06350841596787,6.366766169843654,0.5884430511682286,2,Via_Open
3.209322753792307,1304.2556725817205,4.6088760601506635,0.5061885016554708,2,Particle_Defect
4.1217763097823354,1239.5764647253682,3.9827087215443324,0.8084133247197915,7,Particle_Defect
2.8747005747952237,1001.8764121659102,5.5404954936515445,0.6386762102044016,6,Particle_Defect
1.3813212486320594,7052.216346374378,2.115536873674592,0.5383450905527991,2,Metal_Short
0.17378817733767168,2258.851307239172,2.6658836077026145,0.8102832646882527,5,Oxide_Pinhole
3.225575937831543,1479.7027506956197,5.386954403451243,0.6032575305524892,4,Particle_Defect
0.11723512215862328,701.0657838834907,6.410456362157224,0.9746942711973744,1,Clean_Die
0.16472087531280533,4375.815678241765,2.671819932540747,0.4857245126302932,10,Gate_Oxide_Trap
0.880968788491098,148.1353519053034,5.415103627470982,0.6423927757091735,7,Via_Open
0.2336296721055905,1056.4604015061382,7.0291635442058755,0.8722146987557345,3,Clean_Die
1.4203952082479687,7892.297921482948,1.38701171498754,0.4775099598239241,11,Metal_Short
0.23593410827595176,2711.0371740878777,3.241584289410629,0.7168037031487967,5,Oxide_Pinhole
0.4565467634752256,1853.766402953674,2.880405701193235,0.7524855889134721,4,Oxide_Pinhole
0.4823591581242424,149.23336678546787,4.848040253988459,0.5555159967152127,7,Via_Open
0.27827291050740255,2358.23782777534,2.582311110110414,0.540654234021255,11,Oxide_Pinhole
0.05,904.7780084792183,6.7557231493958945,0.9431348273371418,6,Clean_Die
0.07567675072455145,904.4267895751857,5.858891488817285,0.9051383153420545,9,Clean_Die
0.05,721.4026066882751,7.014559061053827,0.915559182143987,3,Clean_Die
0.384685992934473,1668.9405236226562,2.97588638678415,0.6661931448187217,10,Oxide_Pinhole
0.4482122904266782,1765.4829897463294,3.0272355344601314,0.677021573199503,6,Oxide_Pinhole
0.1262368538098788,857.2264151378861,5.604221825099262,0.8977690226825121,4,Clean_Die
0.18065376669222305,2240.2448841624987,3.584756251315243,0.6684139805242187,5,Oxide_Pinhole
3.99411869889789,1427.6634496280844,4.976313525594292,0.44203307461470015,2,Particle_Defect
2.91603092801071,935.1874913369825,4.3752013127659195,0.8951602085919573,4,Particle_Defect
0.2955731812889366,4407.301140172416,2.446281675974706,0.35763978954883624,4,Gate_Oxide_Trap
0.0773039383416979,3952.821342073811,2.510386381384568,0.5479723227160562,8,Gate_Oxide_Trap
0.811927314387475,86.96050049633178,6.719881602583456,0.4855275214182606,5,Via_Open
0.05,724.7542825507961,7.07084226020855,0.8644321144450011,8,Clean_Die
0.35515717609891695,2402.7605274782163,3.5234594184279366,0.6705817669643994,8,Oxide_Pinhole
0.34123800722017866,2096.2488730120745,2.7558096969867556,0.767999365042508,5,Oxide_Pinhole
0.10571015767021968,776.0950807686385,6.438840447151448,0.973276915005927,11,Clean_Die
1.3809943846055242,8440.171539081923,2.093790985741988,0.4764252524744669,2,Metal_Short
1.5959833092803626,8319.903065733914,1.592332193601781,0.4533463836373163,9,Metal_Short
0.3665667909691195,2128.646577317398,3.322686390476143,0.7279007471407749,3,Oxide_Pinhole
0.24996228796460046,2255.1498339089394,3.073787097186402,0.6893788654824338,11,Oxide_Pinhole
0.20441470233361642,4427.802149832138,2.5869419630736434,0.7019644886164502,4,Gate_Oxide_Trap
0.8438368708367655,171.20947462169977,5.0767448129774175,0.6583003174190456,4,Via_Open
0.06573532323076418,616.0627215580305,6.211069448521137,0.9693724754103253,10,Clean_Die
2.6983150131506717,1205.9548214578376,5.350538358968138,0.7301295808581283,8,Particle_Defect
1.0321795421203084,7856.952522960846,1.9241385029376628,0.3343642692099135,5,Metal_Short
0.16495149611287785,917.2854860726017,6.561096972599577,0.879736370413564,3,Clean_Die
0.8741417523328785,205.70445089890598,5.927660654087434,0.620620674211247,4,Via_Open
0.45294885184049605,1168.224786041411,4.978446928942515,0.6631768511943951,5,Particle_Defect
1.5614709741228932,7489.805824567841,1.75301355508912,0.46640816063425977,4,Metal_Short
0.30243345909989167,4044.301748292052,2.67953805765769,0.6313961002618823,2,Gate_Oxide_Trap
0.12455000738100785,4512.634669738947,1.9778317663408367,0.5106718657403322,10,Gate_Oxide_Trap
0.05555741159451943,806.4804452026432,6.03447950317946,0.9672775792534857,8,Clean_Die
0.17144935866366412,4608.172213864942,2.7551472852124896,0.5648564016360927,5,Gate_Oxide_Trap
2.032145735817541,1226.553038979434,5.069401161363021,0.5220935556424906,5,Particle_Defect
0.35740901224781346,2391.4878829136405,3.428490234992447,0.6872645641033404,2,Oxide_Pinhole
0.9482256479738257,161.74307127844287,5.065105161535363,0.6048726451482838,1,Via_Open
0.29154564670225697,2409.3988087358352,3.2510746040113885,0.8130470906305522,3,Oxide_Pinhole
0.4104129343703127,1508.3955294201216,3.352615475070519,0.7902581155700001,9,Oxide_Pinhole
0.9665897497688335,126.52349126124601,5.686763836020763,0.5611616175920963,10,Via_Open
0.8837251345651544,198.18660485556995,5.62438325392266,0.647556988361904,3,Via_Open
2.3623090930026027,1347.9724942941996,4.627015704955331,0.454480398391925,1,Particle_Defect
0.7943371256844344,142.99592894445925,5.860613372733191,0.6281905739314192,1,Via_Open
3.600202286983702,1555.4590325582562,5.762450438099623,0.650447178727178,1,Particle_Defect
2.865966889875768,934.2001578023949,3.901241592359119,0.711742616791966,4,Particle_Defect
4.236441487112043,1086.224468166715,4.848064704153212,0.6476525221509624,9,Particle_Defect
0.09386338065024262,1077.3769567025424,5.811109831450823,0.9584198192792223,5,Clean_Die
2.184753143625758,1636.2288678491698,5.7461835836834165,0.8904411994721562,7,Particle_Defect
0.4128029406800185,2219.0669880980404,2.7837736939221416,0.6927739668527227,8,Oxide_Pinhole
0.16772454281505084,699.9091392757632,6.307287338489591,0.9371579223824817,2,Clean_Die
1.6557621678473626,7757.084545843135,1.6485823521849055,0.5020030472168573,4,Metal_Short
0.13730000068811327,876.5012607967157,6.388888853425077,0.9068855420725358,1,Clean_Die
0.1221999362329271,706.4800956622536,5.931220566640366,0.9054082588505242,9,Clean_Die
2.694314037668885,1203.181201242745,5.804001415386093,0.8353169698737481,4,Particle_Defect
0.07083509311746342,722.2897610386123,6.061861391211175,0.954702240170922,3,Clean_Die
1.3146807321103324,7762.647684409737,1.5112509488416581,0.5644566952318846,11,Metal_Short
3.1376322666950394,1105.3134143152065,5.328312853026212,0.862848299633608,1,Particle_Defect
3.605477370952747,1010.0213946526142,5.830105250121212,0.7071580349739012,5,Particle_Defect
0.4798233162581612,2186.4994337632183,3.5249647575709155,0.7299459582638302,8,Oxide_Pinhole
0.3128005195084051,2191.1500346965663,2.5225998802866205,0.7242153799248388,7,Oxide_Pinhole
1.7695009338281276,7744.730206255705,1.8166464388750379,0.49927235832150046,3,Metal_Short
0.2151433566112802,4319.140164259306,2.462175254166102,0.5523307325464332,11,Gate_Oxide_Trap
0.24176102623138007,2167.6563363245023,3.3069210628778345,0.8022172448225445,3,Oxide_Pinhole
3.0992592295986503,1009.7564575747597,6.045305154774484,0.82199698999789,2,Particle_Defect
0.20813956026946295,773.790616555922,6.856681285548994,0.9395779507840699,8,Clean_Die
0.7925496087447118,220.08674311417548,4.612585524696666,0.5315926188478663,2,Via_Open
0.34590198708950176,2205.0744187519444,2.854582561307239,0.6318395808295064,5,Oxide_Pinhole
0.05,4621.702187992183,2.9064353478818443,0.5248499944413917,9,Gate_Oxide_Trap
0.6597075833540551,134.82478094005467,5.461855832070701,0.7166861902466334,3,Via_Open
0.26302013186015905,2013.5756775259213,2.900551004251522,0.7271975959882581,2,Oxide_Pinhole
0.05,681.7131780170425,6.4365035130739825,0.9256116325555348,10,Clean_Die
0.19217948409551097,4882.090620370873,2.071860594974434,0.49567369547535395,3,Gate_Oxide_Trap
0.12211472385903106,928.5114542184842,6.049500511624981,0.9186114337861356,1,Clean_Die
0.34631575788021524,2589.8527429344263,3.9781536061223983,0.7700952508021809,1,Oxide_Pinhole
1.2796380523570252,7461.560650899572,1.7336327635357869,0.5864633775470869,6,Metal_Short
0.23633782441160378,720.583178711072,5.710301151597328,0.9590359501396987,2,Clean_Die
0.15822981007424067,4646.553059917453,2.7293916387961823,0.49906011077905826,2,Gate_Oxide_Trap
0.6990338156646478,7648.301252602523,1.226335987703015,0.40722940249417694,8,Metal_Short
0.09763211180193271,818.6927262696618,6.059501057444959,0.8812434930863584,6,Clean_Die
0.2505096497110071,1524.756064905478,2.957506050869713,0.8099122824332164,5,Oxide_Pinhole
1.6219490204680473,8054.454303362308,1.5677296661333282,0.5980204965436495,3,Metal_Short
4.785797070055318,1410.5856044120756,4.273391367341484,0.7383861876166691,2,Particle_Defect
2.1729285229261457,8862.599565159782,1.6072103735572636,0.6015242141111727,3,Metal_Short
0.27249509588795323,1549.698064051548,3.574138505283138,0.644840828151548,7,Oxide_Pinhole
0.24702695846472433,4952.051882499066,1.546784878594221,0.5013960553582543,7,Gate_Oxide_Trap
0.05,678.4328927339425,6.607773005264824,0.9391596346239717,6,Clean_Die
0.1151304199166732,708.8376992691786,7.220546258292583,0.9653397006284393,9,Clean_Die
0.8587124781847613,8780.073232623245,1.4778865984141116,0.42655159736332326,11,Metal_Short
0.4170508888219592,2901.386956030048,2.2800939608762953,0.6851508280344111,10,Oxide_Pinhole
3.9462230353883245,831.6729582876453,4.605474989009546,0.5939993715004097,3,Particle_Defect
2.135413123094663,1382.7971941895082,4.258114159991683,0.665093407078813,4,Particle_Defect
0.36056780674101835,2180.0132970080062,2.7443505165541398,0.7100962188558326,9,Oxide_Pinhole
1.6170778338924232,7094.3970637023995,0.9791340424453916,0.43897097813975455,2,Metal_Short
0.45424717689509864,2402.5743678480408,2.981319294169823,0.6894994846796223,3,Oxide_Pinhole
1.852969513444,1230.1786234979943,3.9441696623382083,0.6014213527315062,5,Particle_Defect
0.14819801780000053,785.1769700791865,6.006891126135402,0.9108182181728047,4,Clean_Die
0.05,834.6968492909723,6.402457612243725,0.9396545420131459,4,Clean_Die
0.06071128183697039,761.1829935973033,6.540609311213361,0.9455193481963464,6,Clean_Die
0.11052846936271866,686.5952190034135,6.663357914959645,0.8729574550635133,5,Clean_Die
0.5093881849361295,126.45864474801036,5.42638116061645,0.5797972935953605,6,Via_Open
0.05,935.113928683143,6.086682991891009,0.9261330346800187,10,Clean_Die
0.4147858949686354,2053.2563029859684,2.2737435421397914,0.7129564232076755,7,Oxide_Pinhole
0.15830221122309485,1019.7194581466524,6.4005436962122335,0.9327835951802796,8,Clean_Die
0.113858168162973,950.4778389686172,7.150378833895895,0.9536059754418353,5,Clean_Die
3.734063051904232,766.1485800622352,6.013683235709689,0.574214264199363,8,Particle_Defect
0.07897317153691269,956.7401592654204,7.025702569549311,0.950604562019844,9,Clean_Die
0.15939979442891067,4388.882189041783,2.7203703043066074,0.5290373249697359,7,Gate_Oxide_Trap
3.9815358226757707,1121.49875737584,5.685017089309056,0.6845244858193519,4,Particle_Defect
0.7773706855662212,132.73316856519162,4.98950666816458,0.5498038685586492,2,Via_Open
1.6064620778936696,1370.532411475997,4.455922276210502,0.5737476248113675,7,Particle_Defect
1.002203184959991,139.6467766565046,5.920153502578647,0.8254055490931604,2,Via_Open
1.6827057827776408,6614.307787408987,2.1541063340852626,0.3441227322628459,8,Metal_Short
3.2296243531152378,1045.0672756775211,4.984750963309775,0.5712095448341293,5,Particle_Defect
0.6891755032064447,125.38557489747244,4.746962507786027,0.7255981335175261,5,Via_Open
0.07105855040503596,947.0720687856759,6.440665689386528,0.9606794823217051,2,Clean_Die
0.37455388653574995,3667.643622135685,3.183874466615045,0.7709347541478107,4,Gate_Oxide_Trap
1.6415306635876912,8842.59994316892,2.1680885803159526,0.4681997451337409,2,Metal_Short
0.05,873.4680618450195,6.370867835490998,0.8681441945274355,7,Clean_Die
0.05,864.1893769375353,7.231430575312327,0.9185638286627003,1,Clean_Die
0.13411372573307342,756.2724846244171,5.996352503468151,0.9287233224791109,5,Clean_Die
0.8408720081635531,186.38994228422723,5.909838739897953,0.779969407213035,3,Via_Open
0.1513774978758895,3373.267435265428,2.1798810195424974,0.5914530546422782,8,Gate_Oxide_Trap
0.16672772976178107,827.432868125933,7.016272057065159,0.9029555385576432,3,Clean_Die
2.557468806437689,857.3620839649907,5.1202408227401035,0.6858344001968306,5,Particle_Defect
0.13750947924044124,837.465009001021,5.552591048815234,0.9771762386671529,5,Clean_Die
0.10650368511862278,4682.393847372842,2.6459036375547926,0.6334129721845678,11,Gate_Oxide_Trap
0.09563989743001647,818.1004890613264,6.483233689385342,0.925391123896967,11,Clean_Die
0.07433561251867456,763.0157154211983,6.4079500976286345,0.8701905073638884,5,Clean_Die
1.9189834259513379,9486.22652601913,2.1851502212988456,0.5377415377689019,11,Metal_Short
3.3368765713838977,1165.4882565333141,4.056124260608538,0.6625128271741059,3,Particle_Defect
0.24703116667768357,2322.962067126312,3.5332470993201794,0.7321084936955622,10,Oxide_Pinhole
0.1792695831646324,765.9890686318251,5.942707506331742,0.9031525992627727,6,Clean_Die
0.48214167906965155,2506.1768722323804,2.4329234547734924,0.6990145501863261,1,Oxide_Pinhole
0.29799407493473745,1813.0244118638047,3.43534674927434,0.7561408970647322,4,Oxide_Pinhole
0.1004071303184487,5053.06311613951,2.135716333243931,0.5024702348930342,10,Gate_Oxide_Trap
1.0687563701509428,1210.8460935628602,4.460780451594092,0.6457120543688029,8,Particle_Defect
0.27589181659365136,3064.794539334349,2.36550380174014,0.4434747395521211,1,Gate_Oxide_Trap
0.2686163669871684,5257.954304674678,3.214098523426718,0.5580006302150667,9,Gate_Oxide_Trap
0.08873870610960705,764.0023656953742,7.040875091656838,0.869187474369738,6,Clean_Die
0.1624189238468267,754.1603585944418,6.616522266457053,0.9248510387323537,1,Clean_Die
2.527134579420292,1134.4354822896814,5.059056709040813,0.5519180602794969,10,Particle_Defect
0.05,829.0231854416924,7.312510897329438,0.9869430214984344,5,Clean_Die
0.17491409745545117,1754.8306138452613,3.4257024626151362,0.8383413058829752,6,Oxide_Pinhole
0.06699464292413038,830.2205286452923,6.776281947133157,0.9133241391099718,3,Clean_Die
2.421208921403862,935.5544781317453,4.055684116385909,0.7135362787623228,7,Particle_Defect
0.06610138082287775,4423.26504951986,2.0970352361542837,0.3916027187454216,4,Gate_Oxide_Trap
0.1359531313776554,4134.537871060493,2.65947897763656,0.5367599934202112,2,Gate_Oxide_Trap
1.4857032098805358,8234.811423453211,1.6343247690209566,0.5344692274481342,5,Metal_Short
3.9598315184746675,1106.9278594712698,3.9873377896925235,0.5302128300820975,1,Particle_Defect
0.2615744040520977,4378.378413152625,2.7181495189048714,0.4017297776032294,1,Gate_Oxide_Trap
0.360987692897649,2242.7831353319484,2.5201362059645973,0.6916482076759435,1,Oxide_Pinhole
1.6754738619239435,8723.540149957284,1.1359652987137618,0.4614716796113668,4,Metal_Short
0.15484122406881046,3975.7999927939777,2.6127031360049555,0.5159799415805231,11,Gate_Oxide_Trap
2.968629654620612,1278.9901483979463,5.058351416115477,0.6908929110640281,9,Particle_Defect
3.1751443463429587,1315.4528386721672,4.739499474270746,0.6119424940547672,4,Particle_Defect
0.24517368605845574,2496.378704805461,2.9888978458725193,0.7037805550475731,10,Oxide_Pinhole
0.06317732527559172,791.3321502770682,5.6552257439672236,0.8857672979719026,4,Clean_Die
1.1630707539198328,8045.406210755597,1.842291670192134,0.3387864862421854,7,Metal_Short
3.5260136452199666,1057.7222380465987,4.127083729320543,0.518129659007023,4,Particle_Defect
4.172177314689574,884.1375177907767,5.344144980851348,0.7367927192486992,2,Particle_Defect
0.11525013019996777,617.3123361434067,6.135222411855154,0.8905628643281457,11,Clean_Die
0.16154160466968065,705.4526170011387,6.186311343978583,0.9299897223138415,9,Clean_Die
0.18170086911102462,1867.528826589395,3.3081709404479365,0.7991447114205269,8,Oxide_Pinhole
0.22420304550459133,4457.589148452851,2.428231656375271,0.5695662073990995,9,Gate_Oxide_Trap
0.3239656446940501,1804.1680234625308,3.154191313797449,0.6372362997167709,5,Oxide_Pinhole
0.07910070918574749,691.2521735459839,5.876869498645773,0.9157914510279771,5,Clean_Die
0.06658573253201805,917.9384102626633,6.740632267016366,0.8826145371712074,8,Clean_Die
0.20136583486039827,2502.474690482304,3.3873851212188555,0.8666084008302746,6,Oxide_Pinhole
0.22345545057950048,4253.231119101044,0.9372849561742385,0.4088907960194804,4,Gate_Oxide_Trap
2.9716412452135352,1432.4473877276096,5.5539194228693525,0.4879274170404724,6,Particle_Defect
0.19567141397844487,4622.779039684931,2.453744112297189,0.4888544757977945,4,Gate_Oxide_Trap
0.2520963122911958,4390.826012276366,3.2683418653649317,0.6240207866072929,6,Gate_Oxide_Trap
0.1475848393983616,812.0150473469081,7.335444877672286,0.9380408790064344,1,Clean_Die
0.19613746166189958,4501.216023323242,2.08862745360464,0.6367296933197261,3,Gate_Oxide_Trap
0.8054665921803655,7105.125964511101,1.8358661763271495,0.552684784247006,3,Metal_Short
0.8568100889463515,9733.085000181596,1.6208419929176834,0.5558432283492923,5,Metal_Short
0.14353680002196836,844.3477068751986,6.624289060940317,0.9159652161211722,11,Clean_Die
0.0824751206228844,2249.0828879923247,2.6975107503958737,0.6681508331952768,8,Oxide_Pinhole
0.5130930876163708,164.20706623788183,6.3128118843520955,0.8099503242471311,1,Via_Open
0.16908596071213194,600.6503530759755,6.816083086916928,0.9503132220588214,1,Clean_Die
1.020947255275973,8108.6191976956925,1.9026920812756305,0.45789881605749133,11,Metal_Short
1.236963605901269,10221.32217478781,2.030170837370093,0.6137965953780641,4,Metal_Short
1.7051850763903966,8884.151591345651,2.0760418238854492,0.4325357677204123,7,Metal_Short
1.326671124576939,8812.178607622873,1.9727119089136267,0.4297678571999928,9,Metal_Short
0.13047314093423007,2532.3242815795256,2.9289029376675417,0.6968527503463283,2,Oxide_Pinhole
0.5965700576022621,1841.9088079540495,3.019233943671112,0.6791479531328732,9,Oxide_Pinhole
0.23599557627908274,5072.7192407008015,2.983780404531513,0.5145379072014382,7,Gate_Oxide_Trap
0.06817464249283944,855.4676576081239,6.357602448113699,0.9934696479213905,7,Clean_Die
0.1002270606995269,762.9588396483493,6.495172690768345,0.9255724408436461,2,Clean_Die
0.12507711366819402,810.6545155903059,6.183685687821788,0.8915383943541993,10,Clean_Die
0.11175058648104601,856.6509345235215,6.493202027535444,0.9381781833076059,9,Clean_Die
0.28333691348893913,2587.923934377869,3.5841690293933146,0.6539207220537819,11,Oxide_Pinhole
0.15521246129880287,3882.5832149833245,2.1065520064831817,0.7127669015506305,3,Gate_Oxide_Trap
0.05347694804408786,793.6144280599256,6.541662429845241,0.9605042266167692,10,Clean_Die
0.1156237209731397,968.2163008242853,6.804081185333898,0.9145493357154509,8,Clean_Die
0.36781894981257157,1906.977451756873,3.2870775493219817,0.7172784621344074,1,Oxide_Pinhole
0.4541083903998052,151.2345274990489,6.702699218557527,0.5307780928977031,7,Via_Open
0.07464093792255451,936.9984411186228,6.198690049277015,0.8909445722506604,10,Clean_Die
0.06926172721727453,2909.24622046487,2.9060077834983145,0.7338728576804838,5,Oxide_Pinhole
0.09401105234367477,963.661400794226,6.216851996643937,0.9706220918821423,11,Clean_Die
0.26312162473292344,1465.5446132261154,3.2482558324145634,0.5886198893806117,3,Oxide_Pinhole
3.065547560945344,1290.1140826249284,5.507618065721921,0.7038946190621319,6,Particle_Defect
1.4441209396640975,7260.504399892088,1.6099375921336974,0.4343206193192546,3,Metal_Short
0.06981760566694578,3810.2972298106024,2.7808656189769154,0.6119464886843548,9,Gate_Oxide_Trap
1.6681656735329684,9334.67985358158,1.3292788236533177,0.48633634032984513,11,Metal_Short
0.18333710789689725,4909.229389182376,3.161294137680559,0.5582601495710955,1,Gate_Oxide_Trap
0.32356209900895394,1985.7838218759161,3.6709502064643624,0.6973379065983472,11,Oxide_Pinhole
1.6611953202815726,8263.905596116181,1.5772135564766407,0.4687096896742786,1,Metal_Short
0.10557322678793388,781.4973881365552,6.700376742444656,0.8722012648246951,6,Clean_Die
0.10614834490838834,720.1986205610763,7.057821450535669,0.927471723260402,1,Clean_Die
3.117864926576191,882.0331176693774,5.007868675431227,0.6243378191643388,11,Particle_Defect
0.05,748.619274204587,6.734466723253201,0.8574465511319926,2,Clean_Die
0.10721095744603744,586.3310411739253,6.026824166391585,0.948889671215777,2,Clean_Die
0.2636537076819735,1869.2440663640755,3.549136409390657,0.6779681317204415,2,Oxide_Pinhole
1.3286162792394622,9869.674991450298,1.7704940468486305,0.5208991058995827,9,Metal_Short
3.8765129645920835,1215.8707013827416,4.164637182795922,0.7671136757154802,6,Particle_Defect
0.12658538020696133,628.3681536959659,6.838581218844811,0.8712412870081663,9,Clean_Die
0.12458723449369963,525.8836600540099,6.559760944689861,0.9524460969463528,3,Clean_Die
1.33137072997164,8900.76134005997,1.8394327487734399,0.3927469035728248,2,Metal_Short
0.05,961.0897580437492,6.894850057012763,0.9388667317926975,11,Clean_Die
0.11706452462955239,4936.207572645485,2.4238780118445753,0.5313398705718133,2,Gate_Oxide_Trap
1.3376491104118964,8012.554330971523,1.9106266675444392,0.4059706260860462,10,Metal_Short
1.7531526715229444,8913.778731801953,1.8416262986171543,0.438315879522723,6,Metal_Short
0.11774202907035551,560.327648589424,6.616256133979191,0.8968952401339082,3,Clean_Die
0.2282001515385665,1957.6695734975874,3.352309070590727,0.7172879444522566,6,Oxide_Pinhole
0.05,1040.0303570601218,5.628394138152163,0.8717915591602832,3,Clean_Die
0.14995179615423104,3907.175761196979,2.674565642789972,0.5487004947561751,8,Gate_Oxide_Trap
0.061529822741466504,889.5776279668487,6.193699939460125,1.0,1,Clean_Die
0.15622958653987468,4168.696553658319,2.245716135437122,0.42537654124672003,9,Gate_Oxide_Trap
0.13988244557718538,864.5392039095492,6.913183226491233,0.8866582295930368,7,Clean_Die
0.5372424441497147,111.37663587788549,4.193345911249645,0.5510972170030257,7,Via_Open
2.635351562813761,1167.8164643466177,4.681893085085453,0.628869244387985,7,Particle_Defect
0.8866432147942622,151.69293212518647,4.337697826590473,0.7207769935257791,5,Via_Open
1.2632581556506715,8087.336381336997,1.8046666077883475,0.4021839349907574,5,Metal_Short
0.31478599711685895,2616.8670252023007,3.2884526367974027,0.6857297572605296,1,Oxide_Pinhole
0.21780107145785563,935.5469214043483,6.256196821386186,0.9261505201275458,8,Clean_Die
1.4998837024431229,7558.194408441814,2.237246780455263,0.717542115679652,6,Metal_Short
0.3610067227635928,2384.5165421039637,3.4837731245416665,0.6176031834255835,6,Oxide_Pinhole
2.3940725465180384,7713.398469892156,1.4768277248646704,0.48222073536098187,4,Metal_Short
0.05,4348.716469039935,2.5755115943356874,0.6658549021421981,2,Gate_Oxide_Trap
0.6226898224598352,144.84627647631189,5.617774486560921,0.44088319463262027,5,Via_Open
1.018723933014226,8394.8306808956,1.901249348918528,0.6284215114972158,11,Metal_Short
0.13659384880252595,819.6699620022711,7.09091578575239,0.9155038656664102,11,Clean_Die
1.266296266986741,9158.147080072826,1.9098874871831217,0.3855159106068108,2,Metal_Short
0.091562682913396,866.6714908517321,6.373041933639134,0.9534325350694576,5,Clean_Die
4.181101161050896,853.9757692147671,3.8174672769568043,0.8532315666768375,6,Particle_Defect
0.16972469397044504,900.5153723335325,6.503990205976225,0.8658093653093557,4,Clean_Die
0.2510286808682983,2009.2908096103774,3.595475241190075,0.6587787685179534,5,Oxide_Pinhole
0.8001323479641783,179.01891196816237,5.846968267381953,0.47757136833684305,10,Via_Open
0.12942535464786672,674.4539815971266,6.343848575166307,0.9267071448580797,8,Clean_Die
0.14081661914851062,669.1161123765226,6.81628559456906,0.9880228921305015,9,Clean_Die
0.1523809192665905,666.2920791591375,5.84374152646318,0.9524494786829903,11,Clean_Die
0.21148321388267283,4515.197422620585,2.7552444020083997,0.561207079366455,7,Gate_Oxide_Trap
0.1563132987292673,897.4035296974398,6.618960459015583,0.9221615149970784,8,Clean_Die
3.2393383771997075,1073.5359417211587,3.8223352026789983,0.8234246837825752,7,Particle_Defect
0.13049717133269303,921.5608775848789,5.820382377103647,0.9229870892681796,8,Clean_Die
1.87691228743282,8359.40720018323,1.525722664239274,0.43951235521955256,9,Metal_Short
0.835268408222032,144.50256424510627,5.430682051687538,0.6461146287559778,2,Via_Open
0.3450024028794516,2217.2831143092144,3.63596954932644,0.6385909408353616,6,Oxide_Pinhole
0.1415320962627419,751.4687143021998,6.685580129879981,0.9167916402154715,9,Clean_Die
0.05,876.3499292097029,6.304034987580418,0.8554195023616238,6,Clean_Die
0.29982135930607756,1836.846676657872,2.770600884705543,0.6957818854874942,11,Oxide_Pinhole
0.8957864662425352,111.19658834122134,6.909153045359914,0.6312303265379143,6,Via_Open
0.24260442702069582,2051.1852872454965,3.0313782566123146,0.696162504564647,7,Oxide_Pinhole
0.35733124710469594,1736.041713768209,3.6502038788522526,0.7507509792481315,7,Oxide_Pinhole
3.641075737223944,876.98679685615,5.373431042966952,0.7049664688727262,2,Particle_Defect
0.1269444554746576,4596.624454642456,1.6278944278819183,0.5224430408858645,11,Gate_Oxide_Trap
0.1543035712655334,4752.668189278572,2.553390177310949,0.6587953574162251,6,Gate_Oxide_Trap
2.267666970672287,1645.4414877790316,4.557901958668497,0.6215592198166953,4,Particle_Defect
0.26468987888195566,4500.934843982192,2.468189440262058,0.5085022596337402,1,Gate_Oxide_Trap
0.1877885962449482,2277.6268829912233,3.4716943792371313,0.5860550977132217,8,Oxide_Pinhole
0.14444020935461732,806.6945871243456,6.252794458585149,0.8996783964584703,2,Clean_Die
1.2796962411700412,9219.764794753772,1.7534806232621694,0.6743147153526199,4,Metal_Short
0.10299324317378122,719.6819766296545,7.01504055951645,0.8988238783991171,1,Clean_Die
0.08512759042905987,798.335326333371,6.908774802833375,0.9285349985168027,8,Clean_Die
0.11950826028028215,789.9807520953536,6.091468520426711,0.9017679265993995,8,Clean_Die
2.9701954543368987,1118.7608457144065,4.394586680388411,0.6804350669523249,10,Particle_Defect
0.05,690.3632411217615,6.745532028778992,0.8374243726990341,3,Clean_Die
0.05756686238276285,880.4078840806351,7.376595823725179,0.9023519239330043,8,Clean_Die
0.28652279604246406,2214.079787818977,3.4203907745566915,0.8818622977511205,7,Oxide_Pinhole
0.19639996610699725,689.3546479466565,6.703371862362074,0.8990535255310909,2,Clean_Die
0.17936975618495665,4322.8351975117575,2.2861396201557387,0.3810491546170718,4,Gate_Oxide_Trap
0.6336587338927389,149.87573200189314,5.805938849467676,0.6949168303852578,1,Via_Open
1.6878521060252838,9626.08262267282,1.7589651313816594,0.4023739126299824,3,Metal_Short
0.2808459567772275,4075.7004328205467,2.269872644268129,0.4117709523052314,1,Gate_Oxide_Trap
1.9105881847183255,10862.252565266597,1.5549477695337781,0.5000719931023914,9,Metal_Short
0.11111715576225084,846.542477743728,6.413726066815497,0.9620600319722555,7,Clean_Die
0.07097766443476701,687.5681496006512,6.019079711975305,0.9773291781329279,6,Clean_Die
1.3571542631918887,9093.735624716965,1.9824794879137468,0.33549126652260464,8,Metal_Short
1.90097254557943,1012.6123378853509,3.954081863840593,0.7156255683232642,11,Particle_Defect
0.5432232604654146,91.57107137844616,5.5049347958556725,0.5314238793813957,3,Via_Open
0.18648829511305678,4751.750015938509,3.2948378959957116,0.5807366694844789,10,Gate_Oxide_Trap
0.19650188734718024,763.8701608749957,6.41830486633155,0.9275566583354719,2,Clean_Die
4.502640555705781,1015.3175614846105,4.185428046639031,0.6852150816404069,2,Particle_Defect
0.39490887308677564,1816.5483515146443,3.4991593290756007,0.6897528024128342,10,Oxide_Pinhole
0.13050575421805571,843.2489176782636,6.081589310181059,0.9304932424062954,3,Clean_Die
1.8584642729080025,1635.4824625587942,5.159221201809127,0.6070937627683045,4,Particle_Defect
0.2921947559801413,2492.967392802694,3.2689237579452715,0.8347032653307934,8,Oxide_Pinhole
0.06437125265131904,4776.847847028797,2.576132840329499,0.5933298329560335,3,Gate_Oxide_Trap
2.8213494254911198,1441.9597426790456,5.097710290824483,0.49405294235679087,8,Particle_Defect
4.542182693482159,1365.51866150138,5.700659447004526,0.46717189116566643,11,Particle_Defect
3.3219475353870225,1102.8052475528773,4.055132991312368,0.8079734310038278,6,Particle_Defect
0.2723794222822864,4628.454996152801,2.8341728623526623,0.5776784757605958,1,Gate_Oxide_Trap
0.18078644747867764,634.5920546384283,7.366418870735086,0.928311420280882,10,Clean_Die
0.2165739079215767,830.1538619980577,7.014625658164696,0.9274730347011174,9,Clean_Die
1.5312847153514915,8860.355642924414,1.516602405214583,0.5391297248596514,11,Metal_Short
0.06681534360191438,826.4313413386451,6.664976063362137,0.9162834350538952,8,Clean_Die
0.17899206874612078,503.4164765284773,6.810347629720028,0.7791371626767254,8,Clean_Die
0.24687669162242282,2209.8229026883473,2.6922631007284084,0.7069779613001734,8,Oxide_Pinhole
2.111521519416865,1070.3228289247859,4.340482587712859,0.6265834186323056,7,Particle_Defect
0.09143278615106362,719.0372032819514,6.118273857238292,0.9317214449495907,2,Clean_Die
0.19622037584519655,735.6013645231682,6.717271065308845,0.9011251022242446,5,Clean_Die
0.264693700922071,3500.0598331592646,2.3071016340993036,0.5332696023667857,2,Gate_Oxide_Trap
0.13811727520370568,658.3732446538132,6.320362950119262,0.9195410195016204,7,Clean_Die
1.2878026314310551,7119.658430145229,1.9413137557375166,0.5159087686399505,3,Metal_Short
0.10492223683719104,748.0402022048786,6.32539950051606,0.9956798056867451,6,Clean_Die
0.6910571493934805,165.10544386367485,5.441772496591207,0.4759118197765465,2,Via_Open
4.282156136105067,1248.1325355412935,5.225733933665189,0.5099916143261846,2,Particle_Defect
0.1917417730208188,2316.152309698121,3.549607543698359,0.6796888949311687,9,Oxide_Pinhole
4.385293495305924,1287.23963489353,4.564333396630832,0.7214580273499775,8,Particle_Defect
0.07043465079397211,764.8066330053158,5.645859597308071,0.8787257145808568,5,Clean_Die
0.12208588136811124,1064.8827689418547,6.742048561378811,0.9176593675440494,7,Clean_Die
0.35177255514674177,4220.28850374578,2.2736207456132496,0.6511124965019643,3,Gate_Oxide_Trap
0.07836537593253377,806.5750387300212,5.760997497661626,0.8959038274696873,8,Clean_Die
0.256587702911722,3936.9653278456426,2.6302121668860736,0.6113003686105603,1,Gate_Oxide_Trap
0.7022862533681934,197.05940162708254,6.5518846346989275,0.6081084884859479,4,Via_Open
1.2013462303712619,9337.028105103258,1.7315091169616772,0.40485354348899727,1,Metal_Short
0.21031971363287064,619.7885277417939,7.116512118290852,0.8633007194349253,1,Clean_Die
0.7850227004284414,177.81802075385076,4.710294933040935,0.6324713721765427,9,Via_Open
0.08037043429192094,917.6805107053544,6.168032994569318,0.8904702022087551,3,Clean_Die
0.5904985606789334,149.065756009595,5.511736549815133,0.5249027173474541,11,Via_Open
0.20888884388784767,692.3073258824977,7.052591394299253,0.8848959649786665,7,Clean_Die
0.1666868309424839,2440.729208887574,3.035206100759828,0.7756925539295314,3,Oxide_Pinhole
3.7033407969750805,877.8593832756544,3.916746144013736,0.6302223362760148,1,Particle_Defect
0.05,802.0810880342318,6.459040049472436,0.8911157131550022,11,Clean_Die
1.6986526849595114,7753.131328038045,1.312815247097883,0.40812831837881985,9,Metal_Short
0.11857525964775703,5032.064032796431,2.5346459373540986,0.5241654060396528,9,Gate_Oxide_Trap
1.67045054225476,6654.004240461356,1.9529580357906182,0.5391317824831047,6,Metal_Short
3.599082576472218,1004.0396241225997,4.9787120242243414,0.6119114014527063,1,Particle_Defect
4.308797530410376,1119.0467128377777,4.583581421561983,0.7272294197130122,11,Particle_Defect
0.05,791.357173860818,6.7029438211255705,0.8637043831541501,3,Clean_Die
0.1534828188536812,820.8473726791664,6.808370831642573,0.9406937010303951,6,Clean_Die
0.15715069883732322,692.8198704968873,5.778706788174835,0.8851303075142191,1,Clean_Die
0.3263118752059464,2103.1864971146524,3.0906322863237765,0.7231677391414566,9,Oxide_Pinhole
0.6090734539273699,208.5938544880938,6.391901039108413,0.6043239605462866,9,Via_Open
0.275485279673791,2153.1082190171355,3.9199592850937792,0.707386780915187,3,Oxide_Pinhole
2.8017589293940954,1298.9108040576025,4.5145897554662735,0.4982631829282762,11,Particle_Defect
0.2323973223960997,4209.440169841999,2.4485892702902614,0.5107237959768087,2,Gate_Oxide_Trap
0.450854024186446,2197.7313791183856,2.924261901022081,0.8129034536057878,5,Oxide_Pinhole
0.06558498233083769,814.1175373757242,6.143942330698057,0.9880173243024483,6,Clean_Die
0.08958904385942724,867.0653316053919,6.684838916349087,0.9328469192673999,8,Clean_Die
0.17834705789216776,5957.457343248638,2.6369610365298852,0.5331784834193278,4,Gate_Oxide_Trap
0.18554702084489824,5193.42623698215,2.2869560530727835,0.5303230945847728,7,Gate_Oxide_Trap
3.62820727948258,1363.409719490182,4.288794282864912,0.5632697910837943,7,Particle_Defect
0.7904523975392538,92.36468520669736,6.777070441293445,0.613369465147837,1,Via_Open
0.5361497500957906,187.99084660786357,5.0139020334710445,0.6469608273775245,5,Via_Open
3.052434128332631,1398.9989036617578,5.056406493158372,0.6739520622225419,7,Particle_Defect
0.26213537721412195,2474.447935499029,2.7392527231507073,0.6722151952825148,10,Oxide_Pinhole
4.167166481487467,1149.7795499031527,4.70496358453146,0.6538221753243344,5,Particle_Defect
0.31527846932344683,2018.0935396999414,4.348141525012722,0.8319642150205953,4,Oxide_Pinhole
4.141143482549893,866.1636323655655,4.342579620023443,0.7994369950844489,10,Particle_Defect
0.31739847247829844,2200.123838856727,3.6482249789498837,0.8083016610143346,3,Oxide_Pinhole
1.861076661419687,7673.312528788559,1.4773056414669752,0.43520006498611197,11,Metal_Short
2.200556772773555,8658.810570532374,1.7175776253737358,0.2515364793210249,8,Metal_Short
3.504601804131331,1044.600958743103,4.079788845622631,0.8332638280111049,1,Particle_Defect
0.08984157894360724,898.2743418850105,6.434248886797391,0.9145755881337297,1,Clean_Die
0.12059063517550546,983.3880125210136,6.436200308573247,0.9260942468749037,1,Clean_Die
0.2948668348366764,2330.6793239473295,3.1378309983550174,0.8163111469058947,11,Oxide_Pinhole
0.5794293024193844,112.5307150191517,5.7790203368641455,0.4578648529609192,3,Via_Open
0.05312893624250247,748.8039701038974,7.51717084865757,0.9174524520828721,7,Clean_Die
0.20343137530002253,5372.8724971952515,2.2507542419647066,0.47953437161733664,1,Gate_Oxide_Trap
3.6946817502175353,1313.176742817524,4.7852917201319825,0.6147168564572689,10,Particle_Defect
0.09359545302712463,803.4118358772173,7.339981478066908,0.9350608674593175,1,Clean_Die
1.8447758616502408,9481.04456578014,1.2966571880469968,0.49155687686156696,7,Metal_Short
0.09503922342671683,754.4344297926111,6.283370817416795,0.952834252265779,5,Clean_Die
0.9638213348961181,115.36897745073267,5.230811701593956,0.5110751078481341,1,Via_Open
0.1068300278406356,705.2041969441256,6.626498477401063,0.9073279989216833,8,Clean_Die
0.26351960961298304,1985.8618918691213,3.585672754058033,0.7567606517434412,9,Oxide_Pinhole
0.137402721101197,695.2131680739458,6.264913124252538,0.9507086031626516,1,Clean_Die
1.8324332224477893,9249.154570690638,1.4124070192780565,0.48536418510067086,6,Metal_Short
0.2901601095120514,2277.405445630147,3.504679304374089,0.6344946066654341,3,Oxide_Pinhole
0.4381235611850325,1546.4427263821362,2.910006761983842,0.7293738943230604,2,Oxide_Pinhole
0.3771071694915229,2420.6085587000903,3.3657729952469113,0.6484537650775394,10,Oxide_Pinhole
0.05,937.426423847257,7.217357979488663,0.973715176890694,9,Clean_Die
0.21054773544889924,2854.9624753205617,3.1744715909173955,0.7920298820126292,7,Oxide_Pinhole
5.009666184825273,1017.535552922332,5.6759731255171655,0.5269025534040848,1,Particle_Defect
0.12835678062010086,730.4131620048595,6.991728745932217,0.873667505916397,11,Clean_Die
0.16701000388583748,4592.813846034592,2.2658771604762933,0.5811218796746258,10,Gate_Oxide_Trap
0.763451400887335,155.5158912556657,5.607523722303976,0.5890645075691118,4,Via_Open
1.0554877655739425,189.96384630284257,5.022282854941248,0.48895688407385174,2,Via_Open
0.7646967384022445,262.1885045566004,6.399729989289101,0.5105650183394443,7,Via_Open
0.1324818166182815,717.274917188599,6.944085444535927,0.9038168060277266,2,Clean_Die
0.05,1001.1790132947017,5.580832402611996,0.8529422995166648,10,Clean_Die
3.02538990406192,1276.781835979579,5.343103692145268,0.7164469717252961,7,Particle_Defect
1.543943216643575,8668.079249857838,2.077886808801796,0.3816268747311353,9,Metal_Short
1.0012624157683998,196.52977903528082,5.771553071482059,0.5690861059627581,1,Via_Open
3.4882734844691856,1080.19699388449,5.3425810575011035,0.642454346291038,1,Particle_Defect
0.09510987423515936,938.7954464425645,6.357905373512134,0.9175744451864801,7,Clean_Die
3.6694632031253884,946.0426987249181,5.353098208022468,0.6643100990075957,4,Particle_Defect
1.4938402506899535,9189.124660192116,2.1298546408268217,0.4820317100012649,4,Metal_Short
0.17892202367554053,4837.858785174322,1.7136042652360959,0.5683805272075916,2,Gate_Oxide_Trap
0.6167245029025801,90.73370635146271,5.85202532347699,0.753955511289739,9,Via_Open
3.1938633831895844,1243.391617237325,5.096209902800632,0.5849595784647617,3,Particle_Defect
0.05,692.6685145980103,6.29012934307429,0.8922049943188645,7,Clean_Die
0.15553778002038698,785.655919800195,6.365044582682227,0.8861790735000691,11,Clean_Die
0.1411729489305797,749.726973689039,5.88431394396228,0.9044666921186801,10,Clean_Die
0.1097115816189103,723.0863559384431,6.978361210627179,0.9506728064247363,5,Clean_Die
1.3486062912521666,7664.697502005951,1.4379661343814698,0.3787083922004595,7,Metal_Short
1.0360113921913077,9521.848517529916,1.8258858273990277,0.33912499669337626,4,Metal_Short
0.2562361533908401,4642.73391271084,2.2206302920350938,0.7699736036087055,11,Gate_Oxide_Trap
0.19829222097654858,1989.9092666831675,3.6065482970718468,0.7385283913079952,11,Oxide_Pinhole
0.126924900407959,1004.4559425748427,6.447688627320948,0.8710085139625952,1,Clean_Die
0.3208891813611115,1888.9371529429657,2.7127248381606357,0.8352698710335903,1,Oxide_Pinhole
0.14918633124352595,764.7441486346421,6.948096832912466,1.0,4,Clean_Die
1.3737576723798404,8189.580315402912,2.0767959000472263,0.32977420215490155,7,Metal_Short
0.8132500866725441,226.89354118787003,6.395916582950644,0.512219394950092,6,Via_Open
0.6653133619053083,198.51119041715964,5.370061069137712,0.4308890160848563,4,Via_Open
2.801268389870846,1188.8644194692986,4.401296166193996,0.6849519491472746,1,Particle_Defect
1.2494142036863893,8353.074516812863,2.127303314079373,0.3128704873761966,11,Metal_Short
0.45421239436091915,1250.6736953613736,2.9341521315259764,0.744832938119038,6,Oxide_Pinhole
0.2374406887763441,5130.421139963365,2.504055076839593,0.5297492219361584,2,Gate_Oxide_Trap
0.17334318402955393,5857.8989658569735,2.7978443053780753,0.556446861722744,6,Gate_Oxide_Trap
0.05,937.1186134715917,5.611721840491421,1.0,2,Clean_Die
2.727832683053449,1379.649165693495,4.029929824703791,0.7120678926791895,5,Particle_Defect
2.1270200714496554,1103.727467077068,5.569587099328132,0.6583090583499779,5,Particle_Defect
0.05554109980859407,858.2034160282192,6.493601964663811,0.9207264547517661,1,Clean_Die
0.32308513293444713,2378.435493878147,3.4716939916690035,0.610015014485049,11,Oxide_Pinhole
1.2656209947481771,7996.0416533416565,1.9440565143423119,0.5162578005169932,6,Metal_Short
0.3036292352253409,3944.536238338776,2.4807150889018876,0.48133628776902415,8,Gate_Oxide_Trap
0.7562640042671889,124.3946961605804,6.70100476264889,0.7132725740285077,8,Via_Open
0.5112228237870728,2409.189375830134,3.1152959584816067,0.8070946197055896,2,Oxide_Pinhole
0.10863712361973617,863.9556623228984,6.583941428689815,0.9303330983330923,5,Clean_Die
0.3420297085812342,2284.470756616193,3.519072510349464,0.6448149340209317,7,Oxide_Pinhole
0.05,850.8965218519037,6.792381688647599,0.8365668644969588,1,Clean_Die
3.059982289994372,1466.16195704115,5.5773868296262155,0.6624677052819715,7,Particle_Defect
3.026092481542448,1454.5695482001527,4.5905936305411466,0.7255165658562472,7,Particle_Defect
3.322361765840974,1347.5749904880959,5.1219591474246595,0.5868759655292933,1,Particle_Defect
0.21820536858102957,977.6655357961808,6.448739914118762,0.888698214432722,1,Clean_Die
0.07931183828510815,769.6503760056456,6.1476562696751555,0.8438558290797592,3,Clean_Die
0.08300785863289975,793.791749439909,6.249848470841868,0.9301464932736194,2,Clean_Die
0.1346637430850796,803.6820366513444,7.118185503680057,0.9258279213717244,6,Clean_Die
3.3906879745891927,1446.0721697961478,4.92177447075635,0.6099581057676019,8,Particle_Defect
4.390598899146375,1399.634456568239,5.469052246508233,0.637564786342596,10,Particle_Defect
0.39579580228318956,2102.7183310757505,3.400281674582524,0.7814003930058561,8,Oxide_Pinhole
0.7177773661999315,123.58807448885123,4.653749415173951,0.588616071023265,7,Via_Open
0.06329349169630913,5247.167761888748,2.6867190553460905,0.43477032871381843,2,Gate_Oxide_Trap
0.9852478314228399,9273.53564097487,2.270608136755959,0.3006293390573951,7,Metal_Short
0.4710221121306145,2060.504064400264,3.070037601161347,0.6350002843008156,10,Oxide_Pinhole
0.4342755772028652,1647.2559829505058,4.205142590175017,0.6606904795904706,5,Oxide_Pinhole
3.5053548028488875,1100.9481600386298,4.104746840103575,0.6366206979325387,7,Particle_Defect
0.09510902551945319,962.1771169804157,7.4808606208519555,0.9246505763425478,10,Clean_Die
0.2886615425937147,2637.2437933733813,3.381360123362814,0.7475237360524934,5,Oxide_Pinhole
0.49130207430381934,2710.1447300689524,3.100419343164753,0.632699106025733,3,Oxide_Pinhole
1.0997796535249615,8813.213795017073,1.7986822473446986,0.3598251045445714,3,Metal_Short
0.40233352079411855,2498.974607855598,2.8884316353766866,0.671294385306642,10,Oxide_Pinhole
1.6859891111762786,1472.3172140197378,4.955545861817135,0.6683958380764271,7,Particle_Defect
2.3332598106836655,8808.421264227094,2.0386900448901537,0.5803265217450948,10,Metal_Short
1.5642775894207719,8568.415612872994,1.7417224227943073,0.5145170902360114,9,Metal_Short
1.5716660180673925,8483.295152974151,1.679266606092139,0.5006505140815768,8,Metal_Short
0.6081173329161167,187.512974925023,5.504382527283043,0.5970269781731706,6,Via_Open
0.05,923.952010570103,6.154929988297991,0.9749107217806807,10,Clean_Die
0.16944628804528314,1016.5735399221674,6.401252733922214,0.9237140309840466,2,Clean_Die
0.9570216139012416,120.47988930022561,6.1619123057773635,0.5766592735231977,10,Via_Open
0.21472645436778928,4884.401988621202,2.705912632321744,0.5666376009911998,9,Gate_Oxide_Trap
0.22210780243590061,2139.5772560340565,2.9540425245200974,0.6772923477583205,4,Oxide_Pinhole
0.058841789594069216,826.9879734382143,6.075765424184859,0.9353648533249659,9,Clean_Die
2.520571575124087,1341.5024350461745,3.510536443859025,0.6925158189979908,1,Particle_Defect
0.16209835955480123,756.0400943836185,6.622504993954275,0.8624522864330966,1,Clean_Die
0.11764600916591256,4844.720305887907,2.465747824641639,0.6128458049850454,9,Gate_Oxide_Trap
1.5762450485484325,8650.196842744574,1.6600379315387652,0.35730935113820855,3,Metal_Short
0.06342338654843635,4316.843483694151,2.916025456039465,0.5363584643956336,3,Gate_Oxide_Trap
2.58989754330583,871.8612666890775,5.7714215469193135,0.7179072984531422,9,Particle_Defect
0.20220376993728784,2560.356195020639,2.5122290990393954,0.636780226895254,3,Oxide_Pinhole
0.07225758105053273,685.5890316100549,6.795773513871798,0.9068005442811257,7,Clean_Die
0.12882254412912497,758.4887782000309,6.423215601034622,0.969815175216769,1,Clean_Die
2.022768454416859,1155.7292187918213,4.790265671206098,0.7052161832473681,6,Particle_Defect
0.08931410214866926,821.4821176914036,7.026085209408487,0.8712425808607391,8,Clean_Die
0.9562952318787789,198.0276814803313,5.574344911727336,0.6257857565767317,3,Via_Open
0.08650667884728319,1087.3490963450909,5.774987349720188,0.8736830467647263,2,Clean_Die
0.8823817111774364,147.65372579516,5.476846549319197,0.5605546950035237,10,Via_Open
0.05,809.7759643039507,6.4067234215418285,0.9544929267437743,5,Clean_Die
0.17116320439984145,897.501169215964,6.759011504172023,0.8649149134257889,4,Clean_Die
3.1331601338050277,1249.8817491341972,4.073019721486102,0.4612951110410419,1,Particle_Defect
1.1222063677071725,8981.65878476801,2.008541262731572,0.4088506755697263,3,Metal_Short
0.05,724.0571938068824,6.624634284387335,0.9802193718785758,1,Clean_Die
0.09092072078648819,724.0452105223557,5.497724640346532,0.9470960912355526,10,Clean_Die
0.23390301697243487,5178.094057147746,2.5655551764252933,0.53954488155574,7,Gate_Oxide_Trap
0.059789764938511215,756.037232229495,6.989352289608324,0.9208853291002954,6,Clean_Die
3.3538617144315053,1017.9226580321744,4.578948819955818,0.7330420959863547,5,Particle_Defect
0.06699007892975714,604.5777607376809,5.736526783745792,0.9516346347160275,3,Clean_Die
0.3434213777811491,2143.045957418394,2.936197906991582,0.8231203424909018,9,Oxide_Pinhole
0.11528671315634571,980.0818216135835,6.453782324983505,0.9363699455644826,4,Clean_Die
0.24012528060792107,2192.5851780787793,3.553872154351562,0.642691343211806,5,Oxide_Pinhole
3.9211776784740957,1125.213895698001,4.145988321303317,0.7146111926245216,5,Particle_Defect
0.06127529227927764,869.1684244833534,6.564716243020486,0.8981268852029312,6,Clean_Die
0.352572259491822,2128.7281827318525,2.9774533641992464,0.672758447884173,11,Oxide_Pinhole
0.21683438878223663,1812.7796574052816,3.168507262225121,0.8291535169434162,4,Oxide_Pinhole
0.11438620288067664,4360.6159484117625,2.4675852248094117,0.3219517884757625,7,Gate_Oxide_Trap
0.13070295778938995,4828.549768681307,2.5474697464780163,0.475162429146282,11,Gate_Oxide_Trap
1.433307865683717,566.5782713716341,3.9362953454042264,0.5788994485733514,5,Particle_Defect
2.872163500344128,1044.799153142351,4.973451599853139,0.7639195664331164,11,Particle_Defect
3.8133480331329084,1116.169016798524,4.5004189107963235,0.7089325996030463,7,Particle_Defect
0.08598643250402482,691.748911199235,6.379535647520499,0.9387660262433788,2,Clean_Die
3.6872623178449038,1278.3466574403908,3.740910014035304,0.8570365163900416,8,Particle_Defect
0.33494448255628106,4689.78996482848,2.060431146749201,0.5805184380452829,2,Gate_Oxide_Trap
0.34871904937929066,2659.801337160189,3.700478968482593,0.7023164121334621,11,Oxide_Pinhole
0.10394212177469239,866.6846892498354,6.1132995196778515,0.9024545020867338,11,Clean_Die
0.2488637230732385,4365.211101039715,2.800908772097694,0.4176316829442309,11,Gate_Oxide_Trap
0.7654274391273972,88.9673660648414,5.839560331962389,0.5302632639911279,8,Via_Open
0.9661246461891877,178.04722864368492,5.55375851212599,0.6137571031778052,7,Via_Open
0.07392275525518349,826.2358234104738,6.351190442105748,0.8986719504606255,10,Clean_Die
1.3691879859946026,8299.824023497793,1.603334912718346,0.4007697516908896,3,Metal_Short
3.9863329345732086,1040.8072188499982,4.010207267234703,0.44355589325799194,5,Particle_Defect
0.060327998269798594,1023.7525716043632,7.073328654962117,0.8499283804788932,2,Clean_Die
3.605269697403207,1247.5665994270646,5.194204825805956,0.576610946261949,1,Particle_Defect
0.16901819603709517,4644.120895698361,1.7480908913245148,0.5372194432735256,2,Gate_Oxide_Trap
0.10109267621527933,805.6480028367656,6.486528839330919,0.857626947701616,4,Clean_Die
0.0970871926756488,697.864476630172,6.013415766656724,0.9063615182476166,2,Clean_Die
0.15339797211327869,700.642075981874,6.400013459283559,0.9146296860569119,8,Clean_Die
0.5792652128376222,115.54862166029525,5.3869599274798885,0.33696078620303777,4,Via_Open
5.105596559874047,1226.0607685192315,5.233526395969546,0.64731211258754,2,Particle_Defect
0.2913894366991522,2212.0508166003624,3.4476417299542006,0.7936319579379199,4,Oxide_Pinhole
0.06221092368971093,4737.203970203104,2.8583404506290226,0.659630481267079,9,Gate_Oxide_Trap
0.05,599.7109780692665,6.063600094822608,0.9054331478086474,5,Clean_Die
1.021113635457821,58.09053901044395,5.189715652017635,0.5628512770255192,3,Via_Open
1.725071498521549,7698.64868861504,1.769974276319776,0.37391950856318745,10,Metal_Short
2.6122210094219414,1263.3794430820394,5.978000016637184,0.5973556095001625,8,Particle_Defect
0.05,760.5094082948884,6.229420151607661,0.8626282667068879,1,Clean_Die
0.08630435661590563,682.5771896804213,6.936960777706888,0.9025304713063743,1,Clean_Die
0.061614879288381955,797.0285699638143,7.0488354624458776,0.9118561543851291,9,Clean_Die
2.973409586891223,1226.305959815989,5.08199297987576,0.5167533964329599,11,Particle_Defect
0.3504119540855788,1908.5536357314054,3.0418825072356217,0.670783413499057,6,Oxide_Pinhole
0.05,795.7362147466572,6.251387879577237,0.951996375885993,5,Clean_Die
3.052589782062596,1007.1661606225373,5.3108356056998,0.5736658030013733,9,Particle_Defect
0.4116736668760456,2139.2667074261253,3.1544507474071537,0.6605816989852995,11,Oxide_Pinhole
0.9283204928078586,151.55724604274897,4.973979576471331,0.5883060773215417,7,Via_Open
0.13397280730949201,808.6845476212638,6.405608341431652,0.8730191571581012,3,Clean_Die
0.15423103240196434,681.3879891481727,6.723178652860727,0.9009502746330923,3,Clean_Die
1.0010364822651354,50.0,4.739288345500035,0.6241207515081422,4,Via_Open
0.13018906392588492,5760.924712940242,2.022406854829951,0.4944391590135963,9,Gate_Oxide_Trap
1.2480526959042924,7678.820789508599,1.862038650978975,0.420544604262184,9,Metal_Short
0.0992441153645987,797.2540044479853,7.369986549259874,0.9408940767950522,5,Clean_Die
1.8086517681805037,8497.120611093449,1.7766909333059004,0.4415171737807977,7,Metal_Short
0.08774341888869795,797.794143813702,6.043867532321954,0.9190608945857123,3,Clean_Die
1.8719406174799484,9551.066759304473,1.3730901546211562,0.4295865434410693,7,Metal_Short
0.05027981697355519,817.5988563056676,6.139137328091463,0.8659693555028699,2,Clean_Die
0.11465091959485518,841.7608334594067,6.331385160114136,0.9102912357391334,1,Clean_Die
0.3754246386445245,2128.220537837839,3.657907337409912,0.47637973714936277,1,Oxide_Pinhole
1.0857322530857116,50.0,5.046617455138258,0.6930050570357015,5,Via_Open
0.3477069567578305,2275.1203804854463,3.204107646142609,0.6917321889393182,7,Oxide_Pinhole
0.09531938724894125,811.5343861462941,5.6659446757665,0.9210638421514341,4,Clean_Die
0.14443936548270883,5079.215557252759,2.9195979049928567,0.5488995846625352,1,Gate_Oxide_Trap
0.1741827508703815,2574.9224366331005,3.552772520176567,0.6946154576817668,2,Oxide_Pinhole
0.12205533511624321,720.5246335468039,6.277266400560449,0.9070424353448858,1,Clean_Die
0.7491667526333177,273.1125888075933,6.263606683166007,0.6127149854291267,7,Via_Open
0.3107208125003756,2109.977673867992,2.9390739930940524,0.6169708222210735,10,Oxide_Pinhole
0.4742048083579914,2223.8177974405294,2.7181524186382706,0.8072587801581214,8,Oxide_Pinhole
0.08327387939641169,943.6076823971212,6.966453990786135,0.9500002202403821,6,Clean_Die
0.06735924901787135,964.3607760987732,6.303457781502663,0.928538620389105,3,Clean_Die
2.321513402796315,1008.8532590215611,4.896609285128601,0.5330724780394944,8,Particle_Defect
0.22425712817248517,2101.15326564761,2.831491701392726,0.7470931593534567,8,Oxide_Pinhole
1.365462907875152,8337.235196650638,1.3903010457341263,0.39217845994547595,6,Metal_Short
0.45790980719078217,214.07139045552398,5.244646119885683,0.49532812578554575,2,Via_Open
0.13188516174477308,730.3935666679758,6.2208823419374895,0.8567815857451231,10,Clean_Die
0.4776405510831043,193.5734938802593,5.629456331305019,0.5433825290844182,6,Via_Open
0.11647710876867415,761.2725416166787,5.271522610584705,0.9054865779435437,6,Clean_Die
2.9106286308600082,1021.1857889747291,5.419917719919703,0.6393400013255953,3,Particle_Defect
0.4006835259560486,2335.823949658738,3.3077295560419544,0.6837837980451485,10,Oxide_Pinhole
4.17625846192185,1227.362071385376,4.4853099564052235,0.5480824749808594,1,Particle_Defect
0.9177098746058012,153.40726299463668,5.4820361278933,0.5534763948065134,8,Via_Open
0.07492400187817877,750.3911444143345,7.327316645676923,0.9904761085986215,8,Clean_Die
1.917259789669335,7363.151930582028,1.6051919584393028,0.5012485837989177,11,Metal_Short
0.22284760891964636,858.9494256736798,6.620165752557895,0.9121190093836422,10,Clean_Die
1.9675793177383953,7467.6682437363015,2.070743076633705,0.5455207104792681,7,Metal_Short
0.0834151331695028,703.7921057985583,6.558560076287221,1.0,10,Clean_Die
1.1226909280291935,218.03740425620998,4.967742581931555,0.5861417534204622,4,Via_Open
0.05,695.788697851498,6.789643538285351,0.927410646599807,1,Clean_Die
1.8597669743497443,7973.797366404118,2.120039028565336,0.3866768540676186,10,Metal_Short
0.05375505881883384,863.5907447656095,6.326812138099347,0.9562905419177303,5,Clean_Die
2.238978959831403,1274.9244653124074,4.975593376408926,0.62058608898017,8,Particle_Defect
0.14265360763348933,4728.943004292039,3.5438508752807767,0.5839651955128098,10,Gate_Oxide_Trap
1.5663781776934433,1047.7173886472024,4.813631526304904,0.5054109348233635,4,Particle_Defect
0.05868375705490444,1038.4656761301749,7.215415252019019,0.8547619513058979,4,Clean_Die
0.08706092372432737,784.5460140154631,6.987060147822326,0.9105830494047484,4,Clean_Die
0.6372200676527437,75.92237959398427,7.1127998171411235,0.4963054750707253,3,Via_Open
2.9085381897989975,1036.8283800040335,4.363682929014084,0.8943449313702831,8,Particle_Defect
0.3609338771357802,2220.2286845574263,3.01384045409337,0.7971193937569139,7,Oxide_Pinhole
3.3497375408111427,1225.2080610670428,5.1767208326877485,0.5258794327202817,6,Particle_Defect
1.0159270559150748,194.4140065735402,5.444790588201009,0.5349997872894702,1,Via_Open
2.724996397704313,1045.447173821532,4.524813770011811,0.4343507153269912,1,Particle_Defect
0.3676698240507046,2174.059155932665,3.989009375154691,0.7639007504566315,5,Oxide_Pinhole
0.5266396802541632,2049.4017643542093,2.511585896355102,0.7592259101668839,2,Oxide_Pinhole
1.687334709050437,8865.568855394053,1.2129771901315012,0.6009391097671204,10,Metal_Short
0.7141565012883241,73.44717655197307,6.265952519907592,0.5513407877075062,1,Via_Open
0.6755471240037213,222.42317140947065,4.665643543723106,0.6658010399270112,6,Via_Open
0.09784270516172523,741.876551672719,7.385393440225639,1.0,2,Clean_Die
0.381420154682775,2050.169985795927,3.3034894157653527,0.6695221535122915,1,Oxide_Pinhole
0.19709793373993567,1677.5567146326093,3.055453530970552,0.755298595963232,11,Oxide_Pinhole
0.11857603175153428,892.3811779215768,6.210899869317331,0.9196529279802584,3,Clean_Die
1.0566898354609353,125.93332285321951,5.448679549952671,0.6170998097587049,1,Via_Open
3.4907667152861013,1253.8738952300585,5.376088869967403,0.5852056814724801,9,Particle_Defect
0.2847451529737534,4548.295001056865,2.3007508795572877,0.5895635072795267,6,Gate_Oxide_Trap
0.243848954208148,2256.7754447083266,3.151218159589142,0.8119041037254857,3,Oxide_Pinhole
1.3276130161735162,8076.009334443808,1.3707042588905263,0.4207835579418442,11,Metal_Short
3.1606451140336365,1391.159614586773,6.00807416840928,0.6744561986650695,8,Particle_Defect
1.6286768735900028,7075.136482243916,1.950374291461688,0.4785150425341206,9,Metal_Short
0.2854539791399636,1683.9838909059256,3.1894356499091105,0.8024144351968804,10,Oxide_Pinhole
0.12539850957270754,4901.614537155218,2.2287094550795916,0.5553332722333477,6,Gate_Oxide_Trap
0.5779737668098824,102.65957995647508,5.923417989114727,0.5933620199647578,9,Via_Open
0.19195116331007805,4289.201745332595,2.8058286263535805,0.5749105226876943,11,Gate_Oxide_Trap
0.9692513871933626,113.61017783099587,5.630617433312109,0.5415727549268868,8,Via_Open
0.27295136093943356,2345.8880912783025,2.9042949467136165,0.786983075242998,2,Oxide_Pinhole
0.0724946702179331,856.2937960682991,6.155842275893572,0.887098371261306,8,Clean_Die
0.14429217850029763,769.9882361769282,6.193732401048242,0.8661891300465308,11,Clean_Die
1.6126548452252127,8279.367585901682,1.8093730789050833,0.5011705418773607,4,Metal_Short
0.15917683478605088,840.3808089587336,6.32527700715399,0.8631231416023418,3,Clean_Die
0.2046868646870617,4579.151542389774,3.047140966542616,0.5199356402874208,2,Gate_Oxide_Trap
0.7592054856726269,129.36959606175034,5.789748724749756,0.523143119624391,6,Via_Open
1.3098872397872763,8414.552308973247,2.086436305864577,0.49020214462428374,5,Metal_Short
2.9289345389114274,1228.5457795718216,5.003287565897821,0.627251405172338,10,Particle_Defect
0.09701484474490585,805.0349514896769,6.872608930561054,0.8957042607408717,1,Clean_Die
1.527761126183763,1402.7922916267578,4.910752004151152,0.7040572479593115,7,Particle_Defect
1.3739516405843284,9147.127910392643,1.9328458484835194,0.531481875696556,6,Metal_Short
1.8491805953284366,8839.136847156391,1.6077161992354165,0.6444775851631437,8,Metal_Short
0.06508907141288636,663.4743914550428,6.135311577542357,0.9833777658112641,9,Clean_Die
0.19039461192980905,2319.807304275075,3.786447679548891,0.7627118528907235,3,Oxide_Pinhole
0.23730504652364265,1831.23872445358,3.3468464877158217,0.7731112637610966,1,Oxide_Pinhole
1.380405943050833,8378.600777480615,1.5486339498223236,0.553654193273692,1,Metal_Short
1.7466423299469125,7212.321249900095,1.6879352751399959,0.41077266108315036,4,Metal_Short
0.05,992.1630115888829,7.000008656335038,0.9534674522251794,3,Clean_Die
0.20058783045160686,2137.0011234860353,2.9774450258595397,0.7978002820934563,6,Oxide_Pinhole
0.09132687183183222,838.7983379382716,6.4092491422129445,0.8057474222361889,3,Clean_Die
0.26367662812139814,2338.523495128936,3.4113257589396078,0.6516684938968795,6,Oxide_Pinhole
0.16495210160808482,677.7292725878154,6.611340940581153,0.8570360688656603,9,Clean_Die
0.6658050361654264,147.54934466518398,5.187947995013886,0.6324099196356318,10,Via_Open
0.24054267055338138,2076.0762968219055,3.3090073914080245,0.7313133587409048,4,Oxide_Pinhole
0.15032452686189154,4452.906128242207,1.968438341855253,0.7112598299249662,1,Gate_Oxide_Trap
1.3805401178653576,7854.488281129225,1.862907089230502,0.5650368415811644,10,Metal_Short
0.12187779148573015,3509.097742094525,2.6573730556027293,0.5720285391566498,2,Gate_Oxide_Trap
0.09162337398354187,849.614827588908,6.401694516808134,0.9033759777030159,7,Clean_Die
0.05,759.2118939797996,6.4602274695682755,0.9540685461946863,1,Clean_Die
0.5102497640255237,142.38941460881244,4.53044194810148,0.605123944536518,11,Via_Open
0.19584808315133656,745.2322729147344,5.762776786854468,0.9094595098977691,8,Clean_Die
1.3952637361525047,8550.170154534324,1.8127308320455804,0.4143389639528461,5,Metal_Short
3.5811283588322764,1071.1717115141837,4.7081928752415205,0.6226950437995695,1,Particle_Defect
0.3900413012647044,2211.9574995670355,3.2735762588308104,0.6997091584668133,4,Oxide_Pinhole
1.3174083313602267,8896.768218899524,2.3560316173773552,0.581893028241395,9,Metal_Short
0.13819834666103897,933.6080669378993,5.909417468153657,0.9576855895982408,11,Clean_Die
0.31206124691119724,2268.5566527603874,3.1501186301792643,0.701862542825694,9,Oxide_Pinhole
1.4786252009627745,9007.960753688547,2.222587773362658,0.44337753659774687,3,Metal_Short
0.05,766.0443610134054,7.094975825688329,0.9949862778950458,11,Clean_Die
2.220064482258406,9453.24046044633,1.945399052100379,0.24270048169926484,1,Metal_Short
1.5233593190759174,7794.671606126923,0.7257510722262412,0.3933565163857425,11,Metal_Short
0.09484166955736928,795.5855809218766,6.961871513846798,1.0,6,Clean_Die
3.0016749816506083,1272.1577874512532,3.7111937367767336,0.6005148163134679,7,Particle_Defect
3.6637358641195172,1025.4268720500977,4.721273000752605,0.4192418782539713,11,Particle_Defect
0.1358904005017855,742.6869984496591,6.638737832995913,0.9726963610264074,1,Clean_Die
0.10681952077168778,890.5917626794076,6.822672637479008,0.981323258777033,7,Clean_Die
0.1862223167407335,993.2218869781719,6.355327129201561,0.9965878631881953,9,Clean_Die
0.05,884.0993657086476,6.2947987875787295,0.9183723666505812,8,Clean_Die
4.222312197672604,1062.9992849569815,3.7901561526798657,0.5573969570195376,8,Particle_Defect
0.11138122711194344,4944.58275004778,2.602001397050488,0.588705717980145,11,Gate_Oxide_Trap
1.522545245307872,10599.977711259313,1.7769833090279186,0.4362817457810016,4,Metal_Short
0.4432754735515313,2706.689549496186,3.164106834011825,0.7196899380403137,11,Oxide_Pinhole
0.05,619.7087648757372,7.739273643340101,0.922620799551051,10,Clean_Die
0.9928605585712551,140.6510611898119,6.031665361876181,0.46365343957711513,6,Via_Open
0.3510572755297245,1979.5071619102298,2.8965379710476795,0.659586297783152,5,Oxide_Pinhole
3.8107717439064452,787.380744675748,4.987734936574555,0.6544380417415747,9,Particle_Defect
1.0788127733859247,7789.410835714402,2.033868745185899,0.6689389957122387,4,Metal_Short
0.05,861.5667475032209,6.585973428184428,0.899564290148561,1,Clean_Die
2.8049667195093653,1302.2122894649865,4.046004400687195,0.7179835047889165,4,Particle_Defect
2.0478990568666897,1372.2185783632074,3.754222344891814,0.47357810057909927,4,Particle_Defect
0.05,745.9318497398222,6.870590968015602,0.9043146736374161,11,Clean_Die
2.0920290077907984,8223.19034696184,1.5517997956238154,0.4795545631912407,8,Metal_Short
0.20914453081979267,2619.038272790173,2.9347190534054666,0.8175324798840645,11,Oxide_Pinhole
0.6099993040701459,133.94118850718272,5.120425359335323,0.4733804103164736,4,Via_Open
2.2488966822454244,1073.3528261730687,4.858022706714354,0.6584921982994693,2,Particle_Defect
0.05,790.011789307692,5.334399323856403,0.9244932698830195,1,Clean_Die
0.8986761924315988,109.3647523384115,5.951668402269192,0.48488717198231845,9,Via_Open
0.11937642247616072,630.1787968431496,6.69267202252637,0.9450679438367854,6,Clean_Die
0.2354299297950209,4633.384171897157,2.713984121148513,0.5798677236743703,5,Gate_Oxide_Trap
0.1852023030432218,4342.019238483364,2.5868767390984275,0.4883415312316325,5,Gate_Oxide_Trap
1.636298325002163,7861.574491721111,1.664590967783255,0.4784195339180389,11,Metal_Short
0.8325333107560556,146.74390518089018,5.104183777444219,0.5327483426529019,2,Via_Open
0.9304271247711988,168.8293012396529,5.774593032412438,0.6250872534927557,9,Via_Open
0.13996984908191015,768.0051255436524,6.7266798927940945,0.9109595029985738,11,Clean_Die
1.8825259473273481,9000.702315912547,2.2476308298435703,0.5115752274742278,9,Metal_Short
0.6599042364537135,202.003983295966,6.0035563788673105,0.4633129130957608,11,Via_Open
0.48993742777512583,2324.3750183404154,2.864473237315732,0.6248883058949586,10,Oxide_Pinhole
0.11625175691498879,804.7309592371012,7.041158655185218,0.9107847352512487,3,Clean_Die
0.0722081461645731,608.295094228592,6.056615203894145,0.9037220540000813,3,Clean_Die
0.3203374965360781,1999.229035825438,2.7738492723739263,0.765452924087834,3,Oxide_Pinhole
0.07758668013497295,898.3682826818035,6.708908622421218,0.8781584466950256,4,Clean_Die
2.01199812955162,9227.06236650769,1.544086401304795,0.3573964438744086,1,Metal_Short
0.05,663.4096022858536,7.212379518557471,0.8647148768074057,6,Clean_Die
2.2587203290700275,8183.099741967747,0.9767979753418005,0.38125451491333007,7,Metal_Short
0.11417741035399485,740.9264198554442,5.279327823410518,0.9087812062792145,2,Clean_Die
0.25368735591327785,1883.2646690149754,2.6013664408649646,0.6152081634554473,9,Oxide_Pinhole
4.081984374926846,1590.41289406748,4.736126824603947,0.5742762649767886,4,Particle_Defect
0.1773326410237681,646.1815837835402,6.11906344909844,0.8725792246264453,4,Clean_Die
0.19963396764256353,5026.067974208939,2.6514933201142012,0.7163069294784903,5,Gate_Oxide_Trap
0.16140891646138034,4698.2044056143,2.745073359493216,0.3979268664107454,9,Gate_Oxide_Trap
0.7644768613019607,189.88570396446096,5.883580658024423,0.4342745745079364,10,Via_Open
1.0667073267289797,9130.29468503383,2.0106381135761744,0.48337309045426113,10,Metal_Short
3.354290918104889,1112.1179308128555,5.5013554787784935,0.6157063095576207,5,Particle_Defect
0.20267191108287552,4507.365842271263,2.083020418900439,0.5866996517090173,1,Gate_Oxide_Trap
2.551809974878038,1283.218490306436,5.023125481629022,0.698249496726407,11,Particle_Defect
0.20069722692756214,4956.815593880291,1.4081211124246933,0.5462667766915406,5,Gate_Oxide_Trap
0.11763355089275158,810.0399928654455,5.315839323967532,0.9216034059888429,3,Clean_Die
0.10638859005901576,760.054395921474,6.913592554130086,0.973863835664779,1,Clean_Die
2.072765561971837,879.924597613669,4.543327549264282,0.557345839324056,9,Particle_Defect
2.837499156185854,1372.5553296304308,5.460181569679986,0.8469565749228927,9,Particle_Defect
0.3681317998757865,161.88279909113416,5.908524189706638,0.45376444827120466,11,Via_Open
0.05,831.0764837601884,6.748386606353598,0.9386122245130305,8,Clean_Die
1.5020224671289524,8867.690368066042,1.6677161419684239,0.45525343682549063,6,Metal_Short
0.2481986088870745,2547.951644867916,4.266781758764628,0.705594198394902,5,Oxide_Pinhole
0.10050323368240735,631.9397121116043,5.8087274597121095,0.9598363095697567,10,Clean_Die
0.9705059601206557,8470.058141167909,1.624533367138561,0.34351214954439485,10,Metal_Short
0.17226516050630103,4075.6734816382545,2.6443959497708964,0.5422161894610588,11,Gate_Oxide_Trap
0.2929934802591863,2585.0666500588695,3.58051488471842,0.78050628766246,9,Oxide_Pinhole
3.011117497909988,869.2111266182555,5.736039837454207,0.7319084735636228,3,Particle_Defect
0.4929349603672355,2546.9617323822486,2.15428155847758,0.7079775096379395,10,Oxide_Pinhole
0.20531331760264765,4348.549046857658,2.4877623931178725,0.5803131621508971,4,Gate_Oxide_Trap
0.23626877735443422,1584.9027907626764,3.180871058038235,0.7898446816697793,1,Oxide_Pinhole
2.719200967354605,1709.7136164854971,4.423825397955328,0.5397695465906539,10,Particle_Defect
0.6658865838478307,177.48748281910935,5.83845671213025,0.5813459114684177,4,Via_Open
0.3327827268005954,2034.7846736676356,2.920340029307941,0.765241516070102,9,Oxide_Pinhole
0.2105890058596701,4974.900928410034,2.8873537229813793,0.5462730348994428,9,Gate_Oxide_Trap
0.3039634857676379,2580.346666512646,2.4775825534261435,0.7018985247230999,8,Oxide_Pinhole
0.7688414533966638,97.80992263191081,6.716007070876623,0.559351923683678,2,Via_Open
0.0984682669718251,876.8592298506476,6.218352438884929,0.889629564503455,1,Clean_Die
0.22345207368866693,4797.926956118351,2.887250432848833,0.5869704998308685,3,Gate_Oxide_Trap
0.07487464258766462,745.5566086421957,6.141458279801277,0.9550301579275057,11,Clean_Die
0.05469164907907103,760.9621005308007,6.774159288675609,0.9275366602754582,10,Clean_Die
3.57295874480318,1239.1218020871158,4.875094373643168,0.7704000793992711,4,Particle_Defect
0.0988964465698782,811.3395939013268,5.760595428583678,0.9191101976590954,6,Clean_Die
0.07704073063698315,673.9392232013864,6.9266329691942135,0.8454764252018154,8,Clean_Die
0.20229755329763977,4378.742533463418,2.7822764411222622,0.5600904521097151,6,Gate_Oxide_Trap
1.3337436691664066,8284.518128747148,1.2051703598201675,0.38351073177481537,8,Metal_Short
1.8836437242642123,1281.8953135744214,4.912132088187006,0.6490448396994364,10,Particle_Defect
0.05988371468080183,892.7062782453345,6.719231822151891,0.9610914222107825,10,Clean_Die
0.1836007917558045,1005.6685635604736,6.195125136131836,0.877325901152336,5,Clean_Die
1.127773903582506,8870.930934922424,1.5126485366288642,0.33612083814647636,1,Metal_Short
0.35804799802897375,2045.8448217905818,3.360885350791189,0.7133586721597238,3,Oxide_Pinhole
0.20696657843171423,4511.474198776814,2.168367676784084,0.4962395445882647,7,Gate_Oxide_Trap
2.178274937501105,8607.374938891138,1.935786229560546,0.5407045513861772,1,Metal_Short
0.05084857892622514,970.5166685866569,6.3997160641952755,0.7864984671012369,4,Clean_Die
0.7930621995574365,124.92800564430883,5.271721325131107,0.5532010994351506,2,Via_Open
0.09543282833386603,835.7862035241133,6.1900926095092155,0.9415477946914267,6,Clean_Die
3.978528867489991,943.2176242902033,5.122634350487657,0.4889465559062719,11,Particle_Defect
0.059344461308476704,1023.0870570657473,6.380409119725551,0.9685841938695013,4,Clean_Die
0.17336716445615524,769.9516377210897,6.450209149140815,0.941546599912438,6,Clean_Die
0.05,631.8795280847665,6.983767456430817,0.9850574074523775,4,Clean_Die
1.039463033444242,81.79697022584239,5.526644806883505,0.6241295716154808,5,Via_Open
0.23377885535729864,2175.9575326896115,3.3061910251520685,0.635407321259492,6,Oxide_Pinhole
0.17754135520128408,4182.9784489507,2.18802509654565,0.5695420639183082,5,Gate_Oxide_Trap
2.696210481511936,1247.1373565915565,4.351060354032627,0.7819151025548736,3,Particle_Defect
0.21433983066704176,4175.985652111411,2.541705597854622,0.5147294451388369,3,Gate_Oxide_Trap
0.08022048012673705,4593.892197818832,2.332906124581753,0.5524245966569763,8,Gate_Oxide_Trap
0.44721438680926867,2341.5567479368333,3.0259713205639764,0.7895669090065079,8,Oxide_Pinhole
0.1967473817296625,2084.1260685776983,2.645755687950054,0.7695949569244436,4,Oxide_Pinhole
3.329044035482031,1243.1308197824355,5.620661470808168,0.6056318610928582,7,Particle_Defect
1.5258765284243918,8852.498700603626,1.5552589145912963,0.5007096857273312,4,Metal_Short
3.6120843184291234,1061.9246894145906,3.983530361530298,0.7378003951794945,9,Particle_Defect
0.20687201041604253,794.0905810217421,6.613954591549168,0.8569521545480232,10,Clean_Die
0.07821509744429543,743.406731848073,6.118455720986134,0.9092622290631847,6,Clean_Die
0.31363237311824643,1887.439802783349,3.568811223626824,0.6427157796222499,6,Oxide_Pinhole
0.38860197215699477,1966.6090572016906,3.009983691078915,0.8518330856722811,8,Oxide_Pinhole
0.12259838778087742,844.7424010390635,6.3045977366326245,0.9145314760448794,2,Clean_Die
0.5579268260964347,2233.8869216260837,2.6439580837280925,0.7871652548470832,4,Oxide_Pinhole
0.29203891883924143,1144.943337349089,3.0781292986319193,0.8294754587290541,2,Oxide_Pinhole
3.05784802511666,1160.1338214491345,5.1459699690367575,0.784681296731602,7,Particle_Defect
1.9165838763855902,8838.203209210045,1.2408809265366096,0.4481552306914323,11,Metal_Short
0.3744246917403164,1875.0610390346471,3.7377011343897077,0.8194673579838371,6,Oxide_Pinhole
3.972491652233643,1006.4641885929411,5.438141302705033,0.7917692081550937,6,Particle_Defect
1.6975378127237293,9085.775571648512,1.8698964451694946,0.4846557190819624,3,Metal_Short
3.590880153142283,1203.4744042134378,5.015797311760295,0.6524875239334543,6,Particle_Defect
3.5378534515889606,918.433429304457,4.010227804360041,0.6324086365231085,1,Particle_Defect
0.39396191183575785,2041.1984533596235,2.3756210660366106,0.6989129586138052,6,Oxide_Pinhole
1.217372666119555,173.3472822251458,5.184340026561029,0.2933447292117042,7,Via_Open
0.3166627273331217,2344.8335447517447,3.080653320582737,0.6174919844769692,7,Oxide_Pinhole
0.15597003385979005,607.0840243384621,6.199893022464789,0.8417287489457954,5,Clean_Die
0.11721553200437518,2026.343918611665,3.1284913037652577,0.666729710970436,10,Oxide_Pinhole
0.05,714.5624101930418,7.251151699908416,0.8872803435941495,2,Clean_Die
0.27717184430674313,4578.302225880417,2.773785043068775,0.531162988055522,7,Gate_Oxide_Trap
0.8125745212982894,165.22897115256606,5.282751036462239,0.6720779808641268,5,Via_Open
0.2191494940431361,4182.407902360388,2.551833901721494,0.5646871656395895,3,Gate_Oxide_Trap
2.9811197222002006,1319.527888112142,4.874901209544653,0.6029022826578698,11,Particle_Defect
0.1778632429112625,793.9295190947339,6.347999719085014,0.8759192515586443,7,Clean_Die
0.09530500158499844,803.5553505950023,6.580831803003928,0.8914046440538559,8,Clean_Die
1.0739806853968963,8526.491741246515,1.7347269087126198,0.7013037467758083,7,Metal_Short
0.05,4733.470103185098,2.905574669697176,0.6342596667363919,3,Gate_Oxide_Trap
0.14422506055157186,781.8010204724976,6.439252490856271,0.9168828689506522,10,Clean_Die
0.1645040158686173,734.1683924897144,5.891093011816642,0.9565817518770917,3,Clean_Die
0.05,736.3108806503028,6.245483053232245,0.9320580764098667,5,Clean_Die
0.22159490338146876,2524.6448834932,3.159280680910357,0.5543528853708568,4,Oxide_Pinhole
0.7650248440002083,142.4666179024669,4.627747383509652,0.5166306013143748,6,Via_Open
0.05,765.2476527245772,6.511848249687845,0.9289870787074163,4,Clean_Die
0.07336243457354112,865.3624293383766,6.0859576919196385,0.9617621787132156,2,Clean_Die
0.05,856.7611896260358,6.647197943925342,0.9313685868696918,8,Clean_Die
0.11749749875342379,791.584616987174,6.027559396176782,0.9480033564071207,6,Clean_Die
0.10205502229848548,832.3907250751594,7.450461076280535,0.9434341891268453,8,Clean_Die
0.8706478971853495,139.5971706464083,5.483826856966594,0.559282061169525,10,Via_Open
0.09688554608755635,679.5754886993977,6.154125181571274,0.897941327490448,11,Clean_Die
2.143444501747875,1274.6039872854335,4.0493115843588114,0.772437751836671,2,Particle_Defect
0.1173293855428553,695.0077111170375,6.559038399122868,0.9696122228571658,5,Clean_Die
0.3153343282821332,2203.1267633022144,3.5270105789117534,0.6188973046309169,7,Oxide_Pinhole
0.10523914941708394,816.418438323113,7.311317462159241,0.955724476972206,1,Clean_Die
0.10648695899280847,659.8097357895058,6.780722164158904,0.8824172977074725,11,Clean_Die
0.05,567.5392526781759,7.009753012596085,0.8980519756050773,7,Clean_Die
0.10735152134965284,892.7835584089119,6.501149246927934,0.8476701628436341,10,Clean_Die
0.1656939412947942,778.2293125320982,6.787441526359645,0.838879623270687,8,Clean_Die
3.0255597923714634,1579.2256288750705,5.523509134301419,0.6053381529790374,5,Particle_Defect
0.11631365809674954,852.4253282714047,8.0,0.9160612477251171,8,Clean_Die
3.316513454304984,1073.9036937988344,4.954443333674582,0.5368825717495077,9,Particle_Defect
0.05,910.5361315485418,6.740514212836677,0.8265026756235727,5,Clean_Die
3.2720641362622223,892.5082298908121,5.227098962177043,0.6213381783162867,2,Particle_Defect
0.8092788646864749,209.30786031960878,4.8627001135450785,0.6381412148394515,9,Via_Open
0.05699972540893622,871.1978796476842,7.030035449929689,0.9293393287205792,2,Clean_Die
0.1251617119222196,837.4454542510665,6.912403177160997,0.8996103903937537,2,Clean_Die
0.3266832439253984,2244.7887237499162,3.153430685146911,0.7008032489192221,7,Oxide_Pinhole
0.06682877387781533,824.9607565393362,6.391638049869855,0.9222994037134618,10,Clean_Die
1.8762775466321933,10425.71491877443,1.5078713465327886,0.47314665296304753,2,Metal_Short
1.3095643153998415,9686.563010726893,1.46940615904195,0.5430655232662565,2,Metal_Short
0.13203893151679635,694.231607197033,7.267361901780375,0.9375022387854203,6,Clean_Die
3.2709749560252694,1257.2402841588391,4.977873704507874,0.5771329775927405,6,Particle_Defect
0.15621661022005975,4122.002210757169,2.438469787598865,0.49287205003996626,1,Gate_Oxide_Trap
0.05,620.0228054967597,6.0998332116135785,0.9102378921893016,4,Clean_Die
1.486275864837614,9125.312743455333,2.0514387385529074,0.34249532188939324,5,Metal_Short
0.4297861495277032,2181.645227623038,3.462111081909089,0.7239478812253214,1,Oxide_Pinhole
0.1273754191412393,686.4395710144624,6.272921939627404,0.9713421808246528,3,Clean_Die
4.278337934655766,1412.6517929253998,5.419253185309197,0.5646290512244267,8,Particle_Defect
0.10500428632932693,801.5479070699141,6.41216181343743,0.8864114825527066,5,Clean_Die
0.06760162393759345,2313.0257464808014,3.4289304368789466,0.6792823486253715,11,Oxide_Pinhole
0.05,884.5589881494307,6.044507733396097,0.9520138394916474,5,Clean_Die
0.2762209048408309,4274.1438449286,2.9004392236677483,0.47332312587643954,8,Gate_Oxide_Trap
0.1503990419481702,1010.2207387963135,6.411607320743839,0.9170376413552067,2,Clean_Die
0.3668219915813795,2817.954770827182,3.356934225074914,0.6481633642416248,7,Oxide_Pinhole
0.050918167541882914,778.1859326553993,7.0117434141010975,0.8665558264377713,4,Clean_Die
0.11500683456218685,858.3413819706888,6.176256729178987,0.9172323086824818,6,Clean_Die
0.2348030775337087,2506.154470998288,3.5741652550912013,0.7559884535131495,7,Oxide_Pinhole
0.15733686328743607,833.8710247279187,6.6219676869955615,0.9201318161358776,1,Clean_Die
0.15427464907600524,3994.1712660771973,2.5628208038077345,0.5654542534333824,1,Gate_Oxide_Trap
0.11609595441984692,718.4498440150854,6.050051640530534,0.9024998874870425,7,Clean_Die
0.07765688554239983,966.9333983948522,6.278897861953984,0.8684266514672773,8,Clean_Die
0.43904767570718684,2619.685501639091,3.3549274762952894,0.8038590289154348,9,Oxide_Pinhole
0.4061857195953943,2005.6555294848,3.428592373292487,0.7441881905415274,9,Oxide_Pinhole
0.22501119156440968,2505.719644724258,3.7951094670700534,0.80476661653505,2,Oxide_Pinhole
0.22647517576549786,4142.848393414732,2.0758739296386315,0.751265384948831,7,Gate_Oxide_Trap
1.145549333566241,8621.467314573667,1.5366463624753754,0.45238329062079363,3,Metal_Short
0.40556417457235117,172.1210054109268,6.014031949027057,0.5835709834035856,5,Via_Open
0.17733680328032966,821.2808417688207,6.829561400844558,1.0,9,Clean_Die
0.2013156063937323,1837.1384115319054,3.33861541171048,0.741504278578247,5,Oxide_Pinhole
0.6592540039080977,149.82362484367835,6.218339281450976,0.6179458063782315,2,Via_Open
0.16710443873199768,772.8694378514599,7.55500171596541,0.8864952337989898,8,Clean_Die
1.1602784341236334,8887.274970189375,1.691892754069723,0.5315379898906232,3,Metal_Short
0.06277331072217011,636.0420828241628,6.395299544604183,0.8965105721187703,10,Clean_Die
0.12167324700033719,865.6577337264843,6.738613000396395,0.8944818900819812,5,Clean_Die
2.418737132312793,862.4533632706211,5.665615460465098,0.6681913814973491,6,Particle_Defect
0.09028645295247166,803.5368183652503,7.119326418789162,0.8885503482569186,8,Clean_Die
0.21303827899395286,4231.887899144397,2.7130438130944086,0.651269468558507,2,Gate_Oxide_Trap
2.986830226522183,1129.489958835046,4.176481905040773,0.609468219429485,7,Particle_Defect
0.6874303548646061,152.06380000767874,6.307807453394995,0.6788237077469539,5,Via_Open
0.07237878134037473,760.9584380830757,6.596342883948073,0.9026146474883542,9,Clean_Die
0.34652140329763537,4522.643135471749,2.6427208886068683,0.6212961626482272,3,Gate_Oxide_Trap
3.809959525083286,1171.6677039336746,4.482169194519744,0.6604129569003861,9,Particle_Defect
2.912751357463754,1024.2855503086284,5.414238133331125,0.4576558810021094,9,Particle_Defect
0.3622560310102219,2340.1840854605816,2.9091125205963126,0.6089445168952592,1,Oxide_Pinhole
0.2964274246281922,4385.666971259566,1.9004452374526122,0.45148398407699336,6,Gate_Oxide_Trap
0.28832787986619923,2041.0968020736673,4.037498353699563,0.7055961248208428,7,Oxide_Pinhole
0.0874826224310525,743.314331004801,6.531757625518013,0.9742360439940168,11,Clean_Die
0.051933563375294776,857.6596084863519,7.210159793894261,0.8993550718353697,2,Clean_Die
1.6168805592671474,9312.541056856502,1.7498281548276924,0.4276037163312711,5,Metal_Short
1.172346906428641,8995.472303460985,1.8922071772402078,0.6007325914178988,5,Metal_Short
0.14438433614863805,715.1138139807354,6.928595602183326,0.970112635019847,9,Clean_Die
0.2680658921827315,4483.156994408797,3.3505321134479598,0.7105558761074463,3,Gate_Oxide_Trap
2.237128868991435,8599.440951574155,1.5577765445830192,0.5273873702526379,1,Metal_Short
0.05,853.7884468466035,6.659451874992422,1.0,8,Clean_Die
0.20207434652923734,4715.858324621311,2.6615388051643945,0.6264342415745536,8,Gate_Oxide_Trap
4.075203508442169,1004.8389640693538,4.990666575756239,0.48896189049532407,8,Particle_Defect
0.17581166934702022,5123.200848393954,2.1842239832233927,0.488599561600666,7,Gate_Oxide_Trap
0.1775690053893894,4590.410285817236,2.863224991753511,0.41255519669238316,7,Gate_Oxide_Trap
3.178221806420536,1216.4230832101573,4.5487027243122595,0.6041122343591254,9,Particle_Defect
0.09049560302726611,796.2664704536893,7.319046030024625,0.9212191515846181,1,Clean_Die
2.577582156174105,1352.85927417655,4.977568787315675,0.812413185856171,8,Particle_Defect
0.22893131553143017,4323.1857647880115,2.078867350399274,0.5368364913844484,6,Gate_Oxide_Trap
3.0143426131701565,1782.2237590703446,6.476279514129876,0.6508242859118429,11,Particle_Defect
2.0843462049178925,1333.043747827447,4.449376272577253,0.8279018730161851,8,Particle_Defect
3.1791726863239047,1345.9321030685956,5.150246334366821,1.0,11,Particle_Defect
0.11841128287654447,931.1926373435876,6.830246280210022,0.9266494998420438,4,Clean_Die
2.0669820372303294,1167.8008447228528,5.272859385387549,0.6415788181341345,2,Particle_Defect
0.22632720424460231,999.3495629320399,6.9016476865160525,0.843349592634535,5,Clean_Die
0.06678627130941303,717.5973411860109,7.431893785942594,0.9889014436411141,7,Clean_Die
1.090291088986393,9724.440447126239,1.3938983418761435,0.5953997514533369,4,Metal_Short
0.1595944880094398,699.6458202308226,6.218667918396667,0.9506458689864619,3,Clean_Die
0.7412255536460339,9010.8880299393,1.8037245104133561,0.493891006764163,11,Metal_Short
0.4401010586259251,1942.0203933318758,3.1072345004274635,0.6906229594996152,5,Oxide_Pinhole
0.05,4301.5758638082325,2.2900163637775277,0.6344466240479286,5,Gate_Oxide_Trap
0.07812129619024552,763.5352701749546,6.691502741853435,0.916717444188252,8,Clean_Die
0.9144878650614587,1501.3967711718271,5.318028492791811,0.6834179072766762,8,Particle_Defect
2.1093203764858854,1757.65036810619,3.6749412065641955,0.6548093864174235,1,Particle_Defect
0.07685500390456122,877.2578945633959,5.411533333219403,0.8932500932294953,9,Clean_Die
0.10788449218183895,879.0535808410679,5.998065770564755,0.9122497117998635,1,Clean_Die
2.445252810793855,1067.138087791852,4.614672219076964,0.5714715128116968,8,Particle_Defect
0.16091566472421573,633.5796393434853,6.403429118312198,0.9360864270135173,7,Clean_Die
0.056682340025483426,740.1831048032059,5.982762339133786,0.907063624841085,6,Clean_Die
0.2828971944318398,2236.9992209412403,3.7795043651924596,0.5633462436140602,6,Oxide_Pinhole
1.987881937313833,8773.108974224315,2.115381073521478,0.3188795201734236,5,Metal_Short
0.7094305331820874,110.03662392218033,5.160460940468486,0.5803261750746398,9,Via_Open
0.34244154553581607,2254.1157306471014,4.104761580113274,0.7366411824472968,9,Oxide_Pinhole
0.8666364857990249,117.34710215238377,5.027286400748156,0.4908543884221679,3,Via_Open
0.05,957.0920149672152,5.9702518044683295,0.916001317345042,10,Clean_Die
0.1238381859885063,789.3600242384817,6.648709991275275,0.9875533605669591,2,Clean_Die
1.6219966004112865,8703.58408735006,1.7269669551631393,0.5003086029753163,7,Metal_Short
0.24212452648211588,746.6431501571799,7.218354339113663,0.9042954492852564,9,Clean_Die
0.26713186401995315,2366.7031445082976,2.9257319591785014,0.7389879576639677,9,Oxide_Pinhole
2.4984323226175627,1385.1081903675301,5.036136762350136,0.5293207450358393,5,Particle_Defect
2.4139834357560934,1289.3053370381049,5.520655794492573,0.5937392412128035,8,Particle_Defect
0.33528300467860744,2017.462507345847,2.99871886745488,0.7467588794794325,3,Oxide_Pinhole
0.16320884925705614,786.6519427696869,7.057050329975398,0.9293159470089838,11,Clean_Die
0.07837833512753918,756.0289401444533,6.101596325360608,0.9583964754742141,2,Clean_Die
0.12321939013003391,762.253945409798,6.108579320184122,0.9034242422831421,2,Clean_Die
0.09304099237959766,801.2875813351977,7.026708380936478,0.9305036327592346,10,Clean_Die
0.14105043261755124,800.9448504486172,6.238824655329473,0.8823358453797966,11,Clean_Die
3.8534460110075264,1367.748266985363,6.177446513227435,0.698917823696107,8,Particle_Defect
1.6354892448479914,8737.249198606833,1.1875385273942518,0.5341618942737327,9,Metal_Short
0.2602033369598412,3930.08887761441,1.6346179804348686,0.5077222162907915,7,Gate_Oxide_Trap
4.067121923021666,1314.074300256646,5.113349316421784,0.6703431227752457,4,Particle_Defect
3.753820188242544,1250.0654689618425,5.004698042379659,0.6297501580471687,4,Particle_Defect
0.34828847811980823,5008.87642522114,1.7195300335133197,0.43702399875823617,10,Gate_Oxide_Trap
4.568181544924742,1369.4837227026983,5.365311436774107,0.6012815119811545,3,Particle_Defect
0.13569207065464328,837.2745765526134,5.677264744894733,0.9287200819061926,11,Clean_Die
0.2635333779371057,4975.726645686096,2.192877048694963,0.6151327643633642,5,Gate_Oxide_Trap
1.7948770556245695,8016.745293832653,1.8937994673375051,0.43008101315796565,8,Metal_Short
3.14672206551669,1243.4477734620448,4.591708757127935,0.5957971701570822,9,Particle_Defect
2.8778671509028433,1548.9673858282358,4.432933565787554,0.6246180383978851,6,Particle_Defect
0.05,764.9835241805505,6.042336984298359,0.8921567363885959,3,Clean_Die
2.181121882567049,7279.411248629145,2.201206309113285,0.5061181780572312,2,Metal_Short
0.19216631296854544,4459.949433209489,3.0343608242539615,0.5358844327015766,11,Gate_Oxide_Trap
0.46418627243869576,125.02950363472326,4.935515795511625,0.6331961200942627,10,Via_Open
0.11596357789253973,555.8623804857895,6.759234477448734,0.9177858693514566,3,Clean_Die
0.6670207853934532,159.37212028728234,4.814516905893218,0.6941364137892803,10,Via_Open
0.09692754014519954,568.979906201341,7.048093570322365,0.9304903954282018,10,Clean_Die
0.16199528104091043,756.9847448896311,6.232176015905437,0.8901091307429342,11,Clean_Die
0.3696761777772128,2243.353240413237,2.3708356819755325,0.7510686815134715,5,Oxide_Pinhole
2.1379911625457337,8757.297527460547,0.9616909989732523,0.3015144465659742,8,Metal_Short
0.08527110237920817,734.5912088689331,6.222394320609996,0.9547292880603188,6,Clean_Die
0.20049145537430746,996.7091779858633,7.015939902619205,0.9496127564885869,8,Clean_Die
0.2802938189145325,1858.3367965452605,3.554493423742423,0.7637023117431935,4,Oxide_Pinhole
0.2573369177861977,2275.7718887324236,3.220421278889571,0.7854867292394355,2,Oxide_Pinhole
0.1018947716448673,812.3273663967285,6.400208923809575,0.9738691974080316,1,Clean_Die
0.20402612194886338,1970.8066884985756,3.4074385464997667,0.8874602118681668,8,Oxide_Pinhole
2.103831204611706,9558.119490250028,1.422380715909367,0.4123784401122265,2,Metal_Short
0.1080614050637003,824.393576075662,6.43894858845071,0.9670116389534508,1,Clean_Die
1.6791206973321573,8734.174487567154,1.474581903262492,0.671920912527961,6,Metal_Short
0.6758832226085367,111.7492740261159,5.2500488353462496,0.4935255016580984,1,Via_Open
0.23164693007526505,2115.8439423852847,2.77033674862624,0.7911480948684261,6,Oxide_Pinhole
4.429705203091411,1041.0863180849738,4.676379186968961,0.5182446303793635,1,Particle_Defect
0.194779616659443,4377.13124707417,2.5372053863236834,0.5221578313188984,11,Gate_Oxide_Trap
0.23714811580977357,2164.3957985469833,2.796537334336744,0.7439473961202868,6,Oxide_Pinhole
0.221725273922816,4325.242664192115,2.684787471198869,0.6184006849452034,2,Gate_Oxide_Trap
0.05649467601794173,666.2643597971821,6.136696924792998,0.8831434340877382,1,Clean_Die
0.1680812284856705,746.094860574063,6.759310402761337,0.8460896017320627,2,Clean_Die
0.30866171105197343,4919.083754018037,2.4858606492512845,0.5263275992359608,9,Gate_Oxide_Trap
0.25248099406172647,1830.7801120937431,3.4284489283125654,0.8695236689754371,11,Oxide_Pinhole
1.6102694621921891,8571.702936806874,2.1975055037062012,0.40077285471909946,6,Metal_Short
1.8926413939769071,7723.938675546433,1.3225310112567041,0.7455869679885563,1,Metal_Short
1.6280206353237745,8727.836756684415,2.0618320670064545,0.4210145886392336,2,Metal_Short
5.1853406958794235,1409.2121926616583,5.1533862782900215,0.5485994523655234,7,Particle_Defect
0.19453886552014915,4639.199292388058,2.894695169922596,0.495757029986901,2,Gate_Oxide_Trap
3.6223032593389815,979.7796603750119,3.978753595156439,0.7538720477297006,6,Particle_Defect
0.05,920.5768248834867,5.995576789539604,0.9178550295932533,8,Clean_Die
0.12316751903217271,989.1941829832818,6.852383891774083,0.9340809445188227,4,Clean_Die
0.28872222188166363,3876.850801750375,2.7199310132292087,0.600212841162916,8,Gate_Oxide_Trap
2.942076064676911,995.2655124293525,4.9664879565937525,0.6315557271216676,6,Particle_Defect
0.2377485714326957,4218.84882435217,2.841673389154277,0.8296469974047418,3,Gate_Oxide_Trap
0.05,752.2190455781978,6.737889447174811,0.9271308855052061,5,Clean_Die
0.17659479359748642,2601.897460339116,2.860195576848251,0.8483732469332921,1,Oxide_Pinhole
0.11470199854083303,750.1007133728233,5.85931669123929,0.9300241471187624,8,Clean_Die
0.7103398799330584,155.30840965030382,5.9545945861538865,0.4943517203977613,3,Via_Open
4.651107726372635,1131.9674420307447,4.58703660732013,0.6505537568788665,4,Particle_Defect
1.9537190363532102,7996.251345005386,1.5106343864174592,0.41251982497277956,5,Metal_Short
1.1592018401955517,124.3398685990386,5.182668689473879,0.567685549525533,9,Via_Open
0.05765001679501243,761.0679636672204,6.051621357336409,0.94345455030158,3,Clean_Die
0.05,4310.803301855152,3.4305851037646153,0.3963222784251198,1,Gate_Oxide_Trap
0.9385225775149073,179.2774017600713,5.559886306974011,0.6177357472081692,3,Via_Open
4.461738759713721,1117.9035251209446,5.10558273575086,0.8238820620238057,9,Particle_Defect
0.2469008679950828,2388.3221327581928,3.4358036290398295,0.7086983662218972,7,Oxide_Pinhole
0.37603454116542323,2224.925277600564,2.5210319396085117,0.8000894877466433,3,Oxide_Pinhole
0.18445732604494425,2468.8706573028007,3.679092185373383,0.7636809338833805,4,Oxide_Pinhole
0.379720899093195,2331.220990211721,2.8952673039517487,0.7758080456859605,8,Oxide_Pinhole
0.14619751173257545,730.3865382923204,6.1054661123924205,0.8933864081481486,4,Clean_Die
0.10401908919523889,648.4696220850419,6.794122228001765,1.0,2,Clean_Die
0.09189486799970076,946.850168531935,6.358736016646513,0.9613193954400338,1,Clean_Die
1.052070190954321,71.29073348040743,5.332848192456263,0.5093063088228258,6,Via_Open
0.08334051405035152,881.9936119292075,5.899406962484117,0.8572489761641884,8,Clean_Die
0.05,616.3705435354951,5.993974787856358,0.842009545973067,5,Clean_Die
1.0763187338272004,8358.760842249065,1.8765249190283027,0.37902041654928215,10,Metal_Short
0.27304078919264974,1911.7823700647498,3.2187438356156566,0.6866654729808788,6,Oxide_Pinhole
1.532461455454456,9500.696434395684,1.8934391908516641,0.3395663690685363,1,Metal_Short
0.3463102498498136,2121.7211955999906,3.5691420050996303,0.6242663621534792,6,Oxide_Pinhole
1.7565606420267743,1380.1428617081992,5.209739702006931,0.5496014147953936,10,Particle_Defect
1.2960578263565978,8593.046817542672,1.4398850181577456,0.3887320249908315,4,Metal_Short
1.717407003518011,8367.623029577899,1.6515624352512948,0.49477784830300026,8,Metal_Short
0.10115847260531077,854.1264571509618,6.969598974715669,0.9448557608754451,11,Clean_Die
3.36224841417626,1324.8621928349676,4.89574471349265,0.847582005916,5,Particle_Defect
0.3482046301217604,2456.536758340503,2.929390917142992,0.6665141885550595,10,Oxide_Pinhole
0.08252293883148684,778.9084771837727,6.358284326079213,0.8702379087816668,4,Clean_Die
0.16184548558519857,4870.454306466367,1.9579384275465697,0.6308586670604343,3,Gate_Oxide_Trap
0.05732522299921574,860.5087891118403,6.696710884972114,0.9373314957126944,6,Clean_Die
0.07161410055985858,813.0411231779613,7.559657560509967,0.9781996378814257,4,Clean_Die
2.1278099079005024,8073.983374728415,1.9322713135653835,0.3924841235258583,2,Metal_Short
0.41931145506037654,5366.925874350388,2.142594805272843,0.4709332565412122,11,Gate_Oxide_Trap
0.11247701036090305,805.4999367727304,7.314244425988534,0.9852442315374537,7,Clean_Die
0.15373973997017246,772.5513139337388,6.421505108435882,0.9054321390158582,10,Clean_Die
1.1347327543453138,1362.6854964818774,4.1943493248057315,0.6766543729418805,1,Particle_Defect
0.09847555076835612,781.3706267766217,7.072828566229084,0.8579389667418033,7,Clean_Die
0.438217318969053,8125.28202425079,1.534914125672136,0.42983342766618915,2,Metal_Short
0.10769890025993033,721.8721772653827,7.001063859288229,0.8699374119923792,9,Clean_Die
0.10066359649703407,879.4902321451476,6.007882797370947,0.8841314842231642,9,Clean_Die
0.8469443821252315,148.3274317120135,5.718847514430268,0.6826354519660272,2,Via_Open
3.828717439432701,1478.2700616545094,4.421609177608198,0.5998313695273492,3,Particle_Defect
0.07292459388193075,640.3814532349537,6.064329755152032,0.8990907947338413,1,Clean_Die
0.3562717060789694,2471.4057926119203,2.8171482824237843,0.7289161364201007,11,Oxide_Pinhole
0.05,799.3628681763832,6.200466599698379,0.908846439100106,3,Clean_Die
1.7400392097557615,9660.186122140516,1.4809503342395758,0.5106368285048049,3,Metal_Short
0.07864420598877606,4211.148018722117,2.4681837712816317,0.6353113614722072,4,Gate_Oxide_Trap
0.14452109518200856,2236.9086874517193,2.7838499950299016,0.602399254940504,1,Oxide_Pinhole
0.05,843.5509272808848,6.745086108207807,0.8870390199252216,2,Clean_Die
0.05,913.2374323324946,6.70138526374072,0.9052173720200597,6,Clean_Die
0.30229469865410064,1970.1039538914058,3.8209314544781847,0.7702009991415787,1,Oxide_Pinhole
3.5800399141890535,953.1921143627591,6.048744028600825,0.6919871773544638,7,Particle_Defect
3.477900879230968,992.9156443169479,6.1194653783697035,0.5999013622833339,7,Particle_Defect
0.18477793033981185,4297.3387735923925,2.468059211656812,0.4582415015033172,10,Gate_Oxide_Trap
0.05,822.3989899489297,6.133152549100357,0.9361867087131632,2,Clean_Die
0.6679020856942307,202.08138462750657,4.482486722684195,0.6200339183956597,6,Via_Open
1.7501150048752392,1052.9268942467388,4.35484921129769,0.5797218584888472,5,Particle_Defect
1.5394713122093455,9474.945768962392,1.663663521738903,0.4920219858572515,11,Metal_Short
2.6190911877288845,782.0094141577702,4.292640071576166,0.7007124800341635,11,Particle_Defect
0.31724993560143533,4758.605880976264,1.4574395833936888,0.6123945873183301,7,Gate_Oxide_Trap
2.0289846962510554,9198.62141985101,2.0095977541153722,0.3467039170286618,4,Metal_Short
0.25905573944811905,2287.0769204594253,2.9612203041425627,0.770945677770746,3,Oxide_Pinhole
2.856596287124979,1071.4856018897503,4.918517266958351,0.6238798725410636,2,Particle_Defect
0.06260771003334722,905.7621166277061,6.960438964456226,0.8936452891765179,1,Clean_Die
3.186947876369891,1440.9023306629906,4.539310194444977,0.5495665395930103,11,Particle_Defect
0.05,4285.419407200506,2.806839231978733,0.6315082194180434,5,Gate_Oxide_Trap
0.08751125985306457,902.9090013891182,5.734082600507174,0.9775136717806316,3,Clean_Die
0.10146524720856251,647.452567266617,7.133287335860521,0.9591492507412769,6,Clean_Die
1.4297748320153314,8619.931331738031,1.8227012420218658,0.3794745978752584,1,Metal_Short
0.16617463134828311,4564.817561402036,2.6387493275908183,0.6791713935873307,10,Gate_Oxide_Trap
0.17266268659272968,820.6872402475913,6.425009425847664,0.9774826659883931,10,Clean_Die
0.1723274880501841,2681.7636887777826,3.4084949479887525,0.7962109009142208,6,Oxide_Pinhole
0.11591197258974394,888.0074015084394,6.314039791681568,0.9038486521758484,5,Clean_Die
0.27017010575386946,2347.7876638585403,3.0525207511106136,0.6145456397953726,1,Oxide_Pinhole
4.175296832834391,1127.4039560301583,5.715547303585886,0.6690878703701139,4,Particle_Defect
0.05879634580076686,864.8124677805574,6.856895620570031,0.8937432240769552,9,Clean_Die
1.7473843451889939,9143.292410231437,1.5961010101262305,0.2851243981535267,9,Metal_Short
3.4506405299260625,1138.8808402307427,4.8852459043200165,0.6804945922403082,11,Particle_Defect
0.2298401283473464,1840.0953354578346,3.055280889377425,0.7020634497862712,10,Oxide_Pinhole
0.6266966667666721,168.93321620871023,4.679695718737012,0.5920395504672218,11,Via_Open
0.21225612688556172,4156.586298944088,2.0414817921747765,0.46272252612541326,6,Gate_Oxide_Trap
3.3000523714653083,1287.6933023517727,4.15509353655182,0.5301677051525809,9,Particle_Defect
0.30411372399790093,2120.326965890286,3.5752402756514106,0.8334272605248022,9,Oxide_Pinhole
1.5064479578057848,7320.426444255632,1.616738816702197,0.3424042649473075,6,Metal_Short
0.16604445568766116,2170.620127329872,2.8291365784693725,0.8618350547191427,7,Oxide_Pinhole
0.2893348912161421,4533.353602845083,2.012854401861575,0.561221800060758,7,Gate_Oxide_Trap
0.05997791674285343,747.600825465672,6.055681184802168,0.9269630305469849,10,Clean_Die
0.31936781179789614,1775.5901852562772,3.0436911283941095,0.7003157833136199,9,Oxide_Pinhole
0.2609914650870254,2064.698524889973,2.8739281594296524,0.7574943037957401,9,Oxide_Pinhole
0.06068975785234962,574.6339680541575,6.746042774809779,0.9235262855469355,11,Clean_Die
1.0046806121127967,137.70536762825577,5.062294568729961,0.41775694193089796,10,Via_Open
1.4929162686045045,6688.145529968253,1.692364139604841,0.2835423085945208,1,Metal_Short
0.3186833090028196,2549.3974281418496,3.9083216035414896,0.7940260386866881,1,Oxide_Pinhole
2.8287870795762307,1209.7098963962571,4.761960430045448,0.793680697813145,3,Particle_Defect
3.964741469990089,1052.4097575541,5.483339903600657,0.654233209317075,9,Particle_Defect
3.4195740132352506,659.0490263712003,5.325705469702306,0.6886454314523149,8,Particle_Defect
0.0723112013994266,780.2291997257887,5.632751833155217,0.9201215904497417,6,Clean_Die
0.442550052162723,125.97620845719182,5.143553807500536,0.45784840849288755,2,Via_Open
0.6007664987181879,161.20279124896382,5.541637562022656,0.7132721739295892,7,Via_Open
2.2094385977219386,1133.6817733207754,5.403142239085634,0.7346169930266438,9,Particle_Defect
0.05483649402503176,576.3576289732613,6.643931711958246,0.9185645338846636,7,Clean_Die
0.4106409433322065,2437.7420470467805,2.845745633302072,0.8204962372459408,7,Oxide_Pinhole
1.2697804827449646,9120.288004555885,1.775592882031889,0.5117536581825183,7,Metal_Short
1.4730709190759423,8205.186059043592,1.729742507694781,0.3461982465641488,9,Metal_Short
0.15129768134029475,871.8395992757968,5.95832502202956,0.856820243849679,6,Clean_Die
0.31390777176125373,2241.4682940490557,2.8162566464470555,0.7392620370181805,7,Oxide_Pinhole
0.05,565.6985321674584,6.241985651197243,0.914636352773941,5,Clean_Die
0.08563436623019721,1006.1437710197958,6.949345773039739,0.9070392450892425,4,Clean_Die
0.07975138290202435,722.1423656915965,6.328235190846412,0.9168666983394446,4,Clean_Die
0.191683400563075,817.5958976463997,6.718674374094673,0.963294404748111,4,Clean_Die
0.7334069652185214,124.3759826369761,4.90285214638382,0.6030056828019522,9,Via_Open
0.36802528737917195,92.05337176549804,6.153724672206714,0.35821694931684117,6,Via_Open
4.164966758992543,1186.519490824693,4.089890559726881,0.678674523781184,6,Particle_Defect
0.09952168444078562,724.6846886834122,5.632848800771933,0.9602787096595237,3,Clean_Die
0.13141090585722442,683.2173914561798,6.350158481506792,0.8789392718882323,7,Clean_Die
3.006151137027651,1135.1546066378157,5.035987702236335,0.6003751023789063,3,Particle_Defect
0.13165357775140046,986.1702490718676,6.483452184572846,0.940436361356185,7,Clean_Die
2.92690982139605,1093.6709344161984,4.498808942138047,0.692154736390376,1,Particle_Defect
0.05660933345741662,690.9964926461251,7.249848802484907,0.886166913875047,5,Clean_Die
0.09683529663605504,715.6547648811513,7.444043829573951,0.8748350746250834,11,Clean_Die
0.08099602856988178,873.76985049207,6.59650741085015,0.9323755581712023,3,Clean_Die
3.1713443071680105,1430.2372940649132,5.061285454085196,0.7911935256952615,9,Particle_Defect
1.8848382570579312,7360.932975118935,1.49664957992203,0.551129463153351,2,Metal_Short
1.9026633251465703,7533.073634931362,1.2868655023595903,0.3763462199137381,11,Metal_Short
0.09238491278495778,4238.285298434535,2.2131038628799793,0.4061933355159084,8,Gate_Oxide_Trap
0.222475579714808,3663.5541790826824,2.8044950948344174,0.5223103763103846,6,Gate_Oxide_Trap
0.3277826366370966,2439.454225117244,2.7400576327726114,0.7472554613907365,4,Oxide_Pinhole
0.05,844.7700424550916,5.8504929630000175,0.9069819159078937,7,Clean_Die
3.7344789424850555,1092.9171642432825,5.439276393800205,0.5996199256121779,9,Particle_Defect
0.1666877359468903,791.7328947983974,6.8253815598445176,0.937730323061444,3,Clean_Die
0.18941294311636533,796.443117139406,6.964324920284411,0.9294096614473393,4,Clean_Die
0.0716494101374246,836.2559216520469,6.486360017205004,0.932346028437042,1,Clean_Die
0.16265305019952592,681.090794082425,6.698000178301154,0.8668311040437697,10,Clean_Die
0.18069587294599251,844.5046215685695,6.904811405386744,0.9492177084898922,8,Clean_Die
2.9646030245879116,1071.2607271922525,5.058782631313177,0.8157145198177671,7,Particle_Defect
0.13325064897149314,648.1009024506886,5.975257460975297,0.8697869055577953,4,Clean_Die
0.15682009915749207,3840.121841315256,2.039194608455836,0.656486961190965,9,Gate_Oxide_Trap
0.5632896747503473,148.17716876446835,6.44488769055331,0.5228510633360529,2,Via_Open
0.26918025938476897,4477.954141300785,2.3479117115660646,0.48729368380659505,1,Gate_Oxide_Trap
0.12146913662787735,786.3978376782492,6.054117421521665,0.9411151093413429,10,Clean_Die
0.9588260819878165,141.82039774676906,5.319633350174789,0.6872198960435809,1,Via_Open
2.8170436322114774,1218.655844893858,5.313305172961994,0.8234700980409131,3,Particle_Defect
0.11017744356029761,727.6470332250191,7.131894539515342,0.930144069675863,8,Clean_Die
0.9347504577868528,168.02599461043903,6.903493794211674,0.6121840787439784,2,Via_Open
0.23272112375759968,4097.31485707785,3.0139005260010627,0.5928195370417886,7,Gate_Oxide_Trap
0.23420543939411254,5973.13290176396,2.485479291487354,0.47739258700400533,9,Gate_Oxide_Trap
1.0425660258531106,7529.3986425448,1.5318110153917066,0.4033788508193664,10,Metal_Short
0.07073213178673728,773.1386680584982,6.404820899709917,0.9597711223705597,1,Clean_Die
3.5442536557767275,1097.4204666377962,5.909069390057211,0.5026360153223727,5,Particle_Defect
0.31457133306375507,2433.4363082801883,2.7532441219835277,0.8496680288827642,11,Oxide_Pinhole
0.06722098292892192,624.3714752947467,6.1200276261916065,0.9088307155159696,2,Clean_Die
0.6465145411565042,147.81414895908864,5.03628602561274,0.5438143995141252,7,Via_Open
0.20548434022830708,2221.6036112277366,2.565339922824403,0.6888151155309618,7,Oxide_Pinhole
0.43491565172946445,2388.4122055462935,3.4743376907914154,0.895017097266866,11,Oxide_Pinhole
0.10859971072804303,879.4210593068127,6.51524298747853,0.8974901633775034,11,Clean_Die
0.16311489112216399,4394.363315509736,2.391980380449507,0.7680372649134519,9,Gate_Oxide_Trap
1.528617410046669,8583.205314428962,2.0491309998805263,0.39627868028073643,3,Metal_Short
0.07259175746261472,701.0338759107814,6.183578423885206,0.8928255847003179,9,Clean_Die
0.05,809.6839839152079,6.342670248648179,0.9055288980270121,5,Clean_Die
0.06527472822285235,795.0806740083548,7.111460194266277,0.88725344308324,1,Clean_Die
0.33354943265666337,4190.0597702180485,2.253945979296696,0.629950596643178,6,Gate_Oxide_Trap
0.12895005822668906,874.7862431499325,6.4858319966185825,0.9004832477615028,2,Clean_Die
1.3166754339420983,7645.089093038608,2.102738293137607,0.39574996476485236,5,Metal_Short
2.814131758757437,1136.6376899185286,5.000148449641466,0.6671709296258032,3,Particle_Defect
3.4141542407955376,915.4805264361711,6.047643703187674,0.6702264457695212,1,Particle_Defect
1.6504036871327499,8637.92421399898,1.534934863110175,0.28459923996415554,11,Metal_Short
0.05,846.068989110973,6.8323210862284585,0.8849382631128191,9,Clean_Die
0.0843500361399443,4796.813170293507,1.8633445058002263,0.582108782044339,9,Gate_Oxide_Trap
0.3140151780720862,1600.4412171093772,2.4976864453712935,0.8260142959891841,7,Oxide_Pinhole
1.9586572539807938,9068.400084014478,1.4157308713416303,0.3812388965377836,6,Metal_Short
0.11647907151101546,742.860887602032,7.036724058081685,0.9232733250980053,10,Clean_Die
4.5610663738152395,1327.2004486965866,4.738323571565441,0.6540357747723498,10,Particle_Defect
0.08645241624573605,776.5997004271038,6.514266405617443,0.9965721419447903,2,Clean_Die
0.37794856470007354,1837.0757373604001,3.684538490338965,0.6281767231130125,3,Oxide_Pinhole
0.05,3929.4096093261537,2.353471937174287,0.5469146504673943,1,Gate_Oxide_Trap
0.21330135531562622,834.5618626846987,6.951595968727074,0.9591553205475838,4,Clean_Die
0.1234411483671609,4507.138837318078,2.194028400584144,0.30931433530998753,4,Gate_Oxide_Trap
0.11446747859456628,771.7699444180071,5.551735142162894,0.8961849176473333,5,Clean_Die
0.05446024693495601,849.3574259107256,6.290411591554615,0.9144537581423167,9,Clean_Die
0.10054833574547273,805.7945373406056,6.961468624627477,0.8895591103845719,11,Clean_Die
0.2735461287860544,4698.930670394381,2.307672567666331,0.544677521981516,11,Gate_Oxide_Trap
0.22467028487188892,4231.932389616797,2.5866475049916047,0.5972108711534825,9,Gate_Oxide_Trap
0.13383515185321682,733.5896809971233,6.520351334792622,0.9204388112489756,1,Clean_Die
0.13498876989950187,4435.367149816366,1.235924861728767,0.5392065369642979,4,Gate_Oxide_Trap
0.41103449617552756,1530.0429225068415,2.8777640454469475,0.6113429740799221,7,Oxide_Pinhole
0.2172861094647494,2051.8814264344383,2.157756251280156,0.6778562835144911,9,Oxide_Pinhole
3.712522797678296,1208.8107559546597,5.379504907677612,0.6418328922107408,2,Particle_Defect
2.317333359318798,1027.055522814428,4.6850322137228435,0.726042066636872,5,Particle_Defect
0.16258570699385824,5344.811425165513,2.8403775009922207,0.6725532120936581,3,Gate_Oxide_Trap
0.08178664618866237,754.0981802071341,6.492925461509891,0.926229889480864,5,Clean_Die
3.1158139398127878,1590.7607969148125,3.7120599842725657,0.6902319109171653,6,Particle_Defect
4.314597999377683,975.1565484971035,3.0673726621877173,0.7280743158915868,7,Particle_Defect
0.25335018399469666,2264.209157455471,3.897852440573697,0.6123203951601538,8,Oxide_Pinhole
0.7776106004591964,7754.118655180465,1.8409328693384144,0.5324801561055166,4,Metal_Short
0.6736389231362259,130.40038627502102,5.379745816700212,0.6492527622606097,11,Via_Open
0.05,754.5275896733979,5.612313998101775,0.9839272701574724,4,Clean_Die
0.9820859782213222,8140.050851697705,1.6845877299440306,0.18784355802310154,10,Metal_Short
1.8951358840268013,7834.146115076781,2.1651091703572067,0.5089742555145539,4,Metal_Short
0.18199771094688494,701.9812612386789,6.518316355603943,0.9748923457840681,7,Clean_Die
0.2538853369522099,1784.8804619341795,3.0533508755131074,0.7963358290648138,8,Oxide_Pinhole
2.027084014173653,8245.79452750721,1.509093222781806,0.3775230807676206,9,Metal_Short
0.21775073294526187,4518.117439093506,2.333459181804207,0.4511988433898849,7,Gate_Oxide_Trap
0.26463891546509843,5082.601676813871,2.7171321412651595,0.4588886636749794,10,Gate_Oxide_Trap
3.046967104262811,1425.0989396032996,4.016134521537987,0.6584294629778222,9,Particle_Defect
1.2067951709163056,82.98362720753529,6.042187674695524,0.6735612328523097,3,Via_Open
0.05,667.2882181923927,7.173054159540274,0.9210876611439714,3,Clean_Die
0.12448184533076806,2492.2263129470703,2.5921400206471845,0.7432727645805277,7,Oxide_Pinhole
0.14921582050331678,847.3750270883055,6.5287019110431705,0.95440795287095,2,Clean_Die
0.29675878523885735,4682.90103564838,2.2219606656057955,0.6055251233713624,3,Gate_Oxide_Trap
0.36466976559816133,2305.862158518653,3.3005705367636446,0.6472223087154909,8,Oxide_Pinhole
0.10255860110621642,2069.738992913951,2.2318838635232185,0.7204277174166556,11,Oxide_Pinhole
2.8953428032864053,1252.464889584012,5.35364774674903,0.7123890903439275,8,Particle_Defect
0.14788212326156946,778.5234588737501,6.4368760695569325,0.9382228561513051,10,Clean_Die
0.1319009562466764,958.5398689699898,5.7401393251930894,0.8887269351956059,7,Clean_Die
4.588141068834513,931.5092850314954,5.284179656329744,0.6497448775033775,3,Particle_Defect
2.068062329529985,1018.4249971913067,4.280183772306332,0.6066679358736569,11,Particle_Defect
3.6432698730804924,1176.712835412414,5.556215389628979,0.6142649184389569,2,Particle_Defect
0.3636312029253719,4378.059854907275,2.454381474466782,0.6812437629052882,2,Gate_Oxide_Trap
0.11495909597520641,783.9563982637083,6.337066587307888,0.9525975371561491,4,Clean_Die
0.07232472128863968,747.7749658667483,6.118204237036367,0.9274668344760606,9,Clean_Die
0.9949530610904685,194.00746372321697,5.2185125108945085,0.5999408498554298,6,Via_Open
0.05,4733.82144971205,2.3192263571694225,0.5028528055690362,8,Gate_Oxide_Trap
0.4583658841801177,2275.7648215475706,3.5646514759379744,0.6774810558328425,8,Oxide_Pinhole
0.14687151426260703,902.4556559799888,6.27447937216776,0.9176267584487354,1,Clean_Die
0.059078513442368946,684.160902410282,6.850724599657429,0.8604919647143279,5,Clean_Die
3.166281835012675,1133.5637612991602,4.940838408393026,0.8262022221548213,11,Particle_Defect
0.2522118658604339,2090.5941393777584,3.203312894139929,0.8095354643467132,7,Oxide_Pinhole
0.10386309135451183,822.3316925398096,6.456088689761724,0.8395661287002221,1,Clean_Die
0.19681374883324745,4362.43751687431,3.201873078186387,0.5781490194052947,6,Gate_Oxide_Trap
0.1641353696158348,898.1310698448416,6.431659697448881,0.9613972312408261,2,Clean_Die
0.11899127474631119,668.4430653798343,7.714086565411482,0.9665933388606038,11,Clean_Die
0.05858765562051831,659.8286736297734,7.1539212215830235,0.9723840338797516,4,Clean_Die
0.24488834757283584,5091.459668515786,3.116204290915461,0.5886978900430793,2,Gate_Oxide_Trap
3.3668284309573058,1168.064671451886,3.5465521654319896,0.6483408169891206,7,Particle_Defect
0.15057206983443988,814.0065734413577,7.5857351420372465,0.9053074367422765,4,Clean_Die
0.6623392226082314,212.56203172943844,5.951827628834799,0.5092633958157327,3,Via_Open
0.8021102692350582,7735.705784461197,1.7120559364186223,0.36520680350309315,5,Metal_Short
0.23837846187679623,801.3094789804534,6.650867517586979,0.9121813383510174,2,Clean_Die
5.0452395953122675,1012.4758707937724,4.52304600826879,0.7519392379209404,4,Particle_Defect
0.07966667310546993,636.5441225315473,6.619437164917146,0.9201147437400843,11,Clean_Die
0.07548411093051019,813.1614763845514,5.434483241422494,0.8445922435410353,9,Clean_Die
0.3087596380312524,2228.498298106608,2.6891773429193706,1.0,11,Oxide_Pinhole
0.12121554167925083,696.1773380913621,6.859444893720821,0.9274245975236827,6,Clean_Die
0.14892278812370857,780.8033064333275,6.872767749515568,0.939504000624897,4,Clean_Die
0.1534637435227055,914.7588758467145,6.695211560433568,0.9528000777910735,4,Clean_Die
2.5694683436543917,1006.5834939630606,5.80440622717713,0.6277415060869252,10,Particle_Defect
0.09836637368209745,5243.869946610919,2.065888484465748,0.5429073695868241,10,Gate_Oxide_Trap
0.05,4980.766080838806,2.5512976826875953,0.4351543005945263,1,Gate_Oxide_Trap
0.8637498851827028,163.52186540187373,4.744893743557902,0.6316972427896765,11,Via_Open
1.0819383048219922,172.20515034304665,5.727989367274916,0.5934413646832912,5,Via_Open
1.028014557656491,216.18372904658668,5.126652487628037,0.5723934176955315,3,Via_Open
1.1099989111766522,182.63464684177325,5.187759311975779,0.6571225068403032,10,Via_Open
0.09872378872734859,856.6016876690104,6.432425522977399,0.8831343371426112,7,Clean_Die
0.061282849373154424,642.711718374354,6.283317101309464,0.865579324191579,1,Clean_Die
3.8415643777828112,984.1136805912281,3.5148903783092353,0.5877817034287028,4,Particle_Defect
3.851073215542864,1367.8092217786648,4.888702360401927,0.6418733479764691,5,Particle_Defect
0.13618324291649947,2017.5027458991626,3.812615640038201,0.5807828895850973,5,Oxide_Pinhole
0.3438505510813582,2380.6914948034782,3.4158442306617443,0.7967790053066721,1,Oxide_Pinhole
0.2315520351131397,4478.345200773974,2.918879553354489,0.5379513686641222,8,Gate_Oxide_Trap
0.06460354050228528,1059.7708795168783,6.419820517843993,0.8653513672015882,5,Clean_Die
0.18480216393210835,2078.9871458826146,3.8187960948535555,0.7220961133659503,6,Oxide_Pinhole
0.05,792.3820560232858,6.546900020155451,0.8811870389595448,6,Clean_Die
0.13613929550660764,2299.7624735810004,3.0361498982785986,0.6872437369476108,3,Oxide_Pinhole
0.800299740386374,9692.140648142387,2.0176000284666635,0.6567365455542951,10,Metal_Short
0.17157888527662676,2236.2716076661154,3.3144297873659925,0.7279272500331432,9,Oxide_Pinhole
0.07756351814292793,672.9107939560159,6.0542287603018785,0.959972982493918,3,Clean_Die
0.18559416774668797,4131.632564713261,2.635350402597924,0.6943389914993074,2,Gate_Oxide_Trap
3.3900470497402253,832.9158192047308,5.4587331547027365,0.7109835884494352,8,Particle_Defect
0.2636751317489751,1941.0179159641327,2.6663087539025034,0.7843280131648005,10,Oxide_Pinhole
3.9092988688573413,1789.950749732804,5.572781077038613,0.508986538961407,6,Particle_Defect
0.23479657588787636,4445.049638023943,2.296193015581559,0.41658346920137007,4,Gate_Oxide_Trap
2.8062661631137926,1309.0915599703383,5.472246315925445,0.8710686323223087,11,Particle_Defect
1.185929031082949,62.3148585703553,5.614520534757107,0.5974474087784833,3,Via_Open
1.878228433636583,8589.270324993844,1.700989030981417,0.4076549051012011,8,Metal_Short
2.0061190079156543,9065.726028833307,1.5796539466373163,0.3545458483969248,3,Metal_Short
0.07699793370649685,868.071716055646,6.825043899996754,0.9090660250280169,9,Clean_Die
0.21337102951747383,4703.364040498412,2.322653386038567,0.5546182266076026,8,Gate_Oxide_Trap
0.49956323987523943,155.67965438642852,5.445709179118058,0.6337025350600791,7,Via_Open
0.7181952446461619,164.36608415371236,6.119982054968192,0.5558408371001202,11,Via_Open
0.08318233241583606,600.8600873464202,6.482182461596319,0.905018675119958,3,Clean_Die
0.07977298643331204,720.6899417466976,6.942528644456525,0.967568238523736,9,Clean_Die
0.050435861657907546,815.0802356124005,6.6192252930177,0.8984329589258199,1,Clean_Die
1.0618814466800797,173.29589942143144,5.5285232668602395,0.7987388837584557,5,Via_Open
0.16337658323877152,735.3105862360245,6.483881352739274,0.9428998799933069,8,Clean_Die
0.1499785190333256,4435.971648380799,2.1959959550627,0.5302451163638164,1,Gate_Oxide_Trap
0.05,826.1284958192664,5.899860587946976,0.938415720067946,9,Clean_Die
0.2631332102669081,1912.0430737185943,2.854148013333869,0.8752883751379973,11,Oxide_Pinhole
0.05,857.3547468384759,6.436838209693997,0.9398319652053777,5,Clean_Die
0.112972419925853,891.7260493625519,7.395415586746059,0.9380811126986575,6,Clean_Die
4.388698388378826,988.1985086505188,3.6066426016006004,0.6503738778413763,4,Particle_Defect
0.09496417940294859,875.3316479098157,6.622674038401937,0.9265398285220374,10,Clean_Die
2.7854537615345265,1224.0206446144757,3.9385608977792255,0.6486613946908275,9,Particle_Defect
0.12732303628434585,921.9437928322615,5.888212214009615,0.9365182079427199,8,Clean_Die
0.054746905793471294,817.6917026221649,6.630386239066749,0.9270333011571538,9,Clean_Die
0.07547034445619924,884.7489682822388,6.5401135152385494,0.8931867794276118,3,Clean_Die
0.2889232045461997,2605.6113327991466,3.395957493794012,0.7023143361885572,1,Oxide_Pinhole
0.3539849815531826,1934.4875663077478,3.5343752561826465,0.7167112880246866,6,Oxide_Pinhole
0.27357979528079956,1912.3208770593724,3.03658868878472,0.5517999799689931,8,Oxide_Pinhole
0.10315195987114265,836.662761948971,6.669278907518401,0.9149497050703793,11,Clean_Die
0.3972163666968464,1937.4617831119062,3.213180053096692,0.675687733385715,6,Oxide_Pinhole
0.13423614492107358,884.0131376956406,6.629097482329963,0.8785159599266228,11,Clean_Die
0.10557484356414458,947.4474046343382,6.143184613312611,0.9335825382708259,10,Clean_Die
0.19645195276447872,4924.114240905622,2.906509616984556,0.5619125474395331,5,Gate_Oxide_Trap
3.4463080740312644,1283.3603295761097,5.2502398538963275,0.5851691116179256,4,Particle_Defect
2.993558335775308,805.3544531403321,4.177852055390287,0.5193924299847534,3,Particle_Defect
3.77735433900611,1053.3940160513328,4.864965579417116,0.7391587789640419,7,Particle_Defect
2.651689956511742,1772.8805649293204,5.465456955683978,0.7560566873380672,8,Particle_Defect
0.13789962549242224,849.0857249214773,6.5204592499939675,0.9202391329216368,5,Clean_Die
0.3172602840849058,4660.499705767569,2.3541394029874376,0.5892140217472717,10,Gate_Oxide_Trap
0.9531585412967549,187.22276839515712,4.860896296843447,0.5296278363885171,3,Via_Open
2.0920529759527886,914.5689447556813,6.109499897830372,0.48856249789363376,1,Particle_Defect
0.05,677.4357009337152,6.820958444168534,0.8562734403654677,10,Clean_Die
0.4199017584941471,2037.2399139446964,3.1460530851197457,0.7962279526266921,9,Oxide_Pinhole
4.252781958891657,1034.7162384709713,4.192341799553259,0.5580540542583786,3,Particle_Defect
1.7911997053324646,9206.832109036364,1.7395579699746389,0.6099036506372573,3,Metal_Short
0.4962833395526539,140.72353036147618,5.576019590822921,0.6306388287898024,1,Via_Open
0.2290940862582389,2311.0783458997125,3.616897313089267,0.8659998503107567,3,Oxide_Pinhole
3.258096986297056,1228.0918532785029,4.848923008725155,0.6348564393474012,8,Particle_Defect
0.05705509310366955,730.1496422765742,6.240603347994106,0.9557243952805753,10,Clean_Die
0.10380970190020027,865.6029361046045,6.230536609603418,0.9530598382450127,10,Clean_Die
1.7967314146621054,9057.925955017234,1.9005889817315522,0.4433279421714433,10,Metal_Short
0.3020763086589214,1820.841223626645,2.817561700339865,0.657053635153646,10,Oxide_Pinhole
0.3314117218163511,198.73930186614075,5.756700400194752,0.5209180314085858,10,Via_Open
4.129861897339288,1319.3631796524276,6.119569237132021,0.5591150999301049,1,Particle_Defect
0.17563014358245183,813.9124318417742,6.655976015521727,0.9221687837006527,8,Clean_Die
2.7548147255258346,1242.0570414930207,5.641710858223198,0.6333026654538114,6,Particle_Defect
0.07446041237715942,785.4028383433563,6.619327678301129,0.9448194553066936,5,Clean_Die
0.11204497656269397,839.3323201520495,6.143895641803863,0.9304078959319888,9,Clean_Die
0.17197825860739446,811.2207525771476,6.95375479168481,0.899269090915512,5,Clean_Die
2.772604813842053,1484.4647014475431,4.033230382399188,0.6173649675412465,11,Particle_Defect
0.05,755.6311025752286,6.812881332961963,0.9224184416977321,5,Clean_Die
0.21787824386412713,5038.612385843381,1.8200664126721815,0.5467725200692557,6,Gate_Oxide_Trap
0.11364975063659463,843.5726952492871,6.249980717324268,0.9280464623667938,2,Clean_Die
0.7807247823760952,228.9985581292376,6.1294664487745045,0.5055557668890455,6,Via_Open
0.22946834621345266,1656.0175450543725,3.6797498045205486,0.7690791895484027,1,Oxide_Pinhole
3.2632844659037232,1245.0781845069453,5.091747325270006,0.7499683481864516,6,Particle_Defect
0.08754520247560867,697.0385293056318,7.0326881808582185,0.8724175231355054,11,Clean_Die
2.2320944904577176,1010.0266894837919,5.003453171843197,0.6650379180598218,4,Particle_Defect
0.1428060412948987,826.5550552643662,6.5916575494691605,0.8349679588370806,11,Clean_Die
0.9129489472826942,124.426098374069,6.571682813958543,0.5005825123426627,9,Via_Open
0.10422746221672015,4653.374707012787,2.5151592192312826,0.5251606285692146,3,Gate_Oxide_Trap
0.28568565607772767,2044.9119362976608,2.402129641475788,0.7871396983359786,2,Oxide_Pinhole
2.5949683969121287,1714.6002500416362,4.842860613354043,0.7668449022785682,4,Particle_Defect
0.09222192149788416,819.319417563922,6.298588783452844,0.8789609134769758,8,Clean_Die
0.10544830559992958,3982.7312780322563,2.6406547773898086,0.5503183019454607,3,Gate_Oxide_Trap
0.296316726896275,4647.721899800729,2.660954842903312,0.4901369818953555,6,Gate_Oxide_Trap
0.5339515985166262,50.0,5.680845183355513,0.5688362431518845,2,Via_Open
0.10397572946112321,794.3685020487749,6.394091749543969,0.9516708032878616,11,Clean_Die
0.2709423709222027,2096.1942811835697,3.790216887579262,0.7570152171040407,6,Oxide_Pinhole
0.25039085351405765,2071.9016403289893,3.9155816274331356,0.8069194750380013,9,Oxide_Pinhole
3.2802205167320015,1212.0164515718811,6.062148311865373,0.6953988701882801,7,Particle_Defect
0.14094538282367808,4480.192691660217,3.7233957849197648,0.5790431086578107,2,Gate_Oxide_Trap
0.26309795491330873,3951.4229402841856,3.823483493655421,0.4645742463125119,7,Gate_Oxide_Trap
0.15189313351010808,682.4737808780475,6.068983807021595,0.9517764363815817,7,Clean_Die
0.9742919877784862,134.53947009584382,4.913332711385206,0.5716968051302865,9,Via_Open
0.19344855552429266,1764.0397926237615,2.192678974874407,0.7221809896559621,11,Oxide_Pinhole
0.09723171630639765,828.2985301315824,6.769869972144841,0.9725586735616194,1,Clean_Die
1.1038064500286366,8662.758857945506,1.4685661140710051,0.4458369547369346,8,Metal_Short
1.9492194996507033,8193.099157867862,1.3847994242094022,0.3918968935637446,2,Metal_Short
0.2845614410598895,2371.546344899002,3.2511919021232494,0.6780580479845966,11,Oxide_Pinhole
3.573251939240742,1679.7474639942811,4.3967317396000505,0.6753962167334631,7,Particle_Defect
0.36051618446704264,2564.5673822984286,2.953343003607327,0.714686962093577,10,Oxide_Pinhole
0.08122440799549491,700.5701740044462,7.068595512513451,0.9355815053491046,5,Clean_Die
0.05,4440.662690853837,2.401641093805651,0.40686015717085044,8,Gate_Oxide_Trap
0.06120046447593245,866.7432489785276,7.006784741709795,0.9201173996090005,6,Clean_Die
1.403108275242546,8093.4877517262275,2.456764558561461,0.5574705721571409,2,Metal_Short
3.092859876035277,1227.3181314766955,5.700315420512238,0.47101512375448573,5,Particle_Defect
0.750341569800413,114.00438928257054,6.284423113294751,0.4698166867306826,9,Via_Open
0.971667784467995,162.93973259960268,6.34124346301095,0.5461671586057334,3,Via_Open
0.19476351033313716,718.4338991733903,6.334578080771132,0.9079528511257291,2,Clean_Die
1.8364886698950942,9953.644644537098,1.6669047516859183,0.6362167586223039,4,Metal_Short
0.15136617277578557,5250.01123953575,2.4688519241753397,0.44625052627015793,8,Gate_Oxide_Trap
2.0437645015336745,7898.5587087404865,2.2783708873938155,0.40887464472254864,2,Metal_Short
0.3820968079117907,2220.9253743371823,2.8781065603736895,0.5777754670690463,10,Oxide_Pinhole
0.14354085806856276,1014.2755065377467,7.126382367949075,0.9260620049211155,10,Clean_Die
0.9682074235741677,104.5064972132545,4.638734746903621,0.5252020417444556,8,Via_Open
0.3528635016238209,1652.6028046597153,3.5191588683978656,0.7522862627698572,9,Oxide_Pinhole
3.588433219745519,978.8222853107957,5.2893207492981,0.7624246140842409,4,Particle_Defect
1.2598379820023924,1349.759116563869,4.882414573932699,0.6158958755150263,10,Particle_Defect
0.8456775887141044,129.5148105587642,4.3855132986355905,0.4852137929939959,6,Via_Open
0.18915239553424407,886.151514004395,6.638527970237669,0.9404021162711828,11,Clean_Die
0.05270331667525768,686.8076939466451,6.675315444866653,0.9692874634732627,9,Clean_Die
0.2812613497682345,1670.1197160083425,3.398148473139373,0.7103734744986099,7,Oxide_Pinhole
1.2808430208940917,10111.532886805211,2.740514189819571,0.441751118098472,10,Metal_Short
0.12176821955182143,4301.291156669712,2.725873780050304,0.44390478493582414,11,Gate_Oxide_Trap
0.06489000544721152,2277.7684409371086,3.497447798386304,0.6861885583382882,7,Oxide_Pinhole
3.337358695413229,1304.8776347983346,4.904853134899392,0.7874804621812268,9,Particle_Defect
4.054546916262613,1118.4306610711872,5.066918600772758,0.6865573921883005,8,Particle_Defect
0.4885454698581,2185.5741405310146,3.42695210639354,0.7195068895470554,1,Oxide_Pinhole
0.13062495052592735,959.5851726676441,5.882437663689922,0.9714243692518936,3,Clean_Die
0.2807415055541832,4277.039587458341,1.4763473172474229,0.4481887380001493,3,Gate_Oxide_Trap
0.17357966600449493,725.9852070212103,7.355833492313651,0.9346631460694931,4,Clean_Die
0.21546872452237997,4302.5630151000605,1.9247088396048686,0.6342097024923946,9,Gate_Oxide_Trap
4.288951722639211,1186.97004054288,5.173570048030246,0.785613349495194,10,Particle_Defect
0.10841389385238345,666.6709373961821,6.266420974068769,0.9845563651372056,5,Clean_Die
0.13750297168581418,844.3025678639096,6.828856959248502,0.924459377892171,11,Clean_Die
0.22622668771747684,1902.969492722597,3.438826284820232,0.6926395972657975,4,Oxide_Pinhole
0.05,707.7873433167691,6.664829865661973,0.8752534225501454,4,Clean_Die
0.9386110014340807,116.44919516731161,4.002068441568066,0.6859048436818433,8,Via_Open
4.511122278621451,1170.792008860157,4.096548480375486,0.7312913777314346,9,Particle_Defect
0.33777625605118294,1601.4747925416618,4.15673391069131,0.6703424497979366,11,Oxide_Pinhole
0.2082163124994982,5228.9141079194005,2.3778123092852526,0.5196210856626989,10,Gate_Oxide_Trap
0.2771546682096644,2141.3138231788253,3.1512403313096122,0.7145227334771206,4,Oxide_Pinhole
0.28999258731391486,2582.4508489682526,3.3509662118488475,0.5737346553096575,4,Oxide_Pinhole
0.13551381216703878,4738.7528229554955,3.039106632253815,0.5356478065388534,5,Gate_Oxide_Trap
0.3556781280354551,78.95331717280365,5.171873942893244,0.48342352843296776,1,Via_Open
0.09545676673864979,3954.0332446009584,2.6530365680486914,0.630448139389607,5,Gate_Oxide_Trap
0.5918327873724727,220.91169659150466,5.54617119834717,0.6789345508172548,11,Via_Open
0.5533230956038167,132.9488800677542,5.252358641122015,0.599082022774607,6,Via_Open
0.22377821832222267,1648.2854859687632,2.9526775734294084,0.7897829281001639,5,Oxide_Pinhole
0.6343831552218584,156.90841363677072,5.934583071367614,0.6954083193129147,10,Via_Open
0.11300441525716717,2584.2593814806746,3.755421052756617,0.7067010046013353,11,Oxide_Pinhole
0.3626773875775309,2422.952527598325,3.5691465455523037,0.8286939481132349,9,Oxide_Pinhole
0.05,759.5303475231813,6.2082942140606505,0.920167622856903,7,Clean_Die
0.11982564540362829,715.9958773720418,6.44177230582189,0.8212947012773558,10,Clean_Die
3.621334556319528,1140.3763921808397,5.109339958064081,0.627245247766838,2,Particle_Defect
0.23792313552838582,2170.442279713499,3.569882434837747,0.6430571633184422,7,Oxide_Pinhole
0.16009424344732348,4798.142506810955,2.206000092251123,0.42112386037790217,1,Gate_Oxide_Trap
0.17890542034264703,5301.831471656924,2.757968470775315,0.604192690218073,3,Gate_Oxide_Trap
3.933712814430935,1347.5237164793484,3.7235810419333046,0.6624010276568773,2,Particle_Defect
2.3608241315304275,1085.9574547866036,4.69942712581199,0.5185406462453634,10,Particle_Defect
0.3042148576741448,2355.0805755084457,3.120593750710953,0.7172929300817321,1,Oxide_Pinhole
1.3946517830118363,7822.045820858786,2.1920618330317483,0.4859541112597796,4,Metal_Short
0.3812666418760917,3608.803462519712,2.4250205987601805,0.3649866747975978,1,Gate_Oxide_Trap
0.16061255434394994,4151.722342438815,2.2735526488575974,0.7745628467089738,11,Gate_Oxide_Trap
0.31340576057162933,5163.140493050199,2.596140178614525,0.5901483331552074,1,Gate_Oxide_Trap
0.06462530052081175,846.1041963180203,6.227006402618422,0.9458730950690318,8,Clean_Die
0.20886947004961742,2421.3285692063564,3.175052249848941,0.7392982015838532,10,Oxide_Pinhole
0.44926847062456543,2481.9347693137042,2.9242583492816596,0.7080421484356942,10,Oxide_Pinhole
0.05,760.4388045428533,7.19544465153698,0.8892291240709576,1,Clean_Die
0.8260647413264204,125.59437016237534,5.734999560131257,0.5295125135785212,10,Via_Open
0.8479965934090721,125.99554453890377,5.1849189588443245,0.4425307966113796,8,Via_Open
1.9649912164644383,8125.359692652846,1.5003059764660995,0.6333297307287207,4,Metal_Short
0.05,839.2491978089404,7.388026886187727,0.9058481122858951,5,Clean_Die
1.3959547673182016,7426.091074524962,1.8728335063852495,0.38623944010144773,1,Metal_Short
0.29427565095527897,4526.23982112172,2.3137384820319387,0.705861504200926,10,Gate_Oxide_Trap
0.32353726240403785,3674.7273087210547,3.0594852860060833,0.39129112018755496,8,Gate_Oxide_Trap
1.2794217420200953,1066.8539266094112,5.710276308123847,0.6535222441018544,6,Particle_Defect
0.1227561390505533,740.9993801843046,7.784180278782313,0.9589884345999549,7,Clean_Die
0.08564773079485838,898.864040177554,5.974749487213053,0.9450187435165144,2,Clean_Die
0.17439973238673698,746.7295056626454,5.926612811154213,0.9183468202047773,5,Clean_Die
0.1654600270793593,3945.7514919758537,3.1335817509491832,0.5368986848402564,2,Gate_Oxide_Trap
0.05,927.3952121410227,5.723481046145752,0.9455599536650123,7,Clean_Die
1.9290036554101235,1333.427726451254,4.53416432091751,0.5568442861678008,4,Particle_Defect
0.5173347350185071,72.70229763303789,6.101761113848149,0.7074864231270045,3,Via_Open
0.05,4494.949242718369,2.5481994053640236,0.6682435071934735,10,Gate_Oxide_Trap
0.8055691401983969,221.8463057600527,6.721241088332974,0.5251726191627256,8,Via_Open
0.17128415995735238,673.9069147461715,6.842106130081152,0.840508187298978,9,Clean_Die
0.24482916641287342,5642.743530147047,2.032420359031506,0.5555984239563273,2,Gate_Oxide_Trap
0.13356330555171092,723.8770684395922,6.293416398717701,0.9390305312069485,3,Clean_Die
2.446337750187061,1275.5122134569265,3.7041029037552597,0.7921863437188308,3,Particle_Defect
3.1402128894459937,1233.7198371947218,4.427560868875241,0.6763477550712236,11,Particle_Defect
0.3213967926874864,4698.485826667508,3.429349991008712,0.40765907590196626,1,Gate_Oxide_Trap
1.1550210595095531,6871.405987583765,2.152177033527871,0.6496457353506262,2,Metal_Short
0.15164215658176927,688.0585877814008,6.455293027930602,0.8845469578464771,3,Clean_Die
0.08261473587634512,857.2767281688767,6.408703716866088,0.9334707141141926,10,Clean_Die
0.08220265668904676,642.493555695568,6.444260415532999,0.9777048328388553,7,Clean_Die
0.9093116774847217,223.24509768020073,5.57573147313881,0.699899282894824,11,Via_Open
0.9597641579561916,164.06505990918495,6.394320221735014,0.6524321019924405,6,Via_Open
1.284556936980773,8672.593003506121,2.090773256167652,0.47349081054964043,11,Metal_Short
0.18862025342847544,704.2107032224218,6.384994452572833,0.9367504380825702,9,Clean_Die
0.07933207580725336,835.9272416996448,5.7409222522718455,0.921839397636173,9,Clean_Die
0.19696888936712453,876.9269981927492,6.240169655809092,0.8824847400013031,9,Clean_Die
3.5628391122369174,1280.4028284989947,4.784381272019752,0.6055977144821045,6,Particle_Defect
0.23625256924033444,2011.0796431708654,2.8996314517977035,0.7854068998226186,8,Oxide_Pinhole
1.072844220662931,142.0107580785529,4.458177793466328,0.6414277032193487,2,Via_Open
1.6562433771087735,8974.285160870144,1.848816537243613,0.4944299176458821,9,Metal_Short
0.3379403352430314,2923.959513659819,3.2103916682638367,0.7645759890950224,6,Oxide_Pinhole
0.05,930.256797321983,7.263544956689131,0.982273065370625,6,Clean_Die
1.311539071431308,7898.985942241452,2.0672524056666175,0.5158080756660285,4,Metal_Short
0.15446191989827177,4246.979950608638,2.9091427191452137,0.42829230545557234,3,Gate_Oxide_Trap
0.10487575185877007,726.6824753671649,6.679789762967157,0.9572378053508088,4,Clean_Die
0.09890316977992676,924.7018464924231,6.601429170529571,0.9060832707196108,2,Clean_Die
0.6549144527416236,120.37353519434562,5.525328411590638,0.6153307162283421,4,Via_Open
1.698743379288901,9799.012006471046,1.1003816377485385,0.5033718824281123,11,Metal_Short
0.31899869842661016,1439.9125727617493,2.7606197839177287,0.6819037431781447,2,Oxide_Pinhole
0.2604380068399098,4654.0300768745,2.4823470472090388,0.841110177276694,1,Gate_Oxide_Trap
1.6188074887092863,9433.034700355684,1.61565387493076,0.5412362739057897,11,Metal_Short
3.1951004732366344,1137.4702391132628,4.792773821441911,0.681361899099995,10,Particle_Defect
2.391566587046748,1150.7568972555644,5.40753004311019,0.704989981891906,2,Particle_Defect
0.23737320500771802,1903.7937701481735,2.514211715943722,0.815868843024175,9,Oxide_Pinhole
0.08030854706156162,2765.270447127685,3.7976767500370348,0.7755307992533297,2,Oxide_Pinhole
0.08701511782524485,687.8036394302205,6.679578839850302,0.9530753590159011,11,Clean_Die
0.132892072354712,4458.045024219405,2.573665752945603,0.6923810707688659,5,Gate_Oxide_Trap
0.25970450946753143,4851.48385670223,2.6006523499648875,0.5819098240036938,8,Gate_Oxide_Trap
0.058803228579928896,4542.5137480778985,2.836489365053114,0.6036777667460227,11,Gate_Oxide_Trap
0.21380752894868685,3857.204647049104,1.8082969953115833,0.5497109041964884,10,Gate_Oxide_Trap
0.1824326911608402,708.5597053113138,6.199937889753665,0.9298842182928062,9,Clean_Die
1.7009538285018087,1250.3909055784027,3.6758625165163705,0.48079013239286633,4,Particle_Defect
1.330184007524442,7903.544545568401,1.920115073241552,0.4894994478598251,3,Metal_Short
0.7569939254784703,131.65479178643264,5.710066389590232,0.5567656710874191,8,Via_Open
0.05,904.1879446359939,6.587831551711832,0.9158577159800951,2,Clean_Die
3.9498634269612403,1004.2561665385158,4.926623075397817,0.6941631095054309,10,Particle_Defect
0.15799451165904674,3796.0184355032316,2.8322963644084047,0.3605107355794034,11,Gate_Oxide_Trap
1.5322128486870876,9306.640317416292,2.270567440210761,0.36563182167295527,10,Metal_Short
1.766686192372729,8849.964167937895,2.2344524486956234,0.35028419084479,1,Metal_Short
1.9797269378097064,1246.911742520508,5.61692250499666,0.548156404244011,9,Particle_Defect
0.10412099672895077,823.982833217521,6.5073641870773065,0.9207342250747015,1,Clean_Die
0.15100391051665157,894.386785957759,6.83666744038545,0.9378953116198874,8,Clean_Die
1.7747893529485061,7418.143947988186,1.6210113768190435,0.499204013280791,3,Metal_Short
0.22853773000865352,3404.3824031711274,2.3035108621476397,0.39543883290242526,8,Gate_Oxide_Trap
0.3999143945686303,2105.044330974857,3.1312701727579113,0.8105550760049904,3,Oxide_Pinhole
2.027505770507437,9752.3255931737,1.9257780302571514,0.6395412476850384,5,Metal_Short
3.4738187810288728,1380.3538314053717,3.303433692405558,0.8359806034480369,3,Particle_Defect
0.15576298987241136,856.467271427683,6.133741009486262,0.9366495720701435,4,Clean_Die
0.691064988045497,123.86366122083227,6.160742208019392,0.5503877618161953,10,Via_Open
0.2751503545361863,4989.012136954457,2.5752118862549156,0.48911278258374474,10,Gate_Oxide_Trap
4.071222162938024,1336.14360834814,4.950332925048097,0.5367130207586805,3,Particle_Defect
0.6358054179259838,148.9070244720615,5.7081151911890835,0.6747814930285512,4,Via_Open
2.116141264396441,7712.7091736704515,1.9573048523131118,0.35104884170310063,8,Metal_Short
0.05,930.5341553270146,6.945329591788901,0.9843300212593675,8,Clean_Die
0.13213380603758443,779.3287634793462,6.7633091809643044,0.9395011947713273,1,Clean_Die
0.06401614181890738,823.4036317082837,5.9390008693296235,0.9600267838734018,8,Clean_Die
1.0880399320988052,8113.64555913687,1.7924396174999087,0.44106106944415585,6,Metal_Short
0.15375785171838707,806.4616287861222,5.089505737887363,0.9089782090542265,1,Clean_Die
3.751251374707183,1063.13451303305,4.975869264849216,0.6176904867121823,1,Particle_Defect
0.47541590419299234,2211.240282126829,3.5451221849608365,0.6288023735710097,11,Oxide_Pinhole
0.9178681773795971,153.96896857349748,6.196007375349326,0.6867339957356594,1,Via_Open
0.28280192828938033,1703.3440818086474,3.415378697027112,0.5260949891850312,6,Oxide_Pinhole
1.2104799825117123,9007.741127905714,1.6953495214347736,0.6551295577604651,2,Metal_Short
0.4267276758292837,2881.9990738458673,3.5957783406139843,0.6743675664419478,10,Oxide_Pinhole
0.12278697750730444,4779.049050630744,2.083946967609758,0.6631459349963074,11,Gate_Oxide_Trap
3.978989202491033,1263.0766621034213,5.149930585299218,0.7706900914989079,2,Particle_Defect
2.4043322008857597,1277.2093784330782,5.088697583191938,0.5053616667006577,8,Particle_Defect
0.05,818.7389545215589,6.096111755775892,0.918360870514625,7,Clean_Die
0.10965555582012006,868.6022068442047,6.514126232497204,0.8831400636838483,1,Clean_Die
0.30269889531707117,1857.612167551986,2.807683779191721,0.6910843301646049,3,Oxide_Pinhole
0.5895132265277926,221.46876292963094,4.496377000759905,0.4903557192698034,6,Via_Open
1.762863847214197,8798.572496437657,2.053732115556238,0.43577468976219996,3,Metal_Short
3.3189048572623787,1413.9914330417516,5.443738553667965,0.7266406929407203,1,Particle_Defect
0.0944664445236938,775.5351788090537,6.4215522614181,0.9081008463322039,5,Clean_Die
0.05,788.4630242153943,7.215343635083576,0.870357266703818,6,Clean_Die
0.23187934697650184,4398.466717523162,3.1282977387179165,0.42063320818952266,2,Gate_Oxide_Trap
0.3862875735705565,2349.4917887394595,3.833170769662629,0.7038333244506007,5,Oxide_Pinhole
0.11850338392338611,798.551389434584,6.0012611473051285,0.9642444796043992,7,Clean_Die
0.2411910396772367,4541.843788513694,1.569022049627549,0.5056235431354718,4,Gate_Oxide_Trap
1.7961406312118535,7540.140151937438,1.5668657280691456,0.4184982158300151,5,Metal_Short
0.5589937040165016,161.36954845566362,4.986057225605307,0.38010953068773157,4,Via_Open
1.7488034399890648,1105.7488433303429,5.686997922633842,0.5774640217220183,3,Particle_Defect
0.17547213645973064,635.5266611112539,6.942655964120256,0.9062518010848422,5,Clean_Die
2.951431390531276,1047.8444923417464,4.643310793739396,0.5546468279333984,1,Particle_Defect
0.30525866113881356,2498.2086574378845,2.7293850384798026,0.5714309694802213,8,Oxide_Pinhole
0.056108096013195066,764.9639245680949,7.686734262442128,0.9083768307568791,8,Clean_Die
0.22345154506867745,689.8073605754545,5.839843702761211,0.8529622864022551,3,Clean_Die
0.11276746601001557,888.3700980711073,7.2405539548079645,0.8481686257216388,3,Clean_Die
0.20793875926073752,3915.1613537992544,2.370027719950703,0.6406775559759658,3,Gate_Oxide_Trap
0.09437689011773204,744.8016519066692,6.3993230112642845,0.9769527460762181,2,Clean_Die
0.10706660087035078,807.2658348068757,6.011345407954941,0.9542848987475029,6,Clean_Die
0.17994557184014046,4525.70864744297,3.028221864305418,0.5231133071092077,9,Gate_Oxide_Trap
0.11611309766293829,669.0825192262869,7.329828263624486,0.9348489137303652,9,Clean_Die
0.24729873756925508,1807.4022973251883,3.651261112816292,0.6766999033269773,10,Oxide_Pinhole
2.9797124929662213,1039.0574261756174,5.280755044826166,0.47760194008126033,6,Particle_Defect
0.16618511658484775,752.0383350495331,6.359653374059623,0.8963448078124118,1,Clean_Die
0.3003957482025631,4999.707216562129,2.124040140633162,0.4616332020447768,10,Gate_Oxide_Trap
0.11006597408799429,670.1383625382367,5.999520743962031,0.9134931553516218,6,Clean_Die
0.13417690795629503,919.0233653878198,7.1613641115709745,0.9300122789034225,9,Clean_Die
3.733713881502289,1272.274315591982,5.230243552219233,0.6518441548193069,7,Particle_Defect
0.15790642597643767,878.2501611946549,7.3117542544565435,0.9412308450552237,5,Clean_Die
0.15229088121156484,839.7499568428419,6.024984594272843,0.9118676229075752,3,Clean_Die
0.23393132690033802,5367.672789138662,1.8400101368497208,0.47944176310478603,10,Gate_Oxide_Trap
0.2392743460623888,690.0546127209279,6.701390276148459,0.9005869328986995,11,Clean_Die
1.1072206819444324,9676.922330076617,1.836351746091727,0.5140617212037698,10,Metal_Short
1.370205151386715,8073.0244094453865,2.1898370280568016,0.41212386222342323,5,Metal_Short
0.283531457776523,4702.145013746967,2.3288820572228563,0.4396355724672999,11,Gate_Oxide_Trap
0.42329918534942146,1934.963057917806,2.9884993285359855,0.7722839482467911,8,Oxide_Pinhole
0.23908492710319124,3976.48168963335,2.169588905054593,0.3928180819484638,8,Gate_Oxide_Trap
0.7674493486356241,164.24918302644213,5.310959852358651,0.5445492547560389,6,Via_Open
0.1886831506818714,2374.0936634774093,2.500936977873016,0.7661595614272128,11,Oxide_Pinhole
2.6799170732688937,834.1890615633152,4.336172639950559,0.781811057969082,6,Particle_Defect
0.13263882161437854,835.9108214252633,6.74182628007228,0.8982349352528671,7,Clean_Die
0.08794005362897361,693.9916489277174,6.43563240687804,0.8992270863226127,3,Clean_Die
0.06357732222480592,673.2196367497718,6.682422987901834,0.8929087997183012,2,Clean_Die
1.1690159413319892,8320.309343203462,1.7676167922298343,0.3675182632115827,11,Metal_Short
0.39097691325020745,2198.61868720591,2.937330565682966,0.6627378497346287,10,Oxide_Pinhole
0.05,687.9573728149949,7.1304692533338105,0.9676546797106056,8,Clean_Die
1.8801699510238619,9139.252639801847,1.1022713257332337,0.6304654920289094,5,Metal_Short
0.14321229752158463,2505.4570798827867,2.915668289093089,0.6492434558002306,2,Oxide_Pinhole
0.4523769813709284,2125.097677904218,3.166402081095903,0.7460762246932467,4,Oxide_Pinhole
2.1248495516939045,7554.62599051781,1.593871671990374,0.270724670484237,8,Metal_Short
0.10980896274691779,730.3171400757861,5.59555463793092,0.9399562305220924,4,Clean_Die
0.455758504430475,2340.570546932015,3.469644048165883,0.7426142061717128,4,Oxide_Pinhole
0.06621881715178254,710.9510949944163,6.778179166756615,0.9441311355336446,6,Clean_Die
0.44526173891675286,211.85168060167734,4.647264836257158,0.6486498306677093,1,Via_Open
4.418238185395342,1357.3362500867859,5.6786538563640665,0.7607316480734737,6,Particle_Defect
1.4694086263427664,9230.621545152202,1.92627749384737,0.41558973037212493,10,Metal_Short
0.317560347432819,2113.2258854589904,3.57602634718281,0.763899220352127,7,Oxide_Pinhole
0.16766821179767027,860.3512837324566,6.00548457692609,0.9550736547304504,5,Clean_Die
0.1349330823496364,860.761131809374,6.794046980927674,0.8778842093936614,3,Clean_Die
2.0361098900556485,8552.138780684058,1.522457662842582,0.5026052689604771,10,Metal_Short
0.18317073451742003,671.2179311811061,6.846063089398978,0.8817444088817009,10,Clean_Die
0.2604055800513129,2083.004457398705,3.3545596360335437,0.6501740873474624,7,Oxide_Pinhole
2.971704073726691,1388.9968570025353,5.082806183991578,0.5148688053235286,2,Particle_Defect
0.058196092803232895,639.8763641663114,5.9380745000378115,0.9558137811468761,9,Clean_Die
0.953602596015179,1516.0649961266054,5.071836118722136,0.5113325197808615,5,Particle_Defect
0.27048639418142156,1899.5071546101385,3.0966340372599284,0.7880061620306656,10,Oxide_Pinhole
0.5484190772692683,188.4435119424149,5.283543429810469,0.5615932356199771,10,Via_Open
0.0809647061551508,769.2804672953193,6.87493892508435,0.9877808340969315,2,Clean_Die
0.05,721.904012860236,6.926560742929908,0.9680223981029457,3,Clean_Die
0.32424443224701405,2348.102601556444,3.2660274393689885,0.6667945418552894,4,Oxide_Pinhole
0.11786479337176176,648.3966627676289,6.480338266864099,1.0,2,Clean_Die
0.129142652950593,859.5616624765642,5.9667305271370426,0.8986344542747126,8,Clean_Die
2.958489106868008,1110.7476808491012,5.480480289744895,0.6119278334049377,5,Particle_Defect
0.1372530174398414,924.3669262668964,6.690794897726251,0.9138257001503616,3,Clean_Die
2.13212019894009,1285.3629001663535,3.815125704151384,0.6849678018247936,2,Particle_Defect
3.6297861356660657,899.9886040030493,4.5704218478434,0.6622951966819365,2,Particle_Defect
0.36489788263525214,2337.1426350199285,3.2103680148947333,0.7362619139846515,8,Oxide_Pinhole
0.2872654724280349,4527.125722454547,2.286421949235643,0.6054503920983552,2,Gate_Oxide_Trap
0.07437735371741198,774.0995824779316,7.4445928409850985,0.9524575293762418,9,Clean_Die
0.9251976226275153,131.81848134499594,4.3979273522513935,0.6686923675987545,7,Via_Open
1.0682909127689675,8651.67565401311,2.0190388671173856,0.38078951670713646,2,Metal_Short
0.0884116679251712,842.9999238902168,6.462232752216275,0.9458400643256962,6,Clean_Die
0.12000812912113812,736.4793777563418,7.135559839716707,0.9515877463799065,3,Clean_Die
0.22851415526256674,2329.5718189533627,3.397422547509752,0.6661935588768324,11,Oxide_Pinhole
0.27116059130956216,4444.108510056453,2.0726244773932114,0.7115552003918603,11,Gate_Oxide_Trap
2.0363992247674174,1195.0825190982318,5.902569557395952,0.40438152000781535,8,Particle_Defect
0.07479396838641303,645.4372046337627,6.306839171869427,0.8688020655929787,1,Clean_Die
0.09371053351818974,677.9706892728659,6.587085963180519,0.8366918151476505,9,Clean_Die
3.1383994568865394,1129.0253357913437,4.078732726628639,0.5802097509297038,4,Particle_Defect
1.0478401754327193,9631.25995168296,2.2176746515582835,0.5002745052697725,7,Metal_Short
0.3052047410744665,4296.132229143828,2.5786731311148503,0.4972309251102716,6,Gate_Oxide_Trap
0.05,713.078732586454,6.340605426923716,0.8857601888326934,7,Clean_Die
0.12112065053883013,856.4491167965986,6.093865666455639,0.9060157670416902,10,Clean_Die
0.08157382030203568,915.4899388062895,6.396404803939429,0.9163117836222608,2,Clean_Die
2.060728198290393,1050.733842178768,3.4301294851434383,0.6957532085670168,10,Particle_Defect
0.12678763300395457,2438.9680670746748,2.676169506843988,0.7762344777583059,6,Oxide_Pinhole
3.114054332194029,1263.9357265529686,5.242963755977954,0.7305798446352214,11,Particle_Defect
0.2873987662290803,4129.731360184338,2.8142247726488128,0.44174841392306813,4,Gate_Oxide_Trap
0.2702402458137998,3803.67872216228,3.1085914283386873,0.33456881247668147,9,Gate_Oxide_Trap
3.351629793671697,1460.3208590801862,4.944317219634451,0.6359340219927355,3,Particle_Defect
0.05,825.2436985174479,5.99341849436384,0.8892525529749266,4,Clean_Die
0.28214568113606053,4743.691328388774,1.959625614492902,0.4815480083818375,11,Gate_Oxide_Trap
0.1349580972105478,2349.430908996878,3.4850514058181656,0.7397253947335817,2,Oxide_Pinhole
0.07310746716552917,805.4537788611738,5.751620095909591,0.8642750363735486,1,Clean_Die
0.3520232899130161,2404.430787625229,3.1025860556570075,0.6369851856945462,4,Oxide_Pinhole
1.4455480776112881,8484.534495958162,1.5398256275683941,0.3479530231572516,7,Metal_Short
2.1932026529699913,932.8040677117032,4.009933279719085,0.6495150073337235,11,Particle_Defect
0.11592542524141396,790.681331566688,7.080783341347347,0.9258649708919952,3,Clean_Die
0.11426050529249458,926.0648648875873,5.936919913455893,0.9164841976226579,8,Clean_Die
0.7655205365350228,131.47904685953725,4.9489936312848934,0.7586285298901961,10,Via_Open
0.2700665658265736,3575.628784255164,2.2289476163755997,0.7288255386200919,1,Gate_Oxide_Trap
0.1062133283171966,987.2358870583594,6.659264382095438,0.9265066721940582,9,Clean_Die
1.1642180007934786,221.3884642673574,5.658412080725253,0.5184893472272832,10,Via_Open
0.2909020618215551,2104.891879407921,3.4062212259448645,0.8108311541637225,3,Oxide_Pinhole
2.175242727334108,1101.6671242041295,3.913506376439675,0.6534769912832725,4,Particle_Defect
1.268894414864515,8512.160282036357,1.9720081873116995,0.5464018121596284,3,Metal_Short
0.31107610887666554,2256.813711921849,3.1413299194910804,0.7025558458096648,11,Oxide_Pinhole
0.31941338522448426,4478.569059187513,2.133416276489326,0.5239888168815154,10,Gate_Oxide_Trap
3.8503202049431438,1275.259718419826,3.9697215771587446,0.629668899567997,3,Particle_Defect
0.08980548225672952,699.816802024682,6.568240036550917,0.9988410818392958,10,Clean_Die
0.1455099377418663,806.1671547700411,6.090949106430724,0.8953536252888128,4,Clean_Die
3.4577814963117888,1328.8211517727118,3.8922704408618136,0.6199757605881241,9,Particle_Defect
1.947398532607162,8767.938161461023,1.8535151821679487,0.5305549555097098,7,Metal_Short
0.34556564079136654,2056.748612659002,2.6075149888227993,0.8098584409141343,11,Oxide_Pinhole
3.7711372684749183,1104.1267101242572,5.565346658371767,0.8182306127331085,6,Particle_Defect
0.3211555677017998,2527.872989874011,3.2235988316785966,0.7724106299859154,10,Oxide_Pinhole
0.35919113502461253,2114.4889193867352,3.678134043921839,0.631017746969134,10,Oxide_Pinhole
0.17960383620102421,870.5236739108893,5.625397763304074,0.9308394704418325,10,Clean_Die
0.9608075169127767,8006.631120888353,1.2095505259745467,0.5920402725166014,3,Metal_Short
0.12540962727405341,804.1479587982282,7.078874820726504,0.8971057065320882,1,Clean_Die
0.17119943835410928,5131.62781494989,2.630826287617281,0.45454705180360633,6,Gate_Oxide_Trap
3.1851067572413747,908.7386412694382,4.712067408915161,0.5164375370620691,6,Particle_Defect
0.7830771638874753,178.62664381884446,5.6701541688766826,0.6980498408840489,4,Via_Open
0.15949170284518407,851.3678311448166,5.7532282492985445,0.9760795163936562,1,Clean_Die
0.09935477074600357,2570.67459000215,3.540691693391879,0.6891870456826465,6,Oxide_Pinhole
3.7306826162172415,1231.0376181428092,4.445706855419,0.5040818461589861,8,Particle_Defect
0.2440447785059502,4608.149064743787,2.6250945249127176,0.40928648497032494,1,Gate_Oxide_Trap
0.5110670228156586,2072.9734954928913,3.5155515423274046,0.6398906559406895,9,Oxide_Pinhole
0.1597376336491233,2238.257828398142,3.246352014056693,0.6079853982275145,3,Oxide_Pinhole
0.27019083429948554,4054.346921901073,1.875980984876035,0.7066664227780541,1,Gate_Oxide_Trap
0.18965267436810068,758.8039680891127,6.822176459205023,0.9240025209500835,2,Clean_Die
0.12242727703822055,701.8770167629283,6.791538684387438,0.9005215123828155,9,Clean_Die
0.13982752404692708,678.7048394219024,7.2390478244913385,0.8980829194765391,11,Clean_Die
0.13697880463650325,714.6024163525572,6.260315194597279,0.9536200878913614,1,Clean_Die
0.43520907157841404,2514.7897289663133,3.327570252307126,0.699194239443128,6,Oxide_Pinhole
0.17322905824048018,850.5431264355146,6.254124789601113,0.8922154324527503,10,Clean_Die
0.33449467682106065,2465.5113104766606,2.9420164498444326,0.6386071496684363,9,Oxide_Pinhole
0.05907556644659285,795.9472582370659,6.560614703906611,0.8761186287262698,4,Clean_Die
0.16757954873976919,710.3244135323085,6.23392577833587,0.924542531144473,4,Clean_Die
0.4287272934329476,2148.023399918846,3.3780694004457983,0.8643663189420153,4,Oxide_Pinhole
0.08123796670763063,670.6205498946932,6.205443683331471,0.82462364741505,2,Clean_Die
2.6132089178025164,1266.7013365160158,5.384587088232649,0.5479479643567062,10,Particle_Defect
1.336431947269128,9272.069667250453,1.5966852440470523,0.5956967104843854,3,Metal_Short
0.11450569502456764,832.8741808607186,7.006682847498682,0.9436752256995488,6,Clean_Die
1.657963012106289,9179.237835895308,2.0730063302221677,0.24344433785620737,10,Metal_Short
0.2091049598693151,5195.46186536304,2.0801946065404415,0.48633501200112567,11,Gate_Oxide_Trap
1.9686677299784194,1138.1715523750152,5.5490556608648145,0.7734880686892919,7,Particle_Defect
0.08298562742935472,863.0097611091899,5.735009906250503,0.8900930137068457,1,Clean_Die
0.2426512049215043,4433.347497480587,2.6980899788019537,0.48133627183047084,7,Gate_Oxide_Trap
3.3228881854778303,1277.7704111141875,4.814951626834872,0.7254853285996706,11,Particle_Defect
4.2189899809401465,1473.4135367643757,3.8735278810305998,0.686611505619337,2,Particle_Defect
4.868317237228067,935.0520673497588,5.340145068070642,0.72625344962271,6,Particle_Defect
0.07995875153559409,781.2712124932609,7.741524615565233,0.9516447920880684,2,Clean_Die
1.8015213668735166,9769.582364194468,1.8299637557051875,0.48959670754945217,6,Metal_Short
0.07638608226301499,772.0564722788766,7.022890599832292,1.0,7,Clean_Die
0.13419867057921958,713.0773823697901,6.231216834702885,0.8799769911646533,3,Clean_Die
0.38899078434108136,2027.9224387057673,3.8503730179706213,0.8874172203018609,8,Oxide_Pinhole
4.139166925680353,1123.0570174561594,4.37035590119529,0.86299433290611,2,Particle_Defect
0.4801331641410751,92.9193972267903,4.905317554573228,0.5709098050944137,10,Via_Open
0.08337775820899779,2427.4835032271067,2.853757728764906,0.7672695368096366,10,Oxide_Pinhole
0.3225850683332647,2161.9260044752614,3.2853678019161308,0.757938286658681,5,Oxide_Pinhole
0.0809718603292058,955.4160940733576,6.038048216371153,0.9131937437696366,9,Clean_Die
0.289688109357227,2075.0899276807436,2.6744837611554932,0.702082072738239,4,Oxide_Pinhole
2.9308285969770154,1030.8689960584684,3.7437576694024655,0.8331544104163741,11,Particle_Defect
0.05,838.2805249311635,6.201977944282836,0.9853030481423938,5,Clean_Die
0.1471425198959146,3917.308822148338,2.2478022171126004,0.46602064257191383,10,Gate_Oxide_Trap
3.624792101068458,1167.8591940447202,4.092578476968455,0.5861722460903541,10,Particle_Defect
1.9961491064146313,8855.913639656046,1.8554044162126138,0.4055875015523652,5,Metal_Short
0.9041189806695389,114.28406645195845,5.3281964681504626,0.7114297499625863,2,Via_Open
0.3332616293604385,2338.9699484722337,2.4495106306873744,0.7412982283015165,1,Oxide_Pinhole
0.4050053193037418,1869.807600064145,2.4190723162287187,0.6700965953974395,10,Oxide_Pinhole
0.05,1075.1858582440611,6.165969490042873,0.9179044522842164,8,Clean_Die
1.965336926887379,538.4298294224353,5.268453585511232,0.7111723536903151,6,Particle_Defect
0.8749073306490682,199.0162234862451,5.8705602448426175,0.5311300855384122,2,Via_Open
0.08765906546823067,867.9002378545432,6.579026373854198,0.9410568239794467,8,Clean_Die
0.6550568822471418,163.56786289306976,4.06394792551453,0.649966376169303,8,Via_Open
0.2885201313274335,2125.892424739999,3.2324551709904985,0.8434340676107778,10,Oxide_Pinhole
0.6504927180039207,124.3457777206245,4.985003398346361,0.6218695852409317,4,Via_Open
0.2091205640064035,2575.5227491415185,3.655709298955863,0.6816703731741203,5,Oxide_Pinhole
0.6735008647378246,100.02647166775915,4.354016063654473,0.6433896419327213,6,Via_Open
0.396884433167138,1850.833890410645,3.4990155304919317,0.7840721295051727,6,Oxide_Pinhole
0.13336040800212282,4159.320629492032,2.480419190571857,0.5856313774568573,7,Gate_Oxide_Trap
0.08215062934438394,905.0836360001105,6.506970215786471,0.8900916384188946,2,Clean_Die
0.10309784137151044,823.1966667108617,6.993641959245944,0.9070728528654256,8,Clean_Die
0.3285677003805578,2252.4740035634095,3.9219584649529615,0.7787837740297047,5,Oxide_Pinhole
0.20027399421042602,1017.6119249817496,5.762921606642495,0.8873875421029538,11,Clean_Die
0.1791354714220444,724.9809637008578,6.94255403458155,0.930726033800192,9,Clean_Die
1.8554742190738898,8543.376203937181,2.024580680020754,0.5022762133806596,8,Metal_Short
0.12160588574746327,803.7397864750948,6.423713835610553,0.8676103404524985,8,Clean_Die
1.061131074627696,9195.633517506254,1.5624024237022467,0.27472750553115033,9,Metal_Short
0.07520607025130602,639.3464781008634,6.551363751726605,0.8589669458309857,1,Clean_Die
0.1972487078465106,834.6516471642313,6.87322998556528,0.8797990080971991,10,Clean_Die
0.2295999704944986,4315.312689305391,2.1013220518349205,0.5630249898065511,3,Gate_Oxide_Trap
1.0985121127547153,50.0,6.200428939247125,0.6107917867619693,10,Via_Open
3.130504609265692,894.6802232617018,5.658703901237668,0.6487750898310236,8,Particle_Defect
0.1543020986672992,910.7359502832377,6.317546500595124,0.9539916264108715,5,Clean_Die
0.06965724644772484,872.8963596909596,7.0554354437906985,0.9032916557975937,4,Clean_Die
3.8387299348828994,1411.8744116158728,4.183826658834897,0.7989714108704556,5,Particle_Defect
0.4193759065396385,2081.910118492993,4.017281774899573,0.7611304070463898,8,Oxide_Pinhole
0.21619476473540905,5573.366780331282,2.5655632096461773,0.5910829026989317,10,Gate_Oxide_Trap
2.0464720895780575,10357.820823858816,1.5770401166143992,0.5473071190767937,4,Metal_Short
0.31258806492489316,1964.606051986291,3.6075501960351373,0.7314383470871966,3,Oxide_Pinhole
0.08650705904527799,791.172026085085,6.456370053437584,0.931376926915641,5,Clean_Die
1.6919359393226925,9745.559882526823,2.224301611571761,0.47369958700770887,8,Metal_Short
4.44559325276032,1297.9547875179433,5.038621492442112,0.5376250578915053,9,Particle_Defect
0.256572578331329,2232.2146507305306,3.0391299690332736,0.8259773618217523,7,Oxide_Pinhole
1.3219473417173473,8329.454863984285,1.9859168751917264,0.3246507448106478,2,Metal_Short
1.0921692718912215,6200.506067514783,1.7677002369169255,0.41946154898900767,4,Metal_Short
1.9297482729019613,7611.740631499735,1.960661569052955,0.37792945606267275,7,Metal_Short
0.7240714399501964,211.91000362998594,6.254458939949051,0.45311066872551575,6,Via_Open
0.07497740391993929,757.2156830942758,6.6527864474538365,0.9122602703070647,1,Clean_Die
1.8765117948429144,8345.015441020241,1.6605299304308092,0.42771349390318897,8,Metal_Short
0.1599230052403887,918.9994819428591,6.24596385316124,0.9058190333611025,9,Clean_Die
2.9226048308702257,1193.2842668948795,5.27497110829146,0.6237661063179493,7,Particle_Defect
1.400962318197501,8450.7493491372,1.7346305703723885,0.48470571146363084,4,Metal_Short
0.07158229752964955,696.8516435253572,6.541512861292013,0.8650256220669865,11,Clean_Die
0.46868958444469744,1875.075612077882,3.640887279782456,0.7978467319268893,3,Oxide_Pinhole
0.1384988420360823,4765.182710103056,2.5029308379547404,0.4938636383633739,2,Gate_Oxide_Trap
1.3038645364463544,8883.956918942082,2.1198956330447425,0.47770016123181747,8,Metal_Short
0.34847632523433153,2276.845116206287,2.583233444243278,0.9440554295183529,11,Oxide_Pinhole
0.14254120411366894,907.7048938765247,6.897931626199321,0.8700236585880525,11,Clean_Die
0.21382708857081253,4343.850725550115,1.8955757605299066,0.670804085145785,2,Gate_Oxide_Trap
0.05702002715620392,964.9099608833612,7.010500359816506,0.8298044770158526,1,Clean_Die
2.9111876871398783,1415.2680984038861,3.540662148765185,0.72598038885566,5,Particle_Defect
0.7901058165918449,128.01578435293987,5.616605021475732,0.6776428875419965,2,Via_Open
2.1124848089594184,1239.8988609265414,4.453311628057509,0.7112482841803075,11,Particle_Defect
0.13113297722602796,878.7691319350813,6.111284160407254,0.9444586240261488,2,Clean_Die
0.2072178935800092,1007.7478273933483,6.285233015500154,0.8999611333498464,3,Clean_Die
0.05,669.6899619018889,6.124116167997386,0.9291533813738833,3,Clean_Die
0.09213687785503066,867.586372938132,5.923061606523346,0.9331729075228676,6,Clean_Die
0.1621061125685643,3490.0798457466108,1.5545456282837056,0.49101335956354747,2,Gate_Oxide_Trap
1.0635912754783226,177.28192456312757,5.601684375505716,0.6439236764892546,3,Via_Open
0.12558886298100697,938.5921814322953,7.014501024025516,0.8382015166389059,9,Clean_Die
0.06459270154714147,739.0228598668865,7.289146288236161,0.8663982631906837,5,Clean_Die
4.039093959877562,697.4858659394893,4.893697745471974,0.4975975565870341,6,Particle_Defect
0.14076356834255777,771.7866867977859,6.237769559832479,0.8964622054107884,2,Clean_Die
0.05,980.1716739723302,6.562164411175296,0.8913605958339301,10,Clean_Die
0.1303493273301632,4207.482611435182,2.729465681521864,0.3904949725762382,11,Gate_Oxide_Trap
0.44048057128205703,154.60322869848247,5.660616939010521,0.5512745291025489,10,Via_Open
0.0670411846406555,749.0085862124408,6.285259399350729,0.9289965369403739,7,Clean_Die
0.31793111600078594,2432.635597167605,2.995578729205578,0.7052207911912323,9,Oxide_Pinhole
0.28867995923857964,2150.85314387673,3.415022652265508,0.7011737887228122,4,Oxide_Pinhole
0.7511572983734347,95.10618358982465,5.9717247689695645,0.6183717482923168,2,Via_Open
0.3970461195253394,2279.2124695079656,3.4633260727028436,0.552061015932613,10,Oxide_Pinhole
0.20082781281500897,4915.548402708032,1.5561536580592201,0.34576552214835443,3,Gate_Oxide_Trap
0.5009759868634379,2236.4505323917933,3.7058697573960835,0.8552276561609995,2,Oxide_Pinhole
0.11388024210430749,881.8951772039179,6.101719498235631,0.8416914503358364,4,Clean_Die
0.1136236819936535,795.147784538781,6.783878577253485,0.9308193694863349,10,Clean_Die
2.3990475150128945,8066.562143414561,1.944425106647858,0.5070055593581537,1,Metal_Short
3.664903894087085,1312.560984173299,4.584212086882852,0.6655514824278307,9,Particle_Defect
3.0832320547023633,1366.1566129029902,5.8645266437039965,0.878577001103856,2,Particle_Defect
3.3371393691106146,1039.6733284684678,4.971755077575356,0.6525619960925881,5,Particle_Defect
0.5842351357068338,117.55789004518448,4.443879458446921,0.5235994597103226,8,Via_Open
0.05,579.4796560737311,6.284208675741669,0.9728795116739556,10,Clean_Die
1.7393112571807612,9573.473188440126,1.7851514300748492,0.5178845446145455,7,Metal_Short
0.21641892839204077,757.8950630333816,6.912415906271098,0.8766748923217313,2,Clean_Die
4.092308241048784,1112.7608425669032,5.2994837728204525,0.5849719568506931,8,Particle_Defect
0.10141199909584019,774.8168661343475,6.593444699832801,0.8888463536214355,7,Clean_Die
0.912027068324016,8999.306476038033,1.4273852591516094,0.38517997270514326,7,Metal_Short
0.455195137145102,2034.0959994823459,3.6900075188100443,0.6060752310820595,10,Oxide_Pinhole
0.10037214312878358,773.4450154897348,5.072588272214183,0.9443113632497957,2,Clean_Die
0.20482662074702465,4761.540218907882,2.596001429488348,0.5593471590339109,11,Gate_Oxide_Trap
0.3185618957795046,2069.2920583683795,3.383513134436101,0.6987711005972657,7,Oxide_Pinhole
0.07700372558300644,805.8809627477635,6.86362112814342,0.9583443786210996,8,Clean_Die
0.11684816248812006,1014.591540900177,6.71631610968156,0.93410682662955,3,Clean_Die
1.9519012058030312,6804.287989755536,2.1157611059850074,0.42835254445369886,8,Metal_Short
0.16241606273851478,3553.3877545291734,2.290219434485651,0.6395251256038876,7,Gate_Oxide_Trap
0.3657143803832512,2329.8450280328034,2.9503997210523845,0.708960480456635,2,Oxide_Pinhole
0.23442944239833569,1842.1419840083222,3.6300318768978137,0.7921010474794038,5,Oxide_Pinhole
0.05,952.7670188296265,6.854967240657778,0.905406592195868,9,Clean_Die
0.22067262583880165,2127.7181211007546,3.420678054482085,0.7971027601872722,4,Oxide_Pinhole
0.2272971741345317,2478.3251321809157,2.7950414099326153,0.785107249339392,5,Oxide_Pinhole
0.1246244622581765,711.4461660949726,6.406979095982859,0.9679462434349797,9,Clean_Die
0.07698567152455688,714.348588004252,6.183514703305945,0.8958032881238294,10,Clean_Die
3.4919077231129743,1073.4485421533182,5.028568706543936,0.6548074629511359,5,Particle_Defect
0.17719337389327683,4320.126147479621,1.9579912543847207,0.5232240913234781,11,Gate_Oxide_Trap
0.05,769.0217923525468,5.679916581099438,0.8696130883808639,7,Clean_Die
0.23745001757895406,2099.6040503022296,3.6343490649985037,0.7730265210814903,5,Oxide_Pinhole
0.6960251851222017,147.1651235147774,3.9563567776180255,0.5809281870509416,3,Via_Open
0.05,932.6387141333282,6.329411300026541,0.9612021066938383,3,Clean_Die
0.1484915646229122,746.3911494935136,6.972244300600372,0.9289731911128447,6,Clean_Die
0.05,874.5230454471248,6.10804345514319,0.9077441861674058,9,Clean_Die
3.1195320811915384,1408.4893229495722,6.136719635910756,0.7383605586620151,2,Particle_Defect
3.4649711563971928,1186.583915130387,5.466415895007215,0.5623561355851772,10,Particle_Defect
0.16439278032395535,836.9576437511456,6.421689398090253,0.9765320009830667,9,Clean_Die
0.396349654831221,1923.888071423816,3.066719609908674,0.8005436499231946,9,Oxide_Pinhole
0.13611974677264344,4204.8254995433845,1.9824874798898664,0.6041492245798026,7,Gate_Oxide_Trap
0.9343004312939598,8378.632422420742,2.2505284867994844,0.3927347660500832,10,Metal_Short
0.7102051676252841,165.4092299080555,5.527869347870676,0.652541367656787,9,Via_Open
0.20642704145084007,4153.345534147125,2.1519967967317744,0.6969266247163415,6,Gate_Oxide_Trap
0.19637065624226466,4728.789099986684,2.075306151661355,0.6749995220032252,11,Gate_Oxide_Trap
0.05336780266583202,843.738823620776,6.509043516248447,0.9268081999222161,10,Clean_Die
2.083192809220709,1419.280955631589,5.57840769761248,0.5719711430447767,3,Particle_Defect
1.6288874985419453,9195.627891577422,1.9846770311066972,0.540884675511568,4,Metal_Short
0.06133565416025678,777.7998241279951,7.019555489705273,0.8672933669000271,11,Clean_Die
0.1049779163301593,827.3366948612734,5.756909742091138,0.9091268494688524,8,Clean_Die
0.12327115371195338,789.4598740198787,6.7109908051553635,0.8856019282548929,4,Clean_Die
3.3643070019801717,1164.2319313091411,3.700311979830131,0.6598196965974399,11,Particle_Defect
0.05,809.9084038108406,6.826073817092699,0.8847532707116198,11,Clean_Die
0.16084687263467698,4128.893457016572,2.36492537384945,0.5955320949835967,6,Gate_Oxide_Trap
1.8260236864715096,7723.870018941382,1.8994491914028695,0.4069532470833428,11,Metal_Short
0.32396458496024927,1969.3929922822701,2.6836746308222796,0.6772908681377671,2,Oxide_Pinhole
0.418240777193834,2449.2529245367464,3.4928935387446534,0.7813070651116764,4,Oxide_Pinhole
0.10802453664695706,676.87326960589,5.992444814526469,0.9762525869983708,3,Clean_Die
0.15380913315838884,838.2097615435061,6.7419057600432675,0.9758267837815471,7,Clean_Die
0.09083722236742289,780.1781161875662,6.424805551069996,0.8411720852235748,2,Clean_Die
3.6822966473758205,1123.3979742938602,5.378320336109365,0.6466369474124176,2,Particle_Defect
0.3618844276800093,2117.2658367077634,2.906372238131044,0.7368816584744621,8,Oxide_Pinhole
0.05,4432.853700592502,2.274857253717226,0.6537546778377551,7,Gate_Oxide_Trap
0.13645861631215095,4385.863612773761,2.506686738529062,0.4375547844376314,8,Gate_Oxide_Trap
0.4026871473052096,2298.2846466766355,3.090350021459648,0.7191949694615547,10,Oxide_Pinhole
0.12757247221549947,911.8983753541571,5.704154190373687,0.9758005069018082,6,Clean_Die
2.108960062780195,1098.927620120193,5.899006029608414,0.9046901436799679,2,Particle_Defect
4.244670723364679,1316.1027029100644,4.436806958137088,0.7170406677626802,5,Particle_Defect
0.23547475320666314,4001.4159239388923,1.5345963709029404,0.6830728500233453,1,Gate_Oxide_Trap
1.0981312088320512,8590.720590695,1.737925917281882,0.37986070198599975,1,Metal_Short
0.1007749272370129,903.7906974760775,5.912925819932167,0.9187652477569891,2,Clean_Die
0.17925664577568426,2230.9189245259586,2.9274396855431863,0.7936344362592764,5,Oxide_Pinhole
0.05,874.0099010290634,5.735972390378619,0.924659657247906,2,Clean_Die
0.10751834490684493,793.9126204248287,6.445574692303278,0.9981007986318589,5,Clean_Die
0.05,952.8791368320176,5.872716546571449,0.9343032813617808,2,Clean_Die
1.4572906157759793,8365.251297326786,1.6717867650887572,0.38676227210354197,2,Metal_Short
0.1263918108469412,826.4010172495408,7.164464288708593,0.8918411837450904,10,Clean_Die
2.838878460306869,1457.430596250387,3.3514500662690914,0.8442650673015165,10,Particle_Defect
0.5254610083334524,2044.7794152167799,3.1823954261459737,0.6824630674792015,11,Oxide_Pinhole
0.44788849340202935,84.75861806505863,5.694221259962204,0.6278948829448634,9,Via_Open
0.14177815743112016,768.4745331510567,6.293855844710128,0.932095723894906,2,Clean_Die
0.7064533619319144,216.9243653131754,5.027085833545036,0.5767740352453822,3,Via_Open
0.15179885059006118,4498.908692489372,2.4898016610440976,0.5113369715883271,11,Gate_Oxide_Trap
1.081311980566835,174.91983992215972,5.064986646591037,0.5454547910046249,5,Via_Open
0.11763996196018407,5145.611640654819,1.9690500365036008,0.4632246373075913,10,Gate_Oxide_Trap
0.7255470693969376,50.29654640912223,4.576738762222831,0.5574047613859247,4,Via_Open
1.0172309935364203,91.96824063479079,5.287938035790147,0.46320478722024394,5,Via_Open
2.703868891627522,1576.9833078456195,4.614777657928551,0.5799281720992431,9,Particle_Defect
3.8547194546570394,1195.1365180088726,5.20722775962874,0.6784000409257016,3,Particle_Defect
0.05,808.4292038637507,6.798245211822804,0.9055782853007192,3,Clean_Die
0.1376127868649368,2403.7928947411456,2.89942466045281,0.5999521202116467,9,Oxide_Pinhole
0.1505206167326474,2276.6776333813036,3.322203269143251,0.845677480190411,9,Oxide_Pinhole
1.9853867962088267,1185.3589197325555,4.979760841393652,0.5380975648390135,4,Particle_Defect
1.1246981408238848,8354.714027400894,1.5222443004771635,0.2764520275223895,10,Metal_Short
0.2101560774670506,4298.896183011303,2.84685403248714,0.44530695712228074,5,Gate_Oxide_Trap
0.10396686260389122,618.9674555988047,6.340147222187991,0.8851912673766543,4,Clean_Die
0.10134498664368546,830.720686889982,6.156929433925791,0.8599255711749747,9,Clean_Die
1.819195117004432,9690.603366532556,1.4339372010105043,0.5066266138268085,11,Metal_Short
0.15769101815454706,952.7780957246524,7.101433743892475,0.9369491922898713,2,Clean_Die
0.2299180930734822,2462.8690212757247,3.99540591358881,0.7213322651270383,2,Oxide_Pinhole
0.1731265442486571,4398.376731810837,2.5480931357422287,0.6189372291772655,4,Gate_Oxide_Trap
1.7046262312875304,7176.133304806386,2.0222507801224894,0.4182320175471269,9,Metal_Short
0.08458062155552702,871.2953352023725,7.115024124996774,0.8735667406137848,11,Clean_Die
0.11072035979901591,866.0224087710667,5.595338121012997,0.8894344595194312,2,Clean_Die
0.321779645640245,2393.6371663046284,3.609207645909168,0.7020294234995728,11,Oxide_Pinhole
0.48908666487003505,2126.474142567539,3.7518454011428215,0.5874855065880081,6,Oxide_Pinhole
3.3445024050597625,1107.7881024842782,3.9450796468350555,0.6578655890381424,1,Particle_Defect
0.14370676410136923,818.0777019809542,6.457291684139622,0.9331513144889512,2,Clean_Die
0.5897565991993436,117.24818642701678,5.317482144536527,0.6503445129464922,7,Via_Open
0.4776209826503836,2125.4960791611766,4.063956412506271,0.7789449204698917,7,Oxide_Pinhole
0.08514615978898275,795.3841767019456,5.522112069398969,0.970445004410529,8,Clean_Die
0.17841313461418692,894.3471676282005,6.190846175985863,0.8917823426270254,7,Clean_Die
0.08047598077903813,4258.530651271633,2.7349439071589154,0.5193914448089105,3,Gate_Oxide_Trap
0.08515046632435658,855.4839033091262,6.935920785027562,0.9615824852971787,6,Clean_Die
1.5418296964516534,9032.199045853895,1.7479483906013193,0.5694547265497283,9,Metal_Short
0.16060315370415246,727.7534597020093,6.681969931876235,0.8781887397589825,7,Clean_Die
0.22666151836241902,3621.7790351315593,2.995036978957471,0.6314262869037514,9,Gate_Oxide_Trap
0.13833488845454175,3749.713625011086,3.3808706564605817,0.65315940283154,6,Gate_Oxide_Trap
0.16399433772685895,4375.313421769039,1.9121892722971747,0.7065722107569467,4,Gate_Oxide_Trap
0.5364042095397834,2481.6745156167813,3.8266469764151987,0.5966691223991142,6,Oxide_Pinhole
3.955914964317448,965.6889773032997,4.807080841566096,0.764100170039102,4,Particle_Defect
2.866081496546151,1069.7348622658885,4.233959847490933,0.6545037449420074,4,Particle_Defect
0.07530897089305233,616.6897384089573,6.453487080672779,0.9537481146203373,2,Clean_Die
0.2558235742933104,2499.114753647454,3.3214347939020508,0.7570811639907116,6,Oxide_Pinhole
3.120940990438514,1026.5000206024306,3.7065850562999376,0.4908055732465343,11,Particle_Defect
0.9974663342302013,241.07397155424263,5.67323153884875,0.5555906730598628,7,Via_Open
0.05,775.7917155823098,7.446735944738816,1.0,2,Clean_Die
0.219306088442897,2233.4243213595155,3.4362938042922933,0.7218775172267609,8,Oxide_Pinhole
2.108729057020778,918.8043863949035,5.3788078229329965,0.6597053338226797,1,Particle_Defect
0.05,692.9231682900362,6.2683393959460085,0.8599158129183508,3,Clean_Die
0.43478546816822344,2413.704827021282,3.1197416894509833,0.7819800409841755,9,Oxide_Pinhole
0.28359883316002027,4530.4216274624605,2.5217525042836457,0.6640593475125732,8,Gate_Oxide_Trap
0.15802024444230509,1937.9924813139805,3.435700443388269,0.7293543348174633,4,Oxide_Pinhole
0.10404792339100519,709.6510285950566,7.135577574370165,0.896785474672435,8,Clean_Die
0.09769183482063412,715.984657833721,6.068046624378899,0.927445794775889,3,Clean_Die
0.33415145631590415,4972.562383710684,2.740654096373609,0.5535498559719125,4,Gate_Oxide_Trap
3.859417442167554,1586.5215555816492,4.283348416988362,0.7545291411843478,6,Particle_Defect
1.112171818226647,9445.732865318729,1.8599810312443654,0.374319167131383,6,Metal_Short
2.351304355051527,1127.5487448584377,4.766052598986467,0.786398642245765,1,Particle_Defect
0.38086604397697343,2164.719793877323,2.9152332855397147,0.7667272701140873,4,Oxide_Pinhole
0.08595366952528932,732.5264558671587,6.388888632694762,0.9147429051680981,1,Clean_Die
3.076300168531964,1160.5600192494705,5.231017713390046,0.6863864318565391,11,Particle_Defect
1.6802888151947748,8464.415496626549,1.6096994192849128,0.5481317120181873,1,Metal_Short
0.19532619076825947,708.8121633054014,5.269081046424516,0.9477173572236516,9,Clean_Die
1.8816318445273177,8457.225216669282,2.2154407869094936,0.3155466854848987,1,Metal_Short
0.21110876375175747,2291.328367365895,3.6697558965703414,0.5468374759872345,5,Oxide_Pinhole
0.7745980022326295,135.81470289680664,4.229432392187178,0.7038489161585577,5,Via_Open
0.10166939360430326,682.3703782945867,6.7893379314472755,0.846821993667606,5,Clean_Die
3.5050629644730202,1300.1811689601177,5.298774065313248,0.6137687150076517,6,Particle_Defect
0.10638034786637826,751.4200194746293,6.559537718277731,0.9475039782174336,7,Clean_Die
0.1053408521635648,998.001195420647,5.065628624183368,0.9079840020974325,7,Clean_Die
0.23897416589654616,4717.748210556446,3.056854434891138,0.4425025494709102,8,Gate_Oxide_Trap
1.7963621814492772,8941.28701545335,1.6407215297716908,0.42193571494251103,3,Metal_Short
0.10942017594451442,668.2027736649515,6.71279003303451,0.8907861199300697,2,Clean_Die
1.130752703389758,7932.132791990076,2.462691631753769,0.633799212685095,11,Metal_Short
2.4208307678516903,1091.9696032890047,4.592383702876142,0.6497225188309375,5,Particle_Defect
1.7149663008058842,8026.63988390601,1.3531687705817612,0.433534952280641,7,Metal_Short
0.19162039003432862,692.2705589929826,6.811881617339448,0.9231998536465466,4,Clean_Die
1.55877053735572,7009.562590202613,1.9339538756302836,0.3570246947254204,1,Metal_Short
0.2898956036154274,2320.5568154215093,3.2348814253881866,0.7332783303636073,6,Oxide_Pinhole
0.12034526687684746,705.722267365968,7.029488455557054,0.8966553877863147,7,Clean_Die
0.09599835562459452,967.6362363705375,7.021984835017982,0.9041371551776464,2,Clean_Die
0.273947599875418,5095.805593368862,2.50973837820271,0.514507246292556,4,Gate_Oxide_Trap
0.1496024037077251,900.5898661848094,7.316524985100611,0.9788656275909938,2,Clean_Die
0.18452730205222695,3953.002353065156,1.7725259388307477,0.6149555977942553,4,Gate_Oxide_Trap
0.2749286670705635,802.2340618409793,5.877001922586018,0.8199173661726302,4,Clean_Die
0.4987940991567357,153.02380035094004,5.227024206207407,0.5547720809275482,8,Via_Open
0.06101584690315364,888.36333867577,6.206030583538625,0.8302982212473894,11,Clean_Die
1.0223779229371335,8473.074090094779,2.142732512240485,0.43627003195876646,7,Metal_Short
3.918220343703672,1243.2116813068305,5.126913698403386,0.7773307141642821,8,Particle_Defect
0.16243870925555806,734.6637299550154,6.479937730219042,0.9724333415569968,6,Clean_Die
2.4942402420267418,963.5186797460183,4.862690421833364,0.5064410898081996,7,Particle_Defect
0.2554241406617559,4313.581451644188,2.77952047538525,0.7177424828648378,10,Gate_Oxide_Trap
0.05,728.1655559112636,6.451174869645313,0.9662953142465007,3,Clean_Die
1.6438851982562042,8842.835463960118,1.6593534591758854,0.32901564532474903,8,Metal_Short
0.14190327005000203,606.5859396400334,6.137187410277352,0.911656193770038,9,Clean_Die
0.05,734.7439366532751,5.751214944526454,0.9335235291200982,4,Clean_Die
0.05,800.1534899298721,6.136312667969354,0.9555002669053789,1,Clean_Die
2.7174934215607847,1354.1466697717137,3.94810923527636,0.6057440633325096,11,Particle_Defect
0.21681872937662416,4101.68096415064,2.5970052976623337,0.39573677243683625,5,Gate_Oxide_Trap
0.7007375256106135,235.97680486833661,4.318335993083801,0.6565658323487189,3,Via_Open
2.315808488156295,1571.8276057193693,4.028845296093448,0.7478747378937519,8,Particle_Defect
0.09678054605229527,866.0248664791065,5.730488830855117,0.9321848415092109,3,Clean_Die
0.3558349877280901,2587.9731304842485,3.3624808498307464,0.5711210166466272,3,Oxide_Pinhole
1.0066888277554265,120.70051234147545,4.283856421440279,0.7324028463600356,1,Via_Open
2.763922479010182,1235.594431433922,6.2842497140268785,0.6711943880975891,9,Particle_Defect
1.3481254128627722,9347.217462324712,1.971544556229309,0.4428417091098173,10,Metal_Short
0.07851466991037778,892.887227684585,7.342095324291801,0.9501935054872596,6,Clean_Die
0.08615815895147624,726.4045048787366,6.817374328235888,0.9759333683821737,8,Clean_Die
0.15811698822484216,5283.811118609225,2.4320464880569075,0.5783892625259102,2,Gate_Oxide_Trap
0.12298703655527632,701.3407626834288,6.415015885022214,0.8788140185188362,2,Clean_Die
0.05,850.2873843379526,6.791484508028268,0.9016461504142066,11,Clean_Die
2.876659865682172,1026.6940056342855,4.924959915754193,0.405512435656684,9,Particle_Defect
0.5835602289278179,218.30986455876388,6.225894461581365,0.4044239599272692,8,Via_Open
0.1378225537055712,864.5028660767224,5.949093751228297,0.907132297646864,6,Clean_Die
0.38223492810387405,2137.885322456148,3.408248828726762,0.8235994572507609,9,Oxide_Pinhole
0.31224413296979037,3286.7542888556422,2.2620035781166656,0.7176387386885568,4,Gate_Oxide_Trap
0.3808419660371064,2359.985063066041,3.6677102483811117,0.6560626655358861,3,Oxide_Pinhole
0.19214718774607092,1998.7610253619619,3.1343269931925586,0.7398407525271733,5,Oxide_Pinhole
4.23749293987322,1105.204009787784,4.838674562782884,0.6075162851476087,2,Particle_Defect
3.9291654126928823,1033.2282403352367,4.342317144570008,0.5522522269630616,2,Particle_Defect
4.239703607452211,798.1305364122542,5.121138828071123,0.6662307189721434,9,Particle_Defect
0.6106412303799468,10140.268253597129,1.3107075997578117,0.4935430315312155,7,Metal_Short
2.053286632602385,8953.242523450865,1.77407993181532,0.4467537173745302,2,Metal_Short
0.9699076001331585,83.5026799589432,5.498066306837579,0.6311853477769516,4,Via_Open
0.16550473254443596,633.4529503045676,6.750277436919699,0.9031986253416942,3,Clean_Die
0.05,744.2402143510875,7.04743740701789,0.9059003674546442,6,Clean_Die
0.05,753.7069455831585,6.704651245782896,0.9178811744386636,3,Clean_Die
2.1825365047942427,1286.9875660900589,4.375121510204903,0.8100599410217345,10,Particle_Defect
1.3590774875637937,8999.581918197042,1.912757301111316,0.2969519275097077,10,Metal_Short
2.559908402149606,1252.3754263829173,4.625879322715676,0.5471239884059128,4,Particle_Defect
0.05,854.0841594279301,7.058498588991839,0.941578801831151,1,Clean_Die
0.9171740756096789,64.07096882548635,5.572328779941975,0.6965599159915238,11,Via_Open
0.16375766760537155,2182.1482585197923,2.2286242955951234,0.7538284759720726,4,Oxide_Pinhole
0.09428734352095633,2737.8579509869105,3.273871459708876,0.6972711760639743,2,Oxide_Pinhole
0.21124222836100706,4515.295494085126,3.161117650659434,0.5744589505663924,3,Gate_Oxide_Trap
0.09009794977953141,750.7665264951884,6.739766440604643,0.9073598310293354,6,Clean_Die
0.1054439673303174,4572.734389503533,2.568689785350442,0.5234192922770707,2,Gate_Oxide_Trap
4.407923260038862,1005.784012296553,4.646486288300537,0.5974775013541305,7,Particle_Defect
0.3411372782611793,2082.1738418151963,2.9206878632385123,0.7389696602535707,10,Oxide_Pinhole
0.1716682391374475,4258.214713701463,2.212971525862643,0.630517597739878,5,Gate_Oxide_Trap
0.10385289357238044,1001.0309836578167,7.053057009274631,0.8723074835983788,2,Clean_Die
0.09338982690622512,782.5774855759748,6.788784983570679,0.933266282075666,4,Clean_Die
0.6536897587144459,97.7957797993962,5.403402763258481,0.6635275487748293,2,Via_Open
0.08663323745164116,632.1899990655289,5.75691150393467,0.9305008539399124,11,Clean_Die
0.10460159417196971,737.592094016336,7.3388122025230125,0.8777111730822933,2,Clean_Die
1.0443515128553018,188.39382082875164,5.732575830036533,0.7619957046164452,11,Via_Open
0.07754412011392262,2586.720765848726,3.2734536544907336,0.7591005772281103,7,Oxide_Pinhole
0.23273367274898227,4940.091444005008,3.138026166527653,0.43508135152398053,3,Gate_Oxide_Trap
1.6131691552650573,9132.91831330248,1.7284000656705443,0.4861563962649591,8,Metal_Short
0.9059757032587045,187.3981372591769,5.151893325492105,0.6848551035597787,10,Via_Open
0.10976830724799314,783.4216298837812,6.139869514162312,0.8907165886559845,9,Clean_Die
0.16380009501805698,867.4927890126868,6.482407369698712,0.9454465295131506,7,Clean_Die
0.3615370878776147,147.35143952310472,5.691618999981278,0.5902452192131072,6,Via_Open
0.1735209047623836,3958.0030934993592,2.6644308941302093,0.5295053913047406,7,Gate_Oxide_Trap
0.8157411928392839,177.32300847551613,5.356954592587197,0.6271438547905953,3,Via_Open
0.0569673080809502,949.7589355440931,6.545103451895972,0.8873556752010702,2,Clean_Die
3.1856833373664104,1292.7785598928403,4.745822091500763,0.7158253623998212,3,Particle_Defect
0.3626621773112876,1930.9233484347303,3.406444539273708,0.6807269824886037,3,Oxide_Pinhole
0.09019525331999635,862.5072895518912,6.173996305651875,0.8919408958099431,9,Clean_Die
0.21072899935306477,4401.5100135106595,2.6412472518090016,0.5804209070759004,1,Gate_Oxide_Trap
0.2087337479303812,4854.876099843709,3.333591814531613,0.6473848027928726,6,Gate_Oxide_Trap
0.3406997879150878,2541.114739564496,3.416264636664419,0.5987711560690824,3,Oxide_Pinhole
0.3327372534367805,2063.967779430941,1.6830968850816914,0.759413604409991,7,Oxide_Pinhole
1.2616933076607237,8013.625720551567,1.4634039156007492,0.650740566480253,3,Metal_Short
1.5110339933615013,8388.533165223598,1.6021160672467472,0.40773138924792074,7,Metal_Short
0.37308607162439517,2476.038247058179,2.920673177663408,0.7016753158720849,7,Oxide_Pinhole
0.4192649826471513,2470.508255375116,2.506294475700937,0.6760759839511211,2,Oxide_Pinhole
0.45307424012492137,174.0451030759649,5.414203168154845,0.4922279194830306,2,Via_Open
0.2649181256428982,4456.1424921481275,2.43430745674029,0.6381859478923464,1,Gate_Oxide_Trap
0.8154195357240038,193.3992572102319,5.536432258922739,0.6356992474401802,5,Via_Open
0.05,887.2293406847048,7.057171020663489,0.8802272086110416,6,Clean_Die
1.0017583616459804,9249.192785204368,1.983478274589913,0.533847644965662,10,Metal_Short
0.3005934895547345,1857.9566181821979,3.1086625265427372,0.7784191990840573,11,Oxide_Pinhole
0.8237326037508493,124.07724281741454,6.136753873939583,0.5452370768086126,5,Via_Open
0.08429065171066676,762.3778704347843,5.226215595412459,0.9282271579333198,8,Clean_Die
4.122869160506299,1341.4768480019052,4.294455891706751,0.7745242816338401,6,Particle_Defect
0.19022729028566185,4342.35937419007,2.439915269272976,0.6037167243737032,1,Gate_Oxide_Trap
0.195202810835133,807.9433495511826,5.692351851104911,0.8846775455176621,1,Clean_Die
1.4574390051333008,8627.501243008783,2.826989582222505,0.3513946439315808,7,Metal_Short
0.3472120736397146,2394.917283046102,3.0938027377666457,0.7044790525089905,7,Oxide_Pinhole
0.5065181300860753,149.0623612401437,4.604451054577731,0.6748648411094743,6,Via_Open
2.1266213576045203,909.5626789196654,4.206130603311168,0.7622072895472151,8,Particle_Defect
0.1964981023424841,821.7750765875874,5.31309592584982,0.8602305704673862,8,Clean_Die
0.16449460648352815,3851.0388214176546,2.276343956841432,0.581913462038228,11,Gate_Oxide_Trap
1.150173842569584,9650.544422538698,2.0203633406757793,0.42455577164747926,5,Metal_Short
0.18413808875968948,913.7306580055242,6.205782015157567,1.0,6,Clean_Die
0.1000348055507014,891.1854271948143,6.135813904379024,0.8924386238786466,2,Clean_Die
0.31466443480150763,1959.7737249326005,2.5303388095904458,0.644446613649436,2,Oxide_Pinhole
0.2749258099784963,2316.638053728351,3.3137031225232105,0.5646642533433448,1,Oxide_Pinhole
2.2435719502007196,1378.8295518721468,5.896637816144557,0.5486767289783311,6,Particle_Defect
0.2153355983868496,4973.901449420008,2.7967044811449266,0.640621222247031,1,Gate_Oxide_Trap
3.316728506956157,1153.9066551560068,3.984233745578219,0.5934470972416115,11,Particle_Defect
0.2178773875319533,2155.79166124754,2.9128090949504215,0.6775284161821552,1,Oxide_Pinhole
0.31348864857958186,2323.1896066280647,2.6516892207727554,0.6310106403555031,9,Oxide_Pinhole
0.08136112651184561,816.5547817519373,7.227991022717207,0.8825228059972636,8,Clean_Die
1.6489606626650108,6888.073848446715,1.4624780665345014,0.5395506290854298,11,Metal_Short
0.11783146631384424,794.2755059725143,6.475650277708075,0.8525276729367898,11,Clean_Die
0.09959445694989212,858.0911260717365,6.3361485545637946,0.938529383151245,10,Clean_Die
0.05,794.2405069712577,5.374777956911171,1.0,8,Clean_Die
0.05,825.465157976064,6.785520784113881,0.9262480825002476,8,Clean_Die
0.3198814328117718,1950.2244730814532,3.177652492039023,0.5942626761324826,1,Oxide_Pinhole
0.06941702892385043,4487.20796611725,2.2605234835852515,0.3910146905294921,6,Gate_Oxide_Trap
0.05,786.5602566616956,7.125601801852925,1.0,1,Clean_Die
0.1128557027372808,776.6038348183105,6.365738641950696,0.9390971767512958,9,Clean_Die
0.0927387070480504,828.7803617325284,7.003662211491917,0.8643894744187781,5,Clean_Die
0.384288065774438,2575.0845896279175,3.160886840068558,0.7319381354786676,5,Oxide_Pinhole
1.0870154349603567,9136.177871071617,1.5620243776846683,0.5405082433039106,9,Metal_Short
0.28886730828011925,2528.0899849238144,3.0020746331582564,0.811749002455377,6,Oxide_Pinhole
0.07093405674666217,719.2528933795977,5.71079217173385,0.8874892880988741,1,Clean_Die
0.3507687281743293,2197.3140172731155,3.9356945177232596,0.6266928598961234,4,Oxide_Pinhole
1.884578631109214,1361.058683161819,4.937702063770759,0.41545588276105994,9,Particle_Defect
0.3347059586264176,2468.404950385199,2.5853083290877024,0.7652928305499362,3,Oxide_Pinhole
0.12376946116466601,876.1171743877396,5.891624919330648,0.956592674831159,5,Clean_Die
0.14927317782441255,2136.41434548817,3.218155937989875,0.6023862515478837,6,Oxide_Pinhole
0.17546448365794515,791.3820159027237,6.550405603684872,0.9111299073650472,8,Clean_Die
0.10224644085944411,810.4670982253712,7.283844700424731,0.9571208820284642,8,Clean_Die
0.18209501836883038,4521.669843078687,2.3483384926834536,0.5287637849139801,9,Gate_Oxide_Trap
0.16127547252569993,753.1575930017851,6.7361138750985114,0.9483942903159083,2,Clean_Die
0.16154754532726703,5544.204338333495,2.7236596594774403,0.6475124358374627,10,Gate_Oxide_Trap
0.23877660891507815,2380.7424735895124,4.0557575469641876,0.5657705726432629,11,Oxide_Pinhole
0.48221464637582945,2323.384620976804,2.791149447146099,0.7265549849434806,4,Oxide_Pinhole
0.055327246916032344,732.3985814180439,5.598495223358605,0.9088452315778686,8,Clean_Die
0.30121851465776883,4409.772216430088,1.9934686214853445,0.7532289473194074,5,Gate_Oxide_Trap
0.2346670838434381,4330.443909219008,2.694213212297626,0.7159492160280057,6,Gate_Oxide_Trap
1.5868860004508805,9124.700959354786,1.7918596854804851,0.43714579067187986,11,Metal_Short
1.0241683668970123,8033.7515008946075,2.3917388934996726,0.5137962614890864,10,Metal_Short
0.14109667679947094,725.9816418831005,6.349746770212317,0.9219407564334822,8,Clean_Die
0.7646079530960501,96.50588981737698,5.288955119612111,0.7706752235338401,5,Via_Open
0.1139206038800899,832.9369805244645,6.2977695278093035,0.9698572953840007,1,Clean_Die
0.14593321105845067,3696.2999620627265,2.2359686959567875,0.4262242154319507,2,Gate_Oxide_Trap
0.2967075541293087,1834.1085352288585,3.8846917289074003,0.7072679006295062,11,Oxide_Pinhole
0.2831014707581898,4055.1086159851984,2.448965997551578,0.5476782379338082,3,Gate_Oxide_Trap
2.2295666800737033,7364.85270723343,1.5284799030855294,0.5321254180158906,10,Metal_Short
0.1274787285159708,825.7288863200462,6.893799862066006,0.8714190725693781,7,Clean_Die
0.09973201380342425,690.8634422954232,6.121354506659024,0.9210656722269895,9,Clean_Die
0.07744385248707483,753.210910222563,6.668294497653107,0.9105610555118078,9,Clean_Die
2.3385503124515017,1130.6798826448507,4.714207582114035,0.8340395715287721,4,Particle_Defect
3.3982557274229848,1057.1280590136917,4.039730036215342,0.5466940193397122,1,Particle_Defect
0.15541296448231176,744.4494368542023,6.586481363395173,0.9823393819769088,10,Clean_Die
3.514445814399017,1262.8011324333625,5.266469316985504,0.6461038777471785,10,Particle_Defect
0.09079567160167315,712.2220660819771,7.776061484433227,0.9055765896632151,4,Clean_Die
0.24756544511152867,3551.9525632484692,2.8858539214993826,0.47037453073781277,4,Gate_Oxide_Trap
0.24127792633783346,2368.3560857727234,3.318210904905485,0.6139346738296937,10,Oxide_Pinhole
0.10740345883606355,786.8396661520802,7.269719899201888,0.9588484709797842,4,Clean_Die
0.3280198625467179,4430.849347023061,2.2793506174030678,0.37501798127612707,4,Gate_Oxide_Trap
0.34013451451403803,4755.12610519294,2.9598272138204753,0.6221789608091051,8,Gate_Oxide_Trap
0.1803576792659671,4770.540316872034,2.510606180732383,0.5735431166209456,7,Gate_Oxide_Trap
0.2340169057408822,2299.880136888886,2.762409800251941,0.7323744207759684,3,Oxide_Pinhole
0.10415728067367527,775.1381254012878,5.6371272123075125,0.9659317187660896,10,Clean_Die
0.22118381776464,4012.4298646632633,2.60278473859133,0.6276938220124415,7,Gate_Oxide_Trap
0.13286094166205015,757.0014753068687,5.858146643421669,0.95218368222361,1,Clean_Die
0.23733268547596817,5179.536463338633,2.5184452601866614,0.6201177618877188,1,Gate_Oxide_Trap
0.05,800.9253756149872,7.917481728783127,0.9836195082398999,10,Clean_Die
0.05,844.0629798284843,6.896332399810151,0.9605935399666901,8,Clean_Die
3.386233357276586,1429.510220841743,2.86600788286898,0.5349177723787779,3,Particle_Defect
0.41351782012944505,2355.6080911423337,2.6318463793028943,0.7911772164200879,5,Oxide_Pinhole
0.8573577826364371,165.59031466331612,5.707128326902832,0.5996693375920529,4,Via_Open
0.18516828788150594,615.7397925206478,6.690175910601534,0.9416575116559174,3,Clean_Die
0.3618415795213199,2050.713765273727,3.070960493086595,0.778570972608258,5,Oxide_Pinhole
3.114336845990452,1040.2046291414547,4.85233039848989,0.6119933377107103,4,Particle_Defect
0.11813350357661168,4682.885398554024,3.3646859420510244,0.49232648977031124,1,Gate_Oxide_Trap
0.20307206495321206,945.2739065296755,6.932085893159455,0.9240276056004811,5,Clean_Die
1.0370278657440355,195.03122843713982,5.354949502336209,0.4793294560664434,11,Via_Open
3.4394015533051436,1148.3967486139277,5.846303255571618,0.5741121658347814,5,Particle_Defect
0.21129472057679352,2139.6858676762827,2.8860429898216755,0.7029764115274715,5,Oxide_Pinhole
0.10520166378085966,4437.667090728316,2.1658792405706935,0.6356340858112692,4,Gate_Oxide_Trap
0.49313554725438496,154.90920257370053,3.626565186368074,0.6029032503570847,3,Via_Open
0.05,772.4815486374389,6.767299225570929,0.92575392056482,10,Clean_Die
0.11487332087552862,743.877637920638,6.813170414503467,0.9777771432848251,5,Clean_Die
0.28854666584976496,3780.1047166000126,2.753159500810582,0.4662700479541958,7,Gate_Oxide_Trap
0.42971095651806246,1746.506941160721,3.2868085902182655,0.6507501216718022,1,Oxide_Pinhole
0.10417139062616027,3752.5537713825424,2.887341769604686,0.5157733655105217,9,Gate_Oxide_Trap
2.291988009337688,1337.0069746467898,5.345845707759403,0.5176466655961743,10,Particle_Defect
0.16034581810906223,4192.208224831539,2.6900371120464555,0.3909503062230918,5,Gate_Oxide_Trap
1.4925412667820637,8274.868627402748,1.634563063868597,0.3083849260112739,4,Metal_Short
0.16249610437296885,6122.250196698124,2.904950070471567,0.3914630930300096,5,Gate_Oxide_Trap
0.22986193051241188,4357.5588508668825,2.9885560673676865,0.5609799239630926,3,Gate_Oxide_Trap
0.1723188116172042,776.7007844845647,6.907041705040869,0.946053893041786,2,Clean_Die
0.35857046714718305,2183.6870278508763,2.960008897279334,0.783855805800386,9,Oxide_Pinhole
0.11778510562961124,746.9703109752803,6.642568466845021,0.8699666038503474,6,Clean_Die
0.3355221235037925,4796.729142135298,2.1659525828973307,0.6322417967128504,8,Gate_Oxide_Trap
0.26815577475052854,4999.2895144622635,2.600521974449614,0.650868736707173,11,Gate_Oxide_Trap
0.10461469808808994,867.6085690116819,6.467222597134606,0.9428483137861872,6,Clean_Die
0.2596503973248584,4637.024909717547,3.094341215672505,0.5175288992231091,7,Gate_Oxide_Trap
0.1294142096406047,589.2676963739796,6.419060092895807,0.9536977287238895,2,Clean_Die
2.272635962119059,8648.536235946382,1.7604917445492183,0.3352933523289421,4,Metal_Short
0.10596594381532136,4896.588751106349,2.879956285350693,0.6461194763012984,8,Gate_Oxide_Trap
0.08280855942893942,881.2451627242306,7.17103482712969,0.9387207435602533,10,Clean_Die
0.09326467515844578,772.019088707724,6.979158737742671,0.9747336716406623,8,Clean_Die
0.44552472868931164,2491.8052537941307,3.112377938948928,0.6766316515148608,2,Oxide_Pinhole
0.7182007414077485,114.10727564537844,5.737279975707708,0.48239913230264253,3,Via_Open
0.05,734.5329988239353,7.501704497047886,0.9213911434310382,3,Clean_Die
0.2497199188698966,2899.235773271439,3.102051702928277,0.6691149998396843,2,Oxide_Pinhole
1.6396623370113625,7511.002400269058,1.7520815209186407,0.40111655544150326,5,Metal_Short
0.05,1017.9267569633072,6.5719643509280194,0.859017016889026,8,Clean_Die
0.2494484919345942,4151.97640523665,2.3584500254816554,0.4827094576266861,8,Gate_Oxide_Trap
0.09162595566915482,911.7691286774293,6.729639116221136,0.9249059106289264,3,Clean_Die
0.5389773600055854,121.28136121527419,6.087997495409519,0.6914620464955386,8,Via_Open
0.275677418921109,1840.3799682707386,3.166866091919689,0.7312954809973895,9,Oxide_Pinhole
0.2225026970805465,4787.4130787138665,2.220448058564174,0.6879241404968164,9,Gate_Oxide_Trap
0.7869966127238956,107.11332610480514,5.511734422542607,0.7096425487686818,9,Via_Open
0.4235415168331753,2532.8933344992897,3.2410249703344576,0.5008839026124218,10,Oxide_Pinhole
0.1336884104415647,847.1776399248374,6.718131141931693,0.9158682103972035,6,Clean_Die
0.06037333467449224,797.8974666148354,6.88685938469364,0.9154756320104126,10,Clean_Die
0.19723022278622931,944.5017617367811,6.880589653425542,0.901197250803191,5,Clean_Die
0.17409275061508267,774.1129684319627,5.80938119000874,0.9115372251362545,4,Clean_Die
1.8261555204491542,9152.858819804684,1.8670492299720254,0.4855907975310199,3,Metal_Short
1.641465727128916,8786.18832346122,1.024415268239263,0.40215122366231376,1,Metal_Short
4.501271946983703,1302.5930173379725,4.371096082518358,0.6763479408767721,6,Particle_Defect
0.08732667727758298,820.865292097056,6.749476770996257,0.8985549500509867,6,Clean_Die
0.09037362157866519,782.8034155193783,6.770460729496104,0.8819630581233112,5,Clean_Die
3.0213085188310864,1076.672833772979,3.7145347329167575,0.6836504979460656,5,Particle_Defect
0.05,761.2587717284152,6.395920632544679,0.9376461843736235,10,Clean_Die
0.05,705.4371673060608,6.291792950160955,0.9072353188485698,1,Clean_Die
0.05,799.8351670604395,7.040636486571384,0.8798158498123997,5,Clean_Die
2.978553454034753,1287.0557114659239,4.099615745339426,0.6418915861547697,8,Particle_Defect
0.16049925767262863,735.602310599061,7.237092596267337,0.9088963494778801,9,Clean_Die
0.1695450589830839,4098.925758800896,3.1775076373246796,0.4844592795939342,6,Gate_Oxide_Trap
0.07485134827416046,771.912835048551,6.329682032683957,0.8915630219139986,9,Clean_Die
0.6819105573796297,112.63361981626966,4.978789644416892,0.5651209066754602,5,Via_Open
0.46960593512477333,159.0372527969196,5.8106574913229405,0.6008859329425326,6,Via_Open
3.554158671272867,563.6417028439292,5.111440294933869,0.5894112199098142,2,Particle_Defect
0.11096990110182402,799.8823150982267,4.842605953052419,0.9036528964863155,5,Clean_Die
1.9537897700972329,8536.363031317014,2.119941017890846,0.4922171949392493,6,Metal_Short
0.5550516867505708,83.69035153426137,5.30564577883241,0.6590976079956932,1,Via_Open
0.097469213255812,789.0961858944825,6.5335124200056764,0.8887105420230123,11,Clean_Die
0.14303926154676816,815.6599336856291,6.104741040605509,0.9458426464599571,5,Clean_Die
0.41371279818857093,1847.4777058399823,3.2325354592992106,0.7252808040005062,5,Oxide_Pinhole
0.05,795.6568927680942,5.927489481116339,0.9250864210932894,5,Clean_Die
1.297679386355596,7812.228585443252,2.0195637604195706,0.45528344490973627,5,Metal_Short
2.025950706961537,1250.6066616287421,5.902345011191059,0.6341131143197293,1,Particle_Defect
0.05,936.6210697925573,6.064633331975277,0.9201016856005149,5,Clean_Die
1.39049507834016,7516.158057614115,1.7762268531595466,0.10138382153783893,3,Metal_Short
0.34545032465160114,1849.428375134239,3.2050433186239493,0.6494828425468755,2,Oxide_Pinhole
1.4186449499306755,8284.361530954995,1.964670010688226,0.5384957162204353,5,Metal_Short
0.1768600894268776,767.9238655036515,6.304175490677515,0.8672503034718219,3,Clean_Die
1.7658665860717457,7631.177916013659,1.732369063197619,0.4359645349459006,9,Metal_Short
0.11075052506212581,706.4511145898242,7.841738350604529,0.9308302772678279,2,Clean_Die
0.17829300374391777,911.5486420104648,7.663953365836676,0.922655363381899,5,Clean_Die
0.38416771216053996,2211.8193770430858,2.9846753467522356,0.7349510249474516,10,Oxide_Pinhole
0.3233067963086496,5116.925561202301,3.369977306142175,0.5876487355321383,2,Gate_Oxide_Trap
4.154942382471983,1445.6127806508146,4.065432629754202,0.7351925192223443,11,Particle_Defect
0.18630906986781126,838.0348084293031,6.735537376086717,0.8965462231913262,3,Clean_Die
0.24906319296220397,4786.965596333625,2.387420110808745,0.38983823207020996,11,Gate_Oxide_Trap
2.526369864754817,971.1592168401082,4.889126428773116,0.7803236672844798,5,Particle_Defect
0.1211817810399098,672.5850397140907,7.226288600153254,0.9233499837077979,6,Clean_Die
0.05,925.656159330314,6.459435769434806,0.9752694524755963,6,Clean_Die
0.05,1022.0192985505156,6.330146943259134,0.9397976533060702,9,Clean_Die
0.06534038889625608,995.7636283779476,6.634404843177927,0.9092755172897554,3,Clean_Die
1.6296062499072141,8137.258591318074,1.9464296072741452,0.3679125985431147,9,Metal_Short
0.05799348693199805,830.1281520170207,7.134166835903723,0.9387091727697718,2,Clean_Die
0.13177451828516737,749.0791114633934,6.853192531390423,0.8930503185708741,1,Clean_Die
0.165237679849904,760.3731595591452,6.598875081572549,0.8932108160900022,11,Clean_Die
0.3838112790053513,2748.234333522555,3.136083658209782,0.7032508106031184,11,Oxide_Pinhole
0.3525483561443782,2390.169899426836,3.1690488024791996,0.554651571980248,3,Oxide_Pinhole
0.25542843953288985,1793.8722841861538,3.303575222072403,0.7434763196384258,9,Oxide_Pinhole
0.05,834.8060867995757,6.702624420940422,0.9091234406812243,9,Clean_Die
3.4364134856615784,992.4334137763352,5.339529834934254,0.3848736637650923,5,Particle_Defect
0.05137683464738867,904.132602192756,6.880958330828334,0.9470391408670339,7,Clean_Die
0.49608587259460574,2460.3386810583415,2.886954756827485,0.6855055148958574,1,Oxide_Pinhole
2.7303935419031427,1273.951179582244,4.693268421401698,0.7647612284757137,5,Particle_Defect
0.16224794083163077,704.6716278633651,6.451243787074565,0.9264235920479195,3,Clean_Die
3.0870336752042986,1291.1071020149182,4.038572172714093,0.5844080569734855,8,Particle_Defect
0.0771781726482666,841.6643112147382,7.236699785895236,0.9268493520502737,1,Clean_Die
0.24518379617448288,1963.8475242680918,3.1798896400672403,0.7952687975953256,5,Oxide_Pinhole
0.05,812.6695898871815,6.626935387689963,0.9190270885219848,8,Clean_Die
0.062117272647844696,5072.1824068515025,2.3640730884514944,0.6168263856736204,5,Gate_Oxide_Trap
0.9088134813248839,77.91928105304677,5.146184046779103,0.5854432386703586,9,Via_Open
0.05,794.9208592549113,6.619595765123282,0.8760153329709215,4,Clean_Die
0.2517394567960068,2034.7665678845435,2.7073840990416036,0.5994316530961252,10,Oxide_Pinhole
0.4234325218570998,2403.967412127926,3.1161032964518323,0.7627027640502227,3,Oxide_Pinhole
0.05,731.9343347710128,6.555878423173867,0.9016592269308834,8,Clean_Die
0.05,729.4980201462719,6.335308575306776,0.9168511101424681,1,Clean_Die
1.2792715689120204,8981.342732488363,1.7835633153605637,0.3991195514435133,1,Metal_Short
0.05,4147.654178621138,2.6576797613768472,0.5258135549070759,3,Gate_Oxide_Trap
0.2459245518105325,4817.871037849546,2.757062966700515,0.4506354006098463,2,Gate_Oxide_Trap
0.0833070573656752,846.5698650179528,6.59455694469012,0.9128861087799383,11,Clean_Die
0.9256750261284765,151.4812215572844,5.288535381473019,0.5762101980553644,4,Via_Open
0.12664763540065482,813.9668410246194,5.928036837577923,0.8932130579210751,5,Clean_Die
0.22871630068149923,4391.241477704364,2.539969750392024,0.5016985156628315,2,Gate_Oxide_Trap
0.05,744.0056627524605,6.783543477339522,0.9516750406041831,9,Clean_Die
0.2830430619457577,3953.1943241651543,2.2787498932619936,0.5287891952572343,2,Gate_Oxide_Trap
1.719819825684239,8978.790888964468,1.8881096832587356,0.39914733659307694,3,Metal_Short
0.08379141690699086,815.3542018516277,6.066911474549058,0.9429452608241411,1,Clean_Die
0.4160284888846071,2130.9488918953884,3.4375303102998385,0.7183593095754484,5,Oxide_Pinhole
0.1996669417368681,2326.262369579989,3.239762326171889,0.7043515942921623,1,Oxide_Pinhole
0.15384128284862045,789.2368639886332,6.214651094589616,0.9180024544659311,6,Clean_Die
0.0678803583671155,823.6222153115887,7.144863985032953,0.9586587448335314,6,Clean_Die
0.172815665336392,5212.650127221339,2.5080735761221997,0.5642518627200056,1,Gate_Oxide_Trap
4.346059059050053,1185.0999409662786,5.450279289278306,0.819315191178162,11,Particle_Defect
0.35647639944991855,2235.5776776313924,2.8281808138454596,0.8234737550181712,4,Oxide_Pinhole
0.2566355923217341,4740.122520054743,2.4378620919467986,0.5576443232616988,8,Gate_Oxide_Trap
0.1670346078238577,884.6481556676393,6.837046078476126,0.9577778275764965,3,Clean_Die
1.2309550645452882,160.73794230985618,6.551693443280108,0.6328579259118565,5,Via_Open
0.21333583415791998,4871.694745059944,2.7344202605527785,0.42176022540872443,6,Gate_Oxide_Trap
0.6874754148656559,168.62093170975774,5.169537140797353,0.4248628745745302,3,Via_Open
4.150750204099405,1131.653127247707,4.88800516217811,0.6892504673903149,11,Particle_Defect
0.09370495826279969,786.5096219139558,6.2769245182109055,0.891623428807363,4,Clean_Die
1.16380841603037,193.31638084647074,5.134140809619277,0.5762334259237115,4,Via_Open
0.11826365562866378,813.4798157951274,7.183403908639699,0.9708862179276567,1,Clean_Die
0.19858256670483868,4364.708241173871,2.4809077839189375,0.5340472273434598,3,Gate_Oxide_Trap
1.327334898687564,7347.112467689156,2.4430330173274086,0.35902494677571994,5,Metal_Short
0.2166345431490049,966.490237358531,7.194580041753988,0.8529865128803379,5,Clean_Die
0.07201890176593545,653.2647721166293,6.668659998103458,0.849603952357945,3,Clean_Die
0.3689400615114796,1469.7713446908338,3.4488513842615163,0.789536881616522,9,Oxide_Pinhole
0.24856054008225165,4708.295422438996,2.3949141870932293,0.48762370910628305,3,Gate_Oxide_Trap
0.0672544746074728,694.1780184157653,6.620429613770971,0.9470418702189517,7,Clean_Die
0.09893352879987656,934.0696589514049,7.009500484901344,0.9532272130590886,10,Clean_Die
0.05,776.8482050627455,6.88859519854922,0.8697205567729228,1,Clean_Die
0.059188614694994236,929.5074961567485,5.9100438489560325,0.9372578146031535,4,Clean_Die
1.5676319762844042,8173.201772806722,2.2800652911526087,0.38998294117871923,10,Metal_Short
0.08572786092612161,4176.753167490446,2.3205530396256244,0.6853745639248866,1,Gate_Oxide_Trap
0.08012209400643704,709.506916957538,6.04859688881336,0.8982803898838797,6,Clean_Die
2.7209567781323,1188.081117871279,4.940323976334287,0.5679708304018203,7,Particle_Defect
0.6924132077902253,55.446175972695954,5.65352476111777,0.5515954058914544,5,Via_Open
0.31163807684291134,4494.701996882679,2.831821307431574,0.693469032220308,4,Gate_Oxide_Trap
0.8243535397902949,202.13531489332325,5.2015218497966655,0.4761435365146986,4,Via_Open
1.457121859102415,8463.234393057146,2.061474142965595,0.5729450010569368,6,Metal_Short
0.6766988217131051,177.89527796006212,6.364525503968736,0.5493140186909437,2,Via_Open
0.8965658197910179,124.78313976855446,4.67581949664167,0.5494558900743017,7,Via_Open
0.523667624433092,88.53443821206274,5.536163065062637,0.4802195126974288,3,Via_Open
0.1428903337132584,841.1882228356029,5.451301866456461,0.9904022863361017,8,Clean_Die
1.4739332480985388,8708.076822020614,1.7336812170773204,0.40545600975672696,8,Metal_Short
0.37354010446931424,1811.3865012011088,2.035439677953473,0.6615890737850103,11,Oxide_Pinhole
0.23995181222706433,1408.9162709773418,2.5423836267450763,0.7950802674084468,7,Oxide_Pinhole
0.07551166168842319,4902.130372312369,2.8048458503160147,0.5868621657858044,1,Gate_Oxide_Trap
1.359010210395049,9157.049628547735,1.4525997813612572,0.5706465402468246,7,Metal_Short
0.2278098067206197,5022.631730646172,2.5295007496600146,0.5796329610011767,6,Gate_Oxide_Trap
0.18553101477641826,4908.421401107576,2.7390704408669384,0.8059317057717605,4,Gate_Oxide_Trap
3.9834801393236248,1073.5806959202541,5.1492051055039765,0.5813683253835168,2,Particle_Defect
0.22566949521509524,4663.696205098477,2.355027397737513,0.5934210699420284,4,Gate_Oxide_Trap
3.1498958102095065,934.5161399985516,4.449936533755509,0.6892557937266263,3,Particle_Defect
0.13624452137258364,802.9260675498643,5.827774449660058,0.9174750114035917,9,Clean_Die
2.0043120022980805,8828.522644981118,1.3853597278639105,0.4443204532121777,2,Metal_Short
0.08412293300717706,833.7477462051429,6.731752253179005,0.8264869492770456,11,Clean_Die
2.275629667368788,1533.2473753195018,4.352063450001877,0.7219202698746262,7,Particle_Defect
0.0655896406560405,786.5946488729396,6.369443405706141,0.958100568570528,8,Clean_Die
1.6231201693368842,8093.512243804891,1.9646378621876408,0.3911677306926554,7,Metal_Short
1.2620181942626132,7206.589462233136,1.6886384559144072,0.3896024718992912,9,Metal_Short
0.05,679.8168770095557,6.707329974718599,0.9615238260032032,7,Clean_Die
1.4776323946761836,7030.144241250183,1.9330408548240203,0.8585417964408368,1,Metal_Short
0.18697382014436847,4989.998832905239,1.4603015279041252,0.7329103093724922,10,Gate_Oxide_Trap
0.1278788745189399,991.9657125161923,5.610860612079985,0.9418603943028557,9,Clean_Die
0.08101777568838722,951.6683329276747,5.837630569848435,0.9086326287999396,1,Clean_Die
1.499243285462736,8539.113875353247,2.3543642154560285,0.46728497923813883,10,Metal_Short
0.14179200539585501,1063.9283823226388,6.841214527349437,0.9473824954497551,10,Clean_Die
0.894035994008043,191.06668661359018,5.350288606927918,0.6406499991100328,2,Via_Open
0.8500104374326857,145.5239463473168,6.356444697737387,0.5195703827009959,6,Via_Open
0.17869422196927337,4480.150441022189,2.1872894635355555,0.4329141766533531,7,Gate_Oxide_Trap
1.28907635200687,100.48644082290772,5.751978737944894,0.5323909322726285,2,Via_Open
0.5948200877819636,101.24198748849312,4.959272359396607,0.6397401053488746,1,Via_Open
0.05,709.8942392675507,6.233962793501345,0.866967534950819,6,Clean_Die
0.17312430287851707,1962.845920187342,3.2596027935147074,0.7140917205630859,6,Oxide_Pinhole
0.3928230345336502,133.60359979529133,6.362699099691503,0.54826941830091,7,Via_Open
4.60754457930771,960.2341184509505,5.768091182839148,0.6079434468631443,5,Particle_Defect
0.3427213719198723,4905.095681941295,2.462446062082678,0.4741663192468746,3,Gate_Oxide_Trap
4.394736275837928,1203.0755947631405,5.0450031583915305,0.5373186140019645,10,Particle_Defect
4.074543459846886,967.231289611784,4.3158659929092265,0.7887463023632244,4,Particle_Defect
0.06103737608014359,763.2746291964478,6.688968686597621,0.9120671774704667,5,Clean_Die
0.18938087151007965,5095.5302292903525,2.5581563390653583,0.6201524025925859,11,Gate_Oxide_Trap
0.12040834842377197,770.900499336623,7.835375817352576,0.9098523956046345,1,Clean_Die
0.08977817691450934,726.7359168418039,5.714353336984424,0.9528645932478041,11,Clean_Die
0.12705225782633334,814.3168063666405,7.2251827562397555,0.904154766798769,6,Clean_Die
0.05,814.3556628854274,5.525850546560204,0.9144770204758456,2,Clean_Die
0.07127293780134089,727.0715532199049,6.119959440255903,0.9360816409181227,2,Clean_Die
0.05452165990287421,586.3575451457058,7.112315704262456,0.7920490071237406,9,Clean_Die
1.0273646166739063,131.37023035563743,4.422223719150765,0.6587246206625799,8,Via_Open
0.0784467093153665,806.2750341373153,6.8812655350416465,0.926770984585885,8,Clean_Die
0.33418795692194936,4754.589361946441,2.3259138503489623,0.5261031441836765,11,Gate_Oxide_Trap
1.5755669136260586,7624.004199786806,1.7415265595683616,0.5487827379780553,10,Metal_Short
0.05,744.9807495160335,5.893835111994602,0.9358641281240763,3,Clean_Die
0.433318627971372,2221.0197934533517,3.286262931324996,0.7703945866032288,1,Oxide_Pinhole
0.13659279821760437,688.9248658945462,4.925922038673943,0.9354469402389715,5,Clean_Die
0.05,739.8394704255695,6.207212228155977,0.9150718112835473,10,Clean_Die
0.8385570121824563,215.325338630261,6.506768901862193,0.6079323167198993,2,Via_Open
2.441135973141866,1155.8426473248742,5.898840051208857,0.5412092603159155,4,Particle_Defect
0.05,2458.9493596112347,3.0348142869959975,0.794649513325755,4,Oxide_Pinhole
0.1587892804276012,754.7430045305895,5.854821079199144,0.9551410191837107,9,Clean_Die
0.297032469446454,4704.7519519698,2.63924767806725,0.5524049176071433,3,Gate_Oxide_Trap
0.17358368415965186,840.9505091445918,6.275327908982438,0.8667361902573802,6,Clean_Die
1.9859602736743165,9885.900943667828,2.12874407804031,0.5043255486805671,1,Metal_Short
2.676590853405516,1128.6325363108908,3.9437619445706824,0.720129436167193,8,Particle_Defect
0.16430118051904682,2163.2785360185253,1.8009135542311994,0.7599473306186442,4,Oxide_Pinhole
0.09116341011653625,4968.408314254803,2.2994327924091644,0.545676641512689,10,Gate_Oxide_Trap
0.10539765789866085,741.3614023289655,6.996332687739738,0.9277068885277528,1,Clean_Die
0.1753078564116157,4178.668159166802,2.4488382053129554,0.6179867188666262,9,Gate_Oxide_Trap
0.38344661551643056,1923.7822994351388,3.623867179265306,0.8152703461052303,8,Oxide_Pinhole
1.3149943627129634,7857.007524751515,1.8358117776799274,0.479608459197221,3,Metal_Short
3.77155290219449,1224.4717820286974,4.785703993171842,0.628472963348799,1,Particle_Defect
0.2230919670750787,4597.11671628152,2.3225040217051798,0.6905404587871256,6,Gate_Oxide_Trap
0.05,850.8906921733403,6.67336982403545,0.9689577655198046,5,Clean_Die
3.4733950699929395,828.2223713262215,4.531231453192643,0.835200413978093,3,Particle_Defect
2.311003033388782,9061.930184871011,1.7146161143875993,0.4284819166404653,3,Metal_Short
1.0997549588770688,9040.589918246598,1.993834368090195,0.35281080252597447,1,Metal_Short
2.597892792889297,1066.5466131185915,4.307981590993452,0.5577375449255395,3,Particle_Defect
0.796035141582863,215.71001417920434,5.9589275546760465,0.5792793677028945,11,Via_Open
0.29371804832084186,4657.373662271895,2.4185636742542056,0.6426916120357523,5,Gate_Oxide_Trap
0.37450187324655965,2068.6497812739262,2.9205831347344366,0.8166377526648025,6,Oxide_Pinhole
0.13807178152811192,631.9391442458341,6.325096330096426,0.942994381052019,1,Clean_Die
0.2089691470118198,5114.7840236418515,2.7194675885597417,0.6104058988534771,5,Gate_Oxide_Trap
0.05669885383684883,820.2981525313761,7.488461269449433,0.9224651257130854,9,Clean_Die
1.5681450927709293,8400.896516307663,1.5031403985416605,0.3973844663535169,5,Metal_Short
3.209304164122202,1481.4040202544104,6.096193961596693,0.5170077221417209,2,Particle_Defect
1.2623080146788637,6320.951363175559,2.028127973807014,0.4288503732358302,3,Metal_Short
0.0964462701961344,629.6061423704516,7.287511099261583,0.9013068850029659,8,Clean_Die
0.1702486879332029,3825.048209826978,2.44190435583275,0.7854378200117698,7,Gate_Oxide_Trap
0.22904057338890804,856.4844422462037,6.807417477781692,1.0,10,Clean_Die
0.27415601007605384,2255.4609123582222,3.41137701003374,0.8438126086494236,10,Oxide_Pinhole
4.599701268813049,991.6852723980746,4.1074556816858765,0.5722625948978491,4,Particle_Defect
2.720916403140169,1257.0151139170064,5.036148829778675,0.7460144765375464,8,Particle_Defect
2.6117257400506957,1514.5329431535424,5.02872797652401,0.7137963701843275,9,Particle_Defect
3.2384649207929086,1378.6486454731557,4.412609591894457,0.6937268116196661,7,Particle_Defect
1.9961776996073688,8876.671010676244,0.6569943205680602,0.513050509945421,4,Metal_Short
1.3246293741791768,8281.83804396419,2.027575740529872,0.4930347878733231,5,Metal_Short
2.0854476253116214,8483.34148898906,1.4832835780091003,0.43455375408849944,10,Metal_Short
0.2958355838432789,4720.010244971092,2.6024695102809505,0.6476445228460092,4,Gate_Oxide_Trap
0.05,1025.0125364197943,6.012686842088605,0.8690247197315961,3,Clean_Die
1.0043343173945023,118.2047379352908,5.635032130750267,0.6801014992315583,6,Via_Open
2.9159474427233087,1235.2431755079292,5.142220309546435,0.6964244486455513,3,Particle_Defect
0.05,770.6889900731613,6.425475711946206,1.0,7,Clean_Die
0.28954369202254643,5289.673942337726,2.081554892277044,0.5461701519527704,1,Gate_Oxide_Trap
0.32560392825624784,2111.956588422493,2.9479664037178916,0.8163805745869718,7,Oxide_Pinhole
0.1975499569604566,3123.899619660576,2.0415666044579233,0.5830064667989954,6,Gate_Oxide_Trap
2.5219816372078547,544.6026972380392,4.139513366016686,0.7580033266787163,11,Particle_Defect
1.7155003957992223,7890.287110131047,1.7628093300323406,0.40409053215171686,5,Metal_Short
0.1305791844901528,882.1460796193427,6.845987450672099,0.8519317370486948,11,Clean_Die
1.9155437332048462,6693.8921747455,1.5567860147711539,0.39459921582854274,8,Metal_Short
2.9876129246497762,1376.1474685770343,5.496053146929712,0.5987098137693971,7,Particle_Defect
1.5574512592046637,9428.463479681193,1.678646160049164,0.37355461792869493,9,Metal_Short
1.7020802689785735,7650.683244107814,1.672671910020481,0.5842144166843884,5,Metal_Short
0.23893203727661255,4666.377487686572,2.569441289835317,0.5496831529515642,6,Gate_Oxide_Trap
0.1170988529329797,4617.99810477803,2.0734428632952304,0.4890732883930978,8,Gate_Oxide_Trap
2.7831988931822984,1145.2764539777424,4.662093117578935,0.5162229146851395,7,Particle_Defect
0.10805300124585196,725.5024913067363,6.8380920625839,0.8905799567905875,5,Clean_Die
0.15180875017710632,4138.481302303752,2.7800323261694064,0.6496938440472294,6,Gate_Oxide_Trap
0.2490030458285489,3987.3521979935626,3.1463972709374737,0.5120797790834819,5,Gate_Oxide_Trap
1.3551692348461686,10273.203367102533,1.3695160004661002,0.34017827507055887,8,Metal_Short
0.3042331470324184,2261.03667906912,3.114405873972499,0.5584025211245516,7,Oxide_Pinhole
0.1475871993462971,3971.934704011878,1.8626197885026712,0.3604860935068378,11,Gate_Oxide_Trap
0.10298721332932298,766.7743696841981,7.346781010975344,0.9417704199694953,6,Clean_Die
0.07524744906458752,4620.292169172772,2.759175069924005,0.5503568210591049,7,Gate_Oxide_Trap
0.14735860386904104,713.0896367905743,5.616658594142925,0.8930186305310608,9,Clean_Die
0.14936265379548702,939.1880097283116,7.105281166192589,0.9179658707326863,9,Clean_Die
0.9805068138525622,8473.61819607533,1.7301379282201037,0.44541152899966857,8,Metal_Short
0.10625030908032619,629.1249122300328,5.820616694937967,0.8361346948858671,4,Clean_Die
1.3504985869600388,7816.895667724799,1.9859253361712546,0.5861084471963356,2,Metal_Short
0.10968570057786452,700.6111171421674,6.663504312251277,0.9367051822053729,8,Clean_Die
0.7992996250784475,92.0998659014044,5.63320836489234,0.6867353171832494,9,Via_Open
0.8602163895869186,8566.437933864763,2.0550000654014786,0.6536428245392916,5,Metal_Short
0.7802716840278068,150.51532956469725,5.136016641563161,0.5904686351453089,11,Via_Open
0.13774461721131312,632.8212022820678,5.433326623693006,0.9135897354250112,1,Clean_Die
2.3773456514880493,1136.5841847886852,3.7263306115395496,0.654730939065453,11,Particle_Defect
3.197874586563583,887.3954393247259,3.568018167209039,0.5850727722967989,9,Particle_Defect
1.1951661427839215,8360.850014148602,2.2521943206302484,0.5679937055010158,4,Metal_Short
3.37315287949484,1139.4548263035138,5.8574272745553495,0.6940680025475026,2,Particle_Defect
0.3031035370972583,2430.0334605865446,2.768780590166412,0.7727717731088943,11,Oxide_Pinhole
1.8161951896812254,6586.650713273426,1.4459777254051913,0.39546631771200075,2,Metal_Short
0.38500888397488475,2398.1813421463476,2.7483176478271414,0.6425413848523065,6,Oxide_Pinhole
0.08852300512740159,939.9748611627806,7.200924329214774,0.7936005040513135,1,Clean_Die
0.05,638.9036710590958,7.244470452490676,0.9265015363165865,4,Clean_Die
0.44426361605763104,2102.7071023969265,3.5752847788486073,0.7075190036293294,9,Oxide_Pinhole
0.06970072704880417,809.7936355758005,6.279275404846273,0.9387325853767456,8,Clean_Die
0.4105334145174352,4557.86868350112,2.484240583240684,0.4087974246279156,5,Gate_Oxide_Trap
0.2878780773260232,2326.6124319888113,2.8165461471844098,0.708126208645878,5,Oxide_Pinhole
0.9294669101671543,244.54860163201317,4.513322251936193,0.5897554981392816,2,Via_Open
0.056761592085108094,822.445737949987,6.087122282231525,0.9294767294426479,5,Clean_Die
3.3758100553501986,1199.2755861565429,4.518811719441106,0.47659392400624545,2,Particle_Defect
0.05721078190058901,679.7741922530324,5.985416481453276,0.9355635531422514,9,Clean_Die
3.1598493240425327,1422.5962914796962,5.696302360202478,0.616158626360351,4,Particle_Defect
0.2653159746576857,2567.8500358563197,3.4364824066981097,0.6390291909796074,3,Oxide_Pinhole
0.8766880616358549,7203.627811516964,1.814657605516788,0.25349118851712266,1,Metal_Short
0.10336187079771167,890.1957313408577,6.767316829530989,0.966992679130209,1,Clean_Die
0.08496710579456773,786.2349374891778,6.225591972436036,0.9246155273927877,5,Clean_Die
0.4053652963780875,2074.796275171189,2.7439048892246123,0.6448347879223907,6,Oxide_Pinhole
0.1420817401347529,4931.390133692806,2.5658122326877053,0.6258147535267654,10,Gate_Oxide_Trap
0.15495724006066017,761.021532739417,5.865132656773475,0.8713283581329093,7,Clean_Die
0.43017409884002117,1960.7477601940107,2.558281564085975,0.8008912825690128,2,Oxide_Pinhole
1.3997082652697277,8729.242790540358,2.072677510900069,0.6180669118134581,4,Metal_Short
0.24573702985046902,2461.8571265312507,3.5089762054687985,0.605063763878799,5,Oxide_Pinhole
0.08953752274387397,739.4991688964551,5.9509273083986525,0.9266354874764571,5,Clean_Die
0.9091015074527692,8793.084364040356,1.8384763970208882,0.5285252464609542,5,Metal_Short
0.6079480521771286,113.27138285328726,6.8875887473338,0.6224988879479251,1,Via_Open
0.22769423692411803,2046.1310365491959,2.535185994176395,0.5181211080271331,4,Oxide_Pinhole
0.10956750480906866,609.8224976366774,6.595100089222698,0.9583978602458045,4,Clean_Die
3.0811176326020058,1213.7027288770719,4.159696072120321,0.5893218545955514,9,Particle_Defect
1.0932743021463343,103.84103742867097,5.134870019633021,0.5690222134891063,9,Via_Open
0.296467875740112,2395.3648847068152,2.9367564472329892,0.7937889540582331,6,Oxide_Pinhole
3.9614194409594514,1329.098795651541,3.801107440705623,0.5464964250079256,11,Particle_Defect
0.06625134373227787,948.6977679755827,5.76006965661094,0.8791731684086797,2,Clean_Die
1.8150589811238342,8416.622639424546,2.002525025407214,0.5454483448667876,11,Metal_Short
3.005736428776838,1278.8241206294608,5.025804513188077,0.5272984547218359,6,Particle_Defect
3.8186893857535873,729.1213993985214,4.993671350987238,0.597661046837865,9,Particle_Defect
2.059580706056015,1281.851974373216,6.872135642947189,0.6503030331118748,5,Particle_Defect
0.12190241489038647,747.218226044591,6.60391892613549,0.9112310231325119,11,Clean_Die
0.09920525406854783,711.166274614212,5.839880648027062,0.8745258150826684,5,Clean_Die
1.665582681379102,8431.465808759212,1.6114312231519918,0.4447896000215726,1,Metal_Short
0.18704558065130059,4967.755967405825,2.5019026251257994,0.47070995212886474,9,Gate_Oxide_Trap
0.1319262753254964,853.0669248978613,6.118628312813454,0.9527665111119549,4,Clean_Die
0.2214321269974664,3884.504075399717,2.1849151177517614,0.3165074960380819,1,Gate_Oxide_Trap
0.2351113382099333,4785.929720749999,1.9123893613071705,0.4476351979199943,7,Gate_Oxide_Trap
0.08813450116672569,916.9288591073968,6.037681499394184,0.8978644400599641,1,Clean_Die
0.05,864.7323478158933,5.934645845719362,0.918156346022443,3,Clean_Die
1.8565838188931407,1049.9216015299291,5.194385549374915,0.640943923706392,11,Particle_Defect
0.1977759760379312,4720.8065682277365,2.2408590699874003,0.5867944471719636,5,Gate_Oxide_Trap
5.20246829775469,1348.9916665160863,5.381103012635863,0.6328722854464386,5,Particle_Defect
0.05,3856.511058032363,2.64851326655239,0.6695086517898016,9,Gate_Oxide_Trap
0.195096757465223,4230.121043069983,2.429055773569187,0.6877433840060255,7,Gate_Oxide_Trap
0.05,715.7858943514552,6.471239404111722,0.950581758639888,7,Clean_Die
0.09853018085376876,654.8563992000021,6.928508589023284,0.8332544894636782,4,Clean_Die
0.28803816972717083,1822.458317993497,3.953691826600213,0.7668818975843656,9,Oxide_Pinhole
0.7166312802039886,146.79402901411947,5.4096628636097845,0.5980429142783725,7,Via_Open
0.972125551825237,50.0,6.269214460867589,0.7019070316897414,6,Via_Open
5.503781811237628,1125.2484533322643,4.934544981820039,0.7294834573494788,2,Particle_Defect
2.585092104735795,1275.4246554560298,4.637328165076819,0.6343613030003423,1,Particle_Defect
0.8371620665712913,115.45041646689893,5.1263555954047915,0.6618620616176282,9,Via_Open
2.619866448416447,1280.237734817012,5.41429803075119,0.5222562661798731,3,Particle_Defect
0.15260175471057658,704.2553582477728,6.445778849340113,0.887594624842135,5,Clean_Die
0.12193117346664564,698.9330376879011,7.437476122923771,0.9288383499192602,9,Clean_Die
0.8677521672114752,118.8811507019858,5.348422918778912,0.8254575901916208,10,Via_Open
0.09826588903755246,888.0075753297289,6.012818030288624,0.9132879939122476,1,Clean_Die
0.35303069714686935,5255.3147183721385,2.6962606412785206,0.4885060198535886,5,Gate_Oxide_Trap
1.4796934728518416,1253.5028357991166,4.326871985481116,0.7060962470047303,11,Particle_Defect
0.053595604015201,859.0841122923421,6.3757806938687605,0.970761665181372,11,Clean_Die
0.10758329919466923,946.4697952002648,7.360421998913024,0.92086575833828,6,Clean_Die
0.3094266952093899,1882.2191165725408,2.2012141957862585,0.7498057318072702,6,Oxide_Pinhole
1.0435582268321337,131.8189397125555,5.741663780371687,0.5510966978838,5,Via_Open
0.10487967135036448,860.5474178870793,6.788305334709162,0.9489907580743778,2,Clean_Die
0.11671808877439786,802.9238090815892,6.04782990956828,0.8883999402145649,8,Clean_Die
1.7804822552007742,9467.053333870283,1.978470745177043,0.38338637383686225,8,Metal_Short
0.2666073653170298,1929.8895649042227,3.114412091696324,0.7607983809000853,1,Oxide_Pinhole
0.15851729451506666,918.6126044281449,6.736936479647979,0.9115848505622408,10,Clean_Die
0.08759707443159505,770.7362460870704,6.661891850999064,0.9481658474592417,3,Clean_Die
2.111869937258128,8375.762226236615,1.8179952985774985,0.36713306765643144,8,Metal_Short
2.8414374848726554,1162.7677529660818,2.40528459887195,0.6806970065319631,1,Particle_Defect
2.071919156067076,967.4075282614308,5.342466777768184,0.5744191919171954,4,Particle_Defect
0.9189384265524724,8563.55391074952,1.6697794527970649,0.4151111077435821,3,Metal_Short
0.11259064329832363,742.5840742759123,6.421327939441405,0.8837904687742792,9,Clean_Die
0.06663578584398211,703.5822754339479,6.094921942483312,0.8973310652580031,8,Clean_Die
0.056982029227334564,688.4355410262147,6.363988116936308,0.9359141234420965,4,Clean_Die
0.11948379992925634,661.7117434514147,6.507712796112385,0.9520485760926438,10,Clean_Die
0.30431193216865243,2188.2854944529226,2.6240718780401475,0.7680892009655211,6,Oxide_Pinhole
0.37257651191322594,4580.169593481248,2.7234993539140633,0.5657171596373998,11,Gate_Oxide_Trap
0.18146080767550649,1120.5694770157015,6.520155505615105,0.9247092361687385,10,Clean_Die
1.0291740335568904,71.78394239577615,5.33318247175853,0.6076938032968826,2,Via_Open
0.32082395541192443,4510.141391036432,2.5894082511612444,0.5249307698542665,9,Gate_Oxide_Trap
0.6070351382421306,251.63992628445442,5.607034055292234,0.5217722971380673,11,Via_Open
3.217398445006762,1005.1065561412985,4.089958638038112,0.57554570727873,3,Particle_Defect
2.812687462002489,1319.980133797608,4.6874628935923175,0.5130553465541343,3,Particle_Defect
5.193244775966622,1422.5392886660238,4.342325230676894,0.7011356593654112,4,Particle_Defect
0.18653804012022895,545.7489045136136,5.93052067687053,0.8790023969668861,5,Clean_Die
2.8036794029196295,1088.8640921647427,5.362315626371003,0.6425426322520457,3,Particle_Defect
0.058015170961762966,748.1004078501836,6.821034428848289,0.9442294508563734,2,Clean_Die
4.72977698991382,1517.2289702454054,4.558171582524858,0.6641360552384749,3,Particle_Defect
0.9361625446508726,187.8888265205553,6.4047237769129,0.7081420393661776,3,Via_Open
1.910194268062498,9656.979370679632,1.4973449738541242,0.317418886477308,6,Metal_Short
0.1056666604055032,661.4799404449957,7.457808838816781,0.856549519401313,11,Clean_Die
0.09787891283189666,786.7209139045946,6.7298065408506265,0.9237499016306636,4,Clean_Die
0.11208839291315685,728.7175092761895,6.3396266701205395,0.9393052442989799,4,Clean_Die
0.18707448654653158,822.8485302052965,6.9350075733206,0.9281888227269883,4,Clean_Die
0.16654260229794743,733.1597388425038,6.75541978083551,0.8846241057082405,11,Clean_Die
0.8939950503880546,50.11670492816684,6.35370558547439,0.5389374720306,7,Via_Open
3.287655936440014,1540.974785519869,4.922655187981775,0.8012884804008299,7,Particle_Defect
2.12074518823401,8728.512539940943,1.749044895487444,0.4705786624795751,1,Metal_Short
0.2007321195765631,708.0655651710065,6.216064483273314,0.9184622069188061,4,Clean_Die
2.0703717416754124,9099.56565389526,1.4385222989873936,0.4685830266250618,2,Metal_Short
0.18457499803015942,737.726669705183,5.682008722286455,0.9503538597210416,11,Clean_Die
1.140437188242811,147.57734452188905,5.571901076126194,0.6247227089316584,4,Via_Open
1.0904114821342046,9644.498785334004,1.9144649786140673,0.4278987786197153,6,Metal_Short
0.25747807023113595,2322.204646907449,2.429209245898635,0.8024701081292054,10,Oxide_Pinhole
0.4297631450886976,2162.9914525421336,3.142356614548543,0.7103384237772665,7,Oxide_Pinhole
0.2897248264426661,2859.771687151894,3.0114609584525636,0.7276235093865226,4,Oxide_Pinhole
0.18483901452682772,1808.3059933883792,2.5115314172649494,0.6992575371858907,9,Oxide_Pinhole
2.2885344652638127,7753.36784025592,1.4398332694670155,0.3125482564286455,2,Metal_Short
1.0098761651416293,8536.733922921741,1.8839766105926534,0.5541954865335437,10,Metal_Short
0.2594460240860307,2325.0467623102018,2.8557413431521326,0.6645891137490952,3,Oxide_Pinhole
0.10111415200938212,909.4373009255096,6.882152339831825,0.9692848471326498,4,Clean_Die
0.2222799327946774,1950.1411013860697,3.3580756297620344,0.8520577082118471,11,Oxide_Pinhole
0.09587556523207302,746.161535598475,5.9878322547280876,0.8492324836083941,10,Clean_Die
0.35822952605278174,4126.328753066497,2.0565577612429466,0.5182711698519962,6,Gate_Oxide_Trap
0.10703726354500365,860.5085387532545,6.9273131987896495,0.9973017733398319,2,Clean_Die
0.05940905893567293,699.6955539971915,5.515219162952338,0.9044352485159349,5,Clean_Die
0.1001872118875714,903.3411271482075,7.193709481884037,0.9422161174421008,3,Clean_Die
1.4161835030020586,8604.866642989396,1.7601143993510278,0.3251524230748923,8,Metal_Short
0.4370641574466696,4369.357797465874,3.0769748517446107,0.5882788543572378,2,Gate_Oxide_Trap
0.16970371833310338,711.6351311907345,6.035497002531249,0.837669975180566,10,Clean_Die
1.052104757961992,155.1630168649488,5.910279037993805,0.5851983515943187,1,Via_Open
3.4429387017347137,1088.2551490534363,4.5303040228648,0.6227449856529683,4,Particle_Defect
0.40678938715588253,4877.666384415803,1.9856505718965565,0.6464247402794177,7,Gate_Oxide_Trap
0.10584961166476536,945.7196332227556,6.22328903554167,0.9881884111390137,1,Clean_Die
0.06161330495295478,603.8549697658793,6.699499074250415,0.9155523079045602,10,Clean_Die
0.25194918149863155,4989.585930546045,2.3780628143765874,0.5877625927465997,10,Gate_Oxide_Trap
2.8685007106512814,844.1702685546251,4.992019846290783,0.6330818926295864,3,Particle_Defect
0.18488912837316948,4433.687875084379,2.392313237997097,0.5313328297029436,11,Gate_Oxide_Trap
0.3518008488870343,2465.556143371313,2.929961249851033,0.801387343725443,9,Oxide_Pinhole
0.29196772168144564,2370.515020692917,3.63373421958549,0.794359807429366,11,Oxide_Pinhole
0.1377248431976932,1848.5189680507472,2.7242696825473516,0.772015803188106,7,Oxide_Pinhole
0.23484233449236325,3304.4052338696074,2.5443823942173305,0.6596378642803307,7,Gate_Oxide_Trap
0.13780848933517748,5030.639945297387,3.3266258042017434,0.6221509893389221,11,Gate_Oxide_Trap
0.08178263395103202,783.797777962792,6.6349114331214825,0.9257938233304251,3,Clean_Die
0.390676026276148,2240.822960031516,2.9785718257870584,0.8629215900462334,8,Oxide_Pinhole
0.15319003159095063,693.0569228976533,7.494624405389713,0.9811161043528066,6,Clean_Die
0.13683181754158752,735.5624254829401,7.046490192578097,0.9223830811778689,7,Clean_Die
0.122816037943403,5611.649117488397,2.490731991607132,0.3951324570898091,2,Gate_Oxide_Trap
0.089309208245898,690.6119882991072,6.99646755124226,0.9493606649660603,5,Clean_Die
0.10614455594159712,814.3931330459902,7.22671146626358,0.9662495027270448,2,Clean_Die
2.5791257995300962,1092.1978982249002,4.757235686916265,0.7046424837264001,3,Particle_Defect
3.7974402847336464,1283.9609582640019,4.156958746847133,0.6363506443800365,8,Particle_Defect
1.9989831647561163,1301.26629535908,3.5734433014879077,0.7651445779298955,9,Particle_Defect
0.08870179710915023,768.8817464918266,6.07519804673016,0.8869401324489549,11,Clean_Die
1.72262481677648,8237.704365266405,1.6086197767061239,0.5576794335844952,9,Metal_Short
0.6049178679962166,153.1639836133474,6.208168759491098,0.554269896273922,5,Via_Open
3.6388801229238656,1275.8523396217072,4.590715494362691,0.6609861539358444,7,Particle_Defect
0.22275944762948513,5134.133068142789,2.361045654788056,0.5175231369727662,3,Gate_Oxide_Trap
0.08097035545453292,857.5625166656678,6.8675252665305715,0.8708408688682413,5,Clean_Die
1.7804711591937892,8187.60764612195,1.5425494260235189,0.2930704175807347,10,Metal_Short
0.3087815635306068,4240.193861573185,2.701940996989678,0.4741677796813471,2,Gate_Oxide_Trap
0.10102350807300468,728.8331952263163,6.2354502145434925,0.9591201997151662,4,Clean_Die
0.05,741.9361000113634,6.813327788358217,0.9433404597460618,2,Clean_Die
1.4172490166551728,8080.925513531436,1.448941725584531,0.2893084651033293,11,Metal_Short
0.2337593595463578,816.0820255877699,6.512650627129387,0.8952530731717935,7,Clean_Die
0.09692279802869176,900.3526278483587,5.5454935952342375,0.9290293446137444,11,Clean_Die
0.32369106301833916,2307.652008126007,3.4966181981286852,0.6297887571056862,2,Oxide_Pinhole
0.08369361394100129,862.0615030821857,7.424212306890765,0.8621345203945676,6,Clean_Die
4.010663822498508,1420.3633712784763,4.546458858383018,0.798084286927604,3,Particle_Defect
3.0675698565586114,1074.124783755781,5.564920137916448,0.674702414812511,6,Particle_Defect
0.18604275034991863,795.299524655415,5.78801256327969,0.9005079510453063,11,Clean_Die
1.3428677335295016,7548.342619866183,1.8875649162872143,0.39132523231907346,8,Metal_Short
0.21066221322661452,4263.83945283589,3.165275397393014,0.43401123292945276,4,Gate_Oxide_Trap
0.07250104191076163,848.1760478485896,6.679551617922868,0.8996249958420113,7,Clean_Die
2.7642179870328736,1460.7608243914556,4.484795280216564,0.5177199392171146,4,Particle_Defect
1.1294809795121208,7979.925678734965,1.1733337321251827,0.601089931046207,11,Metal_Short
0.2408314479120645,3778.304427745088,2.88594815814703,0.5788269284052562,11,Gate_Oxide_Trap
0.1447318300652375,947.2075466827349,6.8319458570138325,0.9281720108553453,6,Clean_Die
0.0744543542895521,4262.811793062883,2.428367597527073,0.5892290292246394,11,Gate_Oxide_Trap
0.06639101463882807,878.344821127452,6.03812696382814,0.9082190571705453,5,Clean_Die
2.7305847660747014,1278.9443626314946,5.148160435192806,0.7844587098526743,11,Particle_Defect
0.05,681.697816131904,6.176076134692965,0.9609429611177308,6,Clean_Die
1.5061193221626854,9248.31699062053,1.93440587647078,0.4132653276120006,10,Metal_Short
0.0939175946486804,881.3447732764511,5.529196134749314,0.8997590231823569,7,Clean_Die
2.8775657611638765,1127.5196435135836,4.352207194469097,0.659375612588589,3,Particle_Defect
0.7686406484326751,157.0436253147152,6.080974335631318,0.4733676320278036,4,Via_Open
0.16824139450677156,789.7399947475652,6.188321971705496,0.8601211638369851,7,Clean_Die
0.12515901144538688,885.9491590172067,6.315852403180278,0.9402271485876181,2,Clean_Die
0.15750471727931753,4024.2774777272566,2.1876659010028128,0.5795722503030185,2,Gate_Oxide_Trap
0.10620160661509244,582.0889656808304,6.146145490186343,0.8574256910363997,2,Clean_Die
0.20763010469284027,814.6576025715318,6.985656967713635,0.9852091424511535,8,Clean_Die
3.1838907241803382,1177.6190376945397,3.7742336455281507,0.5296239866741008,5,Particle_Defect
0.4372898184696779,2306.129402315528,3.887902224187177,0.6375274622493553,11,Oxide_Pinhole
0.28172355808281324,3749.619879909572,1.2833342452480234,0.7622921851769147,10,Gate_Oxide_Trap
0.08116554129064094,1701.528190480471,3.8314135348337284,0.7377079789713195,5,Oxide_Pinhole
0.7644278093130548,162.31268965969738,5.164262702895403,0.5638964383125774,6,Via_Open
2.877485221901811,1125.207179933665,4.679688917601367,0.7435345473689446,9,Particle_Defect
0.09349260304035753,935.6719016665926,7.121745743456221,0.9108857554917946,9,Clean_Die
0.1623716304655702,926.7828127095626,5.679307927486544,0.8836515536360207,4,Clean_Die
0.05,889.6537258590623,6.793219105228118,0.8839132858475877,8,Clean_Die
0.20487775182177706,4530.761531450256,2.701756671126597,0.5293987033447654,11,Gate_Oxide_Trap
0.05,883.5147193191275,6.992700129132975,0.9519256669457494,10,Clean_Die
0.052599884581871786,950.4811911751484,6.056304461153305,0.900374545728046,10,Clean_Die
1.9148609442894533,8917.26824459122,1.388882610600276,0.3639360652195525,5,Metal_Short
2.627453729221689,1169.2886513824865,3.724803564232072,0.8552458164890305,6,Particle_Defect
0.337302995076292,4630.970666884637,1.9255146596001254,0.41089407548907425,3,Gate_Oxide_Trap
1.6253242160007844,8147.570320718727,1.8586659109139116,0.30146687107385073,7,Metal_Short
0.12115758847833993,789.0990811995889,6.0754441654545115,0.9317718654114183,4,Clean_Die
0.7413790903930991,167.1751776150238,5.661880137812275,0.5596016034076476,11,Via_Open
1.6307699035909127,1363.9413489941126,5.165490372963612,0.6327406605471476,11,Particle_Defect
0.5742527327309213,59.56538877872822,5.682163695674558,0.7359342858977265,6,Via_Open
0.05,704.1210220767781,6.359597224253186,0.9484160346889926,10,Clean_Die
0.06079058491068551,799.8381911655822,6.113289334324134,0.9150718825810872,4,Clean_Die
0.2262517782006038,4725.021248089122,2.367700833191956,0.5497305057191221,9,Gate_Oxide_Trap
0.18082738586612812,4336.28874419191,2.1413345187343897,0.4396705224301402,3,Gate_Oxide_Trap
0.28706297252030466,5336.847460074551,2.3938794787830777,0.46936933865238484,11,Gate_Oxide_Trap
1.4726896900684914,10257.556242594204,2.004169159872494,0.3644801732477979,10,Metal_Short
1.3040911979986092,8754.411543400402,1.4393667993694579,0.4277677747332143,2,Metal_Short
0.05,878.9655984948956,6.867075099398207,0.9752038230052795,9,Clean_Die
0.05433413890320599,817.5720583828622,6.077579964682522,0.949755941165716,11,Clean_Die
2.6618744071466396,1115.950320147657,5.352319624483462,0.7553656743322054,9,Particle_Defect
2.396416526927089,959.5724377925146,4.654294362061019,0.6656625345671576,9,Particle_Defect
0.4826480911672214,1460.5314470146018,3.0450060220313357,0.7167553547623311,3,Oxide_Pinhole
0.08776386099415673,977.2952307923962,6.746595883637094,0.9140570023113409,3,Clean_Die
0.3182137209137144,2169.1580067647974,3.5387302579713,0.8352213801950924,11,Oxide_Pinhole
0.2468846301808721,2404.476651296976,2.9155406706605884,0.8121121687210342,11,Oxide_Pinhole
1.8395091961836063,8937.106850567714,1.6079581843771034,0.46306490147456697,5,Metal_Short
0.19017745238475509,685.4190993471275,6.774083375657286,0.9561482327342172,5,Clean_Die
0.2068332267754651,678.1922642941962,5.351937036896157,0.9762064720618906,8,Clean_Die
0.05,819.0215998620364,7.5438094523309775,0.954094986864446,2,Clean_Die
0.2915683584385302,4027.414019020959,2.1851955550220885,0.44133411037056614,9,Gate_Oxide_Trap
0.1651755093457331,721.1615964508529,5.867903581987535,0.9416382131131235,9,Clean_Die
0.22117795952139147,2589.7361381551823,3.8101240834600674,0.7911818619745989,6,Oxide_Pinhole
2.0669898453343416,7784.1526885063395,1.9206199760102676,0.5601342814747184,8,Metal_Short
0.2725215930944072,4594.733554619523,2.36861735978275,0.5415367441319789,8,Gate_Oxide_Trap
0.16539040329898774,820.2747181711073,6.83179099859181,0.9719733491020344,2,Clean_Die
1.0225391907702197,155.7563619877535,5.634305987118428,0.5115002561795818,9,Via_Open
0.30598900384128647,1401.051932482258,2.660852849937084,0.6829612874987273,7,Oxide_Pinhole
0.9279612497018848,254.55737583979237,4.880203061918307,0.6862644876392947,9,Via_Open
0.9869372502709532,118.71837418259176,5.0508417524012215,0.598186675539761,8,Via_Open
4.16726062432413,1159.8435991025726,5.714883326375839,0.47839340891963433,9,Particle_Defect
0.20645384787211418,4792.345533493171,2.947366686427824,0.5636797943857005,3,Gate_Oxide_Trap
0.2736200447293071,4548.046030914387,2.4494177817532607,0.6070349099067237,3,Gate_Oxide_Trap
0.13911562391828952,806.3253152755512,8.0,0.9721048568693629,6,Clean_Die
0.9464920781418745,8452.668791617456,2.0063028675641394,0.5417684796769581,5,Metal_Short
3.945858361068529,1309.2395422942984,4.98744117739313,0.767298645124029,8,Particle_Defect
0.1382267367809976,2540.511575761716,3.5421664073285832,0.5413245795550844,10,Oxide_Pinhole
1.8083012830271377,8234.814051449259,1.9027388248255248,0.42040994643998214,7,Metal_Short
1.8228422579616386,8104.600089326732,1.6573797185779042,0.5504683861991657,4,Metal_Short
0.12751385785579883,865.4094120716883,6.605923014653303,0.9551731153045927,3,Clean_Die
0.06618744644512393,764.0318476835041,6.754922364135115,0.9371182196503763,7,Clean_Die
0.6557624382256801,105.21474646667599,6.55541162532354,0.6603814244399402,9,Via_Open
0.2160853472871613,5092.39163219575,2.576673656424734,0.5067276796574114,9,Gate_Oxide_Trap
0.11445313005789526,640.1512330007338,7.260792282089693,0.9048890733964016,3,Clean_Die
0.1345385914070562,889.2367855962924,6.302269390163819,0.9112624884440562,6,Clean_Die
1.4952339666428307,7275.87012984815,2.011087005688448,0.4582665655149821,3,Metal_Short
0.889072165350305,173.41987923296702,5.414370771710247,0.5298229046557201,9,Via_Open
0.7419602810759098,203.95788189350242,6.376861991158808,0.5470006065394721,6,Via_Open
0.19475932712695387,4365.535689952652,3.138601480130938,0.527603955725565,1,Gate_Oxide_Trap
0.37959194605995245,2148.793063590638,2.8975764963141732,0.7305159647867958,4,Oxide_Pinhole
3.449018333101781,897.3508221409145,4.066501095329867,0.6015251403696845,1,Particle_Defect
3.654356772535456,1232.6876187372,4.1477045244505835,0.7348534507460489,1,Particle_Defect
0.17635349513326068,4621.45310131092,2.6405518111551,0.6520776020439937,10,Gate_Oxide_Trap
0.18556694310242697,4984.006441557494,1.522125074800658,0.5401987814864393,8,Gate_Oxide_Trap
0.9965804136066684,73.64594967547924,5.62520196472716,0.6038942275614929,5,Via_Open
0.11979433693420231,944.2220557603194,6.847996861769015,0.9273802944719082,2,Clean_Die
0.06843237578466778,826.4912069173552,6.984904135164063,0.9407010636480222,2,Clean_Die
0.136584198600565,892.2915242834545,5.7282697558483715,0.9471953522965622,2,Clean_Die
0.05,709.3482751276864,5.570565798476305,0.8781451302075008,1,Clean_Die
0.050210670851212794,845.4327634672202,6.28328440319838,0.8782916952818535,6,Clean_Die
0.1349426939438676,688.2854466470928,7.050241433855425,0.9400124453924699,6,Clean_Die
3.5088027985413857,1103.3091511265934,4.4688393663519905,0.6300913976895249,2,Particle_Defect
0.21553032327412563,4454.530185988873,2.566089904899209,0.48284428516098676,11,Gate_Oxide_Trap
0.9024001650776493,103.63742780515632,5.395068117222253,0.5669139192799899,1,Via_Open
0.12353769970811322,789.4486780850253,5.520994376502817,0.9640651365376255,10,Clean_Die
0.19490471401336446,4007.8471200845006,2.44581773707496,0.6694836149400698,10,Gate_Oxide_Trap
0.7013646046477168,9376.923177425524,2.0397959822418232,0.4589078343558081,7,Metal_Short
0.3344194316545872,2315.7355792985954,3.4521836745320655,0.5532592600527401,3,Oxide_Pinhole
0.07015169672613465,779.8133063307138,6.042606932364926,0.878936398451702,6,Clean_Die
0.07113620574603927,700.0058466909666,6.286045606736411,0.8154350645787426,5,Clean_Die
0.13898748489808377,816.507655425977,6.0488532265577115,0.8553246842838105,7,Clean_Die
0.1178301399923058,952.8747990562612,6.019608817767429,0.9152483847126691,2,Clean_Die
0.08097140208512371,918.9258002716842,6.282649721616646,0.9471795171785216,6,Clean_Die
0.9773216756096113,91.47077436675096,5.7903030976011305,0.5837645464767289,7,Via_Open
2.9634090856608273,1040.9010017785538,5.855660421704961,0.4716127206949372,5,Particle_Defect
2.18335828288905,1029.0545751086545,4.215518492053189,0.4668497961041564,3,Particle_Defect
0.4897022686655411,103.32871585526037,6.160269022255187,0.6398940777333562,3,Via_Open
2.7902292043030306,1284.7978353521062,5.306724389640797,0.7896180088003119,8,Particle_Defect
0.22375571459948335,701.0995630645,5.7480989494567885,0.893509339841882,6,Clean_Die
0.3136130250987214,2622.9372100444016,2.969578923145739,0.7267752469702035,11,Oxide_Pinhole
0.5281407006727205,1933.401636948332,3.170945846608443,0.7968265375476795,3,Oxide_Pinhole
0.8034002630751175,119.78976011513056,5.406634559864335,0.6295447995692347,5,Via_Open
0.8604479539155349,8246.902376630467,2.1342070242412743,0.45970988723007067,9,Metal_Short
0.11235843110862855,750.0813456719757,6.8030133365835,0.8936098529382912,11,Clean_Die
0.15969316561147104,710.9004298276046,5.86022293391503,0.9348054837356684,1,Clean_Die
2.260104818234761,903.2126292294665,5.529974236197901,0.7773609785613794,7,Particle_Defect
0.3900427346747082,2474.9180491278844,2.9174608103319084,0.6331452065506975,7,Oxide_Pinhole
0.15416811339149442,877.5899028183163,7.584769057440868,0.9021556660273465,6,Clean_Die
3.946734751599582,1495.3039764469877,4.994784973831972,0.6601517170053829,7,Particle_Defect
0.9412138681981581,109.53315737780201,5.326168670257094,0.4734970458463327,5,Via_Open
2.437837918523932,1075.562491521477,4.751377925466934,0.6166570075028994,1,Particle_Defect
0.08489732517417545,833.9877587429846,6.9821567627627275,0.9604147445263053,3,Clean_Die
0.3881935216925987,2291.298968612541,3.0590524242742627,0.7391248791401612,8,Oxide_Pinhole
1.965940132608001,9273.25034942893,1.292214463766565,0.4779262991322152,5,Metal_Short
0.05,694.3155198541887,7.133035431240412,0.8975570164090628,11,Clean_Die
0.9214316258443558,162.6347211566204,6.33034303661644,0.5442924109172991,3,Via_Open
0.33793462637854216,4112.407359192252,2.570848613630974,0.5638511404753888,4,Gate_Oxide_Trap
0.10458057474362434,924.5228363169509,6.726234382582056,0.952365487762061,4,Clean_Die
0.09522960025412948,883.5604018133553,6.456692349936152,0.9194387850135555,7,Clean_Die
1.4073332816740907,1185.0104515978437,3.1546424628704774,0.7389622627101051,3,Particle_Defect
0.17430310002618388,710.4789222436282,6.392559962108217,0.926799088862742,8,Clean_Die
0.05,824.1659705556649,7.430923437421037,0.9100267357887614,1,Clean_Die
0.06758945096602642,737.3129053126661,6.829141258960149,0.9274538989736643,11,Clean_Die
0.06166707348082062,689.1635733618176,5.8047845852982825,0.9398565376690652,7,Clean_Die
0.07549994549721877,791.0496736791976,7.517957014744068,0.9478966985310626,9,Clean_Die
1.8905586530968193,1198.0301507761963,5.465503859406969,0.673653022135983,10,Particle_Defect
0.10122037114742462,971.3194287643074,5.625909868104162,0.8892148892463639,4,Clean_Die
0.05,923.2304203163325,6.457807177699604,0.9225482209078189,8,Clean_Die
0.16798517298589596,2343.9930434325966,3.1477040807520207,0.7105265563634433,2,Oxide_Pinhole
1.554953306427404,8797.937616492783,2.4044567012531957,0.3766125351254256,4,Metal_Short
1.9460668831008787,8692.771818889769,1.9528095904824458,0.44698590854438436,3,Metal_Short
0.05,891.3819244166057,6.270707379039423,0.8755388965762381,8,Clean_Die
1.6477894757603164,7030.135668189599,2.0237433273237198,0.4085011972093984,4,Metal_Short
2.781114210098414,1349.340300953062,5.36799606248726,0.5393024282876293,3,Particle_Defect
2.4579645600200135,1077.4864940224434,5.381478017352437,0.5912155563537764,6,Particle_Defect
0.29461402214565524,2420.375796516951,2.711031825283519,0.76217382530181,6,Oxide_Pinhole
0.20704634188416435,4404.8511186078595,2.5056070929714194,0.5762936238030806,1,Gate_Oxide_Trap
0.12172237288948938,774.2740344461769,6.803186523657116,0.9884729734866167,10,Clean_Die
1.020576061407733,141.92370011865498,5.514597792215268,0.6610913820304469,4,Via_Open
0.05,861.0359494552212,6.117336832781829,0.9517955870608727,11,Clean_Die
0.14585695603663573,818.9450631903854,6.369096675727083,0.9060468652131678,9,Clean_Die
1.5015236305876802,7406.117470040222,1.9938983830077637,0.4406619932644613,1,Metal_Short
0.11652800892502864,682.4709511009903,6.979238191796112,0.9679470787856361,11,Clean_Die
0.07302829309285427,773.0239260498026,7.776072246427164,0.9233711636118522,2,Clean_Die
0.06386974231692666,843.9960860623823,6.792851159047574,0.9668609451981321,2,Clean_Die
0.17432515946285398,2361.7672959379856,2.9712435679921136,0.6548839733791646,7,Oxide_Pinhole
0.05,761.8318387989466,6.512691299254582,0.9238774646116021,3,Clean_Die
1.0889941484080152,143.4520576642436,5.256703892742086,0.5908048542402267,7,Via_Open
0.8495084805678533,91.47574488940523,4.819814957466393,0.650383670794227,10,Via_Open
0.05,763.39688944504,7.258904045747338,0.9076710396662389,2,Clean_Die
3.010875606314904,1571.944850616107,4.748541923291447,0.7234266020521758,1,Particle_Defect
1.911069849140619,7938.199277897558,1.4289957065369236,0.4189079597647797,7,Metal_Short
0.14338898103633071,788.8293202224802,6.238876861131242,0.9749881133750224,5,Clean_Die
0.304929274117611,2738.9369414693642,3.4156553134816274,0.7756852765606159,7,Oxide_Pinhole
0.17996668232911447,742.2496949152512,7.204033089675939,0.8642469853983072,6,Clean_Die
2.4458890108645996,940.2769390715562,4.120984795255327,0.48059346818408033,7,Particle_Defect
0.1792218480899544,4133.974797191275,2.868271300828383,0.6462708414836684,11,Gate_Oxide_Trap
0.9022902173822283,162.0989109145335,5.529307329663466,0.4601185487092416,9,Via_Open
0.05,647.0153729238873,6.611994116804664,0.8695780452057555,10,Clean_Die
1.2951657906448686,8707.008405509216,1.6288025234313177,0.4775110355011591,10,Metal_Short
0.08314811912448417,766.1754554388592,6.843207690719665,0.9053753089575235,1,Clean_Die
0.23340858696955807,1051.4168918573391,6.756215802873938,0.8509141628879404,9,Clean_Die
0.23981767320495012,4186.734431216237,2.1478976885852883,0.3648819016468071,8,Gate_Oxide_Trap
0.8838116315374522,7231.7860950369495,1.4507395824050353,0.4969415754919843,8,Metal_Short
0.5323862082117958,87.20172440164887,5.698421566843377,0.534521367080862,6,Via_Open
0.220320213752421,2228.5831013684196,3.0898783246178456,0.7720094760633979,11,Oxide_Pinhole
1.7075321299220771,9319.544987165917,2.092617229592715,0.650368742162059,7,Metal_Short
0.3229463487149685,2278.6577240391475,2.7690673667471883,0.7111683670888495,4,Oxide_Pinhole
0.5253620086955795,170.5734876723763,5.687976301978606,0.7916514920221663,8,Via_Open
1.498008708215401,6811.351383129544,1.6855339349135894,0.33511291500691265,5,Metal_Short
0.05623708024172844,2629.7582138028265,3.336560828773406,0.6670244425400409,5,Oxide_Pinhole
0.11357701197118486,888.679608649473,6.453551830256816,0.8854310247612359,8,Clean_Die
0.3670512388312316,4541.586466832186,2.6658943848281873,0.6358622847255461,1,Gate_Oxide_Trap
0.07379372510446515,930.9886360988995,6.251667187148907,0.8229659549220714,1,Clean_Die
0.7498198801573068,165.13253982712195,5.264897659279909,0.5897519527122332,1,Via_Open
0.24875774007555984,2073.006541729651,3.180339478617681,0.7166891884263421,7,Oxide_Pinhole
0.37026918801592806,2515.846605465059,2.777997727147506,0.7649940885538148,11,Oxide_Pinhole
0.1508619413458246,785.2004209464166,6.544360509371043,0.927592873388541,8,Clean_Die
3.7650836864918404,1468.601212257816,4.452817564118844,0.7131801308655941,9,Particle_Defect
2.3911732074583463,1400.8052904321257,4.02055937986139,0.4866976198829751,10,Particle_Defect
0.31382249044675264,4330.392947066908,2.7008153671217054,0.45205648775605856,10,Gate_Oxide_Trap
3.6514071493752804,1074.8366377173427,3.983393579655122,0.5960590206160875,1,Particle_Defect
0.13552029830292114,685.2722470287097,6.312375669950683,0.9505512787338432,7,Clean_Die
0.1285039141493943,4698.530727160421,3.170693999922371,0.5458317914972101,11,Gate_Oxide_Trap
0.11683085082502134,707.7221693080755,5.73008514609291,0.9397546946696521,7,Clean_Die
0.84947870091293,111.31886240637428,5.042345915040359,0.6253104481896408,8,Via_Open
0.24025118399675,2262.2534875791484,2.8601996286365248,0.7161115144126937,7,Oxide_Pinhole
0.7057171912317747,132.20139870974018,6.084560145456751,0.4516115875728941,10,Via_Open
0.13512475142626823,759.2005450511341,6.418206388750039,0.9470318544697254,8,Clean_Die
0.06428969585481137,770.2172921399449,6.1415870775430506,0.8561596466839091,6,Clean_Die
0.15124909417937357,3487.4408840912934,2.8442163339027533,0.6439602256863148,4,Gate_Oxide_Trap
0.05,898.5739855939189,6.693061383475853,0.8238747441406054,7,Clean_Die
0.1430524962010446,4110.638117564586,2.965500993454293,0.6449615880367784,8,Gate_Oxide_Trap
1.6320180447072812,8408.67674043613,1.5811082519666273,0.47263001976405566,7,Metal_Short
0.06742547553945172,2879.368861217175,3.100603805135711,0.7117463991239434,8,Oxide_Pinhole
3.825704894503011,1135.835769266322,3.953725398606505,0.6126127819623302,1,Particle_Defect
0.14879682207414835,5322.900968184981,2.1439508059280077,0.7246720252437445,5,Gate_Oxide_Trap
0.18362465499286246,2328.5795911296605,2.8544897452818248,0.7017299777002044,2,Oxide_Pinhole
0.06617191549044152,732.0298376256968,6.226386812706634,0.9130590827226664,1,Clean_Die
1.9325830518077194,8944.773291358872,1.6313659348211567,0.47251625400327907,4,Metal_Short
2.084189119316142,1417.7567494737473,5.32128265128741,0.8237025184638402,1,Particle_Defect
0.084026811775607,726.7252140213766,7.049502111629188,0.93609980147309,2,Clean_Die
1.147356290628868,117.55778095666437,5.67116968200004,0.7034975345835878,5,Via_Open
1.94495777536281,1271.1916229804085,4.4903996818590715,0.5206328262513517,4,Particle_Defect
0.09088466865259807,530.5906870262654,7.208045512447487,0.8708950371418084,7,Clean_Die
1.4551688357768569,9331.778005259695,1.5476518531045005,0.44456508922128596,7,Metal_Short
0.05,746.9717620262101,6.236467966582371,0.907531643342854,11,Clean_Die
0.1581459115540445,681.2284662625924,5.922892295432878,0.9406446107308053,4,Clean_Die
0.14133920505726455,1966.2655495162671,3.1761301745775934,0.5858642756598977,10,Oxide_Pinhole
1.09200588559877,161.04035569936454,5.109892428555893,0.7171259716389102,11,Via_Open
4.619465584536096,1189.1571351476325,5.216292097972352,0.5933673505051943,6,Particle_Defect
0.13286052235972096,881.6816290455349,6.682889785866747,0.9315206998918016,10,Clean_Die
0.24101523867227725,2309.4943900232524,2.7547763245968575,0.7175903168398996,9,Oxide_Pinhole
3.8775478279217594,1559.4808369059301,5.404769449152553,0.5935911381647629,6,Particle_Defect
0.06519353876065637,717.8557343888397,7.05591028008228,0.9997853411565341,8,Clean_Die
0.05,792.5501759719847,6.4593543870558525,0.8750548936598622,9,Clean_Die
2.2558538523051364,1378.1242910687993,5.274446911170862,0.6627549340579313,11,Particle_Defect
0.06799329779426908,710.8831609493866,5.671131215805504,0.9477496236144742,1,Clean_Die
2.261583248212722,8388.153306179533,1.5205163517630802,0.5115341594053903,6,Metal_Short
0.0522469888162784,690.970706984524,6.132035540628404,0.9045290761370676,8,Clean_Die
0.21392137734456484,2110.8585866129574,3.318277678685661,0.6439177046150958,9,Oxide_Pinhole
0.9946049951062113,7845.8300769486605,1.7084485585552551,0.39780158958313205,1,Metal_Short
0.1430031390903383,1037.685900199532,6.21210022706892,0.9077636393442807,7,Clean_Die
0.6892984009051172,171.55974257627662,4.2390958926467945,0.5525964984150601,9,Via_Open
0.1282321455052226,4261.698139595193,2.189117030010172,0.49904102785942966,9,Gate_Oxide_Trap
0.06610697573664351,812.3924544189599,6.175720997407021,0.8505143360526137,3,Clean_Die
0.20014322044518146,857.7255056659628,7.08952796503641,0.8888269590186171,7,Clean_Die
0.26259190256966364,1923.264146816964,3.6241783496923654,0.7570867778988762,8,Oxide_Pinhole
0.057992655815364225,623.6389835603819,6.133744548161513,0.9103488555524767,4,Clean_Die
0.13251734762415832,767.2844639616035,6.896523145217448,0.915028138883755,2,Clean_Die
0.20988360688875393,3888.9914459558804,3.4491085896473694,0.575392179591512,10,Gate_Oxide_Trap
0.07889583101595823,699.9292971279485,6.145324190334924,0.8452279317359681,4,Clean_Die
0.05,801.218499521362,7.105466875389283,1.0,1,Clean_Die
0.3537741915189211,2245.298437182394,2.758688757535947,0.724452218536668,3,Oxide_Pinhole
1.239261339485174,7539.633435350009,1.8715646211870858,0.47013512845717553,3,Metal_Short
0.6315878146362379,50.0,5.081544161081495,0.443360870363715,1,Via_Open
0.05,595.1291550840491,7.1781025313807,0.8680426969483437,7,Clean_Die
0.2841132235394782,3915.9441249082342,2.7925644702637435,0.5283834130643021,5,Gate_Oxide_Trap
0.1275706362111452,713.2328496047921,6.281521517297032,0.928914594486713,3,Clean_Die
0.14929252700111165,4301.526980600862,2.434441895397696,0.6079716481409543,5,Gate_Oxide_Trap
0.08286883542918921,735.3634703545131,7.31232605311875,0.9380177856192077,7,Clean_Die
3.63842546712629,1419.3879101002085,4.9179475254197556,0.4291225641136832,5,Particle_Defect
0.27021836493009543,4768.032166342386,1.8851845307685497,0.5156377186164173,3,Gate_Oxide_Trap
0.23666093033732022,4498.836484793152,1.580795686560609,0.6907395235436924,5,Gate_Oxide_Trap
0.10396192432558088,1138.5919498352587,6.827158405982292,0.9800261794383079,9,Clean_Die
0.05,857.6925124968616,6.937176729971853,0.9085341225770317,2,Clean_Die
0.1447044773040973,672.3821301287264,7.1732061417951485,0.8484446356559063,11,Clean_Die
1.3315718273050545,7813.926126552881,1.4604424767622932,0.4635152921649637,8,Metal_Short
0.2785118539126085,1953.4359265267365,2.785606030835477,0.6961973375557601,9,Oxide_Pinhole
0.1214214601796231,2162.1537472897735,3.0344434392987467,0.5517276987797011,5,Oxide_Pinhole
0.0612306232137391,851.3306402142488,6.5540085380656,0.9500575533344231,3,Clean_Die
3.6588624755636325,965.2509810576867,4.507787038522169,0.7476009977955691,7,Particle_Defect
1.8662851177033142,8112.626387175325,1.9376632870706447,0.25214917799349623,6,Metal_Short
0.6968451323499439,167.17497230889188,6.028440018635333,0.6451335135362547,6,Via_Open
0.11842971724814023,772.7032331066138,5.95198616643706,0.9622843478004979,5,Clean_Die
0.24489747342400037,3973.6925869557463,2.453233099095046,0.6934126896262852,6,Gate_Oxide_Trap
1.4868186733220738,8291.929183470658,1.730000573377573,0.3833724723420393,5,Metal_Short
0.05,4488.9758590204965,1.6545049366484004,0.49563271047707297,2,Gate_Oxide_Trap
1.4284984963259457,9041.375567008106,1.9154435068739502,0.3461135229268509,6,Metal_Short
0.07105738375088232,720.8407405345616,6.083870436867711,0.906968650894258,5,Clean_Die
0.31864865540815546,1952.5838156063237,2.8436258771379235,0.7389228551472158,10,Oxide_Pinhole
2.536668429737636,1010.9269669167543,5.420669768122465,0.6763489424443625,4,Particle_Defect
4.4366506829694385,1067.0601889295367,5.322750992224491,0.8025553517744894,11,Particle_Defect
0.05,866.4970241166718,7.291472863548853,0.9396101373173258,8,Clean_Die
0.12298342562440624,909.7064982527398,6.596364348268909,0.891515310315888,9,Clean_Die
0.05,718.6274120939682,6.328674793437106,0.9642255484811937,6,Clean_Die
0.15992561600116387,810.0702140987141,6.525088391754776,0.917927970077657,6,Clean_Die
0.27018287128873725,4287.485364132817,2.623950850672708,0.6814237623894506,8,Gate_Oxide_Trap
0.16286576433612107,1917.3590362675573,3.3822264204421693,0.6589061122534963,4,Oxide_Pinhole
0.19839522952566105,757.1990989607423,6.818056726262128,0.9436335145717943,11,Clean_Die
0.9631419904584968,150.2213185919371,6.42991278792179,0.5025479073214566,6,Via_Open
0.1530250903968455,723.1841052676104,6.622111334932076,0.961480485771719,7,Clean_Die
1.6428096113857544,9116.665545105763,1.9064793573389152,0.5580424631948003,3,Metal_Short
0.10798528888419015,835.153642728399,6.885035759512251,0.7920659524204257,10,Clean_Die
1.0619369696577143,7713.480217535728,1.6460435301534502,0.46998759379414556,9,Metal_Short
0.07021103353075499,811.9568187711905,5.912541995899939,0.9482686640262943,7,Clean_Die
0.11736276129725591,4247.141799345826,2.13319545880835,0.6599339427817001,4,Gate_Oxide_Trap
0.29959341335332507,2341.520146928613,3.4996528218093537,0.7108492095817134,4,Oxide_Pinhole
0.33629046388179207,2218.7576818267717,3.2767429668054904,0.7604932776192688,3,Oxide_Pinhole
0.05100738144484739,886.4067704909949,7.302841535430138,0.9392836737201566,4,Clean_Die
0.3932350489991863,2335.072060056613,3.4342517406886124,0.5593464171009668,11,Oxide_Pinhole
0.10834604287581887,862.7660034235653,6.887228297812939,0.8749527782233225,4,Clean_Die
0.2144868322139251,4687.23490707524,2.492724390569454,0.7610303173569065,11,Gate_Oxide_Trap
3.383425789934163,1404.0155817553396,4.787625375308833,0.5450572346418647,2,Particle_Defect
0.9721347405475126,8253.546659822758,1.6895075878094568,0.6749726832276527,10,Metal_Short
0.0828150937154003,517.1266902121349,6.759475107031719,0.8484116356591176,4,Clean_Die
0.053782878624746025,814.4827428250089,7.170052724612674,0.9544215355411857,10,Clean_Die
0.1462068765381761,5517.668230020014,3.8982581750806276,0.6186340158346676,9,Gate_Oxide_Trap
0.1417058684798884,900.1295199087123,5.844267615837206,0.8991362354128062,8,Clean_Die
1.6475922356058739,9090.234970435777,1.6334482179247343,0.35031006207104126,2,Metal_Short
0.20271142200393166,3956.8239398637347,2.729382722937664,0.4919308930212009,4,Gate_Oxide_Trap
0.15925082150363087,994.9065385812221,6.675138966141461,0.9456279395153411,2,Clean_Die
0.7138136204735659,178.01039101140532,5.310244146311186,0.5194328027285265,7,Via_Open
3.8678340593194545,1367.1646156540914,4.4485463978497695,0.5413282233902765,4,Particle_Defect
0.3129652404255507,1912.8421642897981,3.6460924723093933,0.6618173459330763,10,Oxide_Pinhole
0.48927474273263216,2165.5930599709864,3.2094086906732002,0.5863863010537123,9,Oxide_Pinhole
0.9482582722073067,100.5953714870898,5.1679311865098,0.5658049562822377,6,Via_Open
1.4964241973870687,7601.325447952275,2.3316633953766943,0.4663004639107759,3,Metal_Short
4.074014249496841,1182.7403213180241,4.222894964000321,0.6467319130644592,5,Particle_Defect
0.14935341305558855,760.0903642398117,6.906978989740535,0.9168082349412316,11,Clean_Die
0.4343128080878476,1998.3341157495745,3.380733425287347,0.6787569068631382,8,Oxide_Pinhole
2.407224977503055,1492.6964561934606,4.074924865404994,0.7781629802159721,7,Particle_Defect
0.9794106810484661,86.19229202723315,5.542514270925803,0.6245947381590516,2,Via_Open
0.10358077188940472,787.3224559928722,6.215356677563778,0.9413710470596448,10,Clean_Die
0.1615039398203635,916.1518037506978,6.474886599996278,0.9283573218342722,4,Clean_Die
0.05933570841258583,936.6585765383516,6.1128040299540904,1.0,9,Clean_Die
4.174584097686511,1211.0228807660637,5.226526600018717,0.6046522979284717,2,Particle_Defect
1.1287153543495796,199.25475480641336,6.092340308351225,0.580693165933006,8,Via_Open
0.16713586625321855,4421.467169806017,1.685965168939243,0.5050037888118194,5,Gate_Oxide_Trap
0.0956813960869981,1776.996088016354,3.4745706938395586,0.6299112363418458,2,Oxide_Pinhole
0.08184444275934162,689.4368087832131,6.075345572608469,0.8509639753702436,8,Clean_Die
1.0487908970506852,8275.797427290381,1.8440860603787115,0.5356579815990897,1,Metal_Short
0.056377639962153864,798.1764462018707,6.412499263986404,0.9267599042643055,9,Clean_Die
2.5159138196910797,732.736418528008,3.639722316583856,0.5500923011407064,9,Particle_Defect
0.5648381323052795,178.447060849454,5.057032751970905,0.6045930698510469,6,Via_Open
0.24960953063859806,4067.007452625064,3.327343687337427,0.5302234351208945,11,Gate_Oxide_Trap
0.10387462627516557,780.1919473361688,5.855934109627622,0.9021096619728606,9,Clean_Die
0.05,835.0909292093979,7.145617858770858,0.9635142003026032,11,Clean_Die
3.7967105067092075,844.2725309249822,5.907587999888536,0.42276405525901894,1,Particle_Defect
0.2927786178187861,2180.6445349164114,3.1124684874124084,0.594702003370083,1,Oxide_Pinhole
0.22310085357167703,3909.910169819641,3.03379081881684,0.6418464723248707,9,Gate_Oxide_Trap
3.175052371958276,1143.644668531955,3.5179104646429247,0.62620806850946,6,Particle_Defect
0.12024363016461118,837.2210108234101,6.377939753713026,0.9555963324301524,7,Clean_Die
1.5275658768721845,6581.896744055395,1.9359062778600804,0.44511094715690386,7,Metal_Short
0.0591139845694763,802.0108435252846,6.459644735313513,0.9085704040938806,8,Clean_Die
0.18900420606278948,5602.051130022916,2.6059019959022955,0.42905260101865317,3,Gate_Oxide_Trap
0.19166156522001349,4739.964813605725,2.6814727192634797,0.41030372257528835,8,Gate_Oxide_Trap
0.19345268999198326,1025.5668034024457,7.16058662021888,0.9904147842159952,9,Clean_Die
0.5262331605625027,2007.898791012164,2.9076398703374347,0.7010359078469985,3,Oxide_Pinhole
1.9502387448034537,8015.707323084873,1.7039382699038856,0.37397449235386937,2,Metal_Short
0.16942010835489824,4709.198343551779,2.507898592952187,0.47747465141059225,3,Gate_Oxide_Trap
3.2641346976171643,1209.3027751419527,4.1393638108246185,0.4235377955641261,10,Particle_Defect
0.17790426515010488,628.8503441063745,7.439328546418471,0.912436732429269,1,Clean_Die
0.09353271493229147,4718.952720335728,2.8064956688731044,0.6884072747015095,2,Gate_Oxide_Trap
3.5736605191897284,924.6997141428658,5.024364234058357,0.5567863161415181,5,Particle_Defect
3.527115584481155,1127.4613011931713,5.87018498594128,0.6471915469540483,1,Particle_Defect
0.051565518896191376,847.9765134067854,7.077673259846289,0.9658944329096171,9,Clean_Die
4.4608420747677835,976.8031304274646,4.362808017542156,0.7180897523954788,10,Particle_Defect
0.07105876968599528,745.0323302914907,5.965033512757438,0.9803391236556156,10,Clean_Die
0.09108816221684742,807.7794941653359,6.693704433727784,0.9058518574066127,4,Clean_Die
0.10015925520163241,765.6822263323565,6.797067513091477,0.9609894116654396,5,Clean_Die
1.2412705337387269,8887.732657092585,2.1040635261669802,0.35531478600938293,7,Metal_Short
0.3234840385384858,4829.808256162765,1.9461715710028122,0.5937239645592352,1,Gate_Oxide_Trap
0.05,786.1604880292148,6.033675590686594,0.9393108617421251,7,Clean_Die
0.08447543686099049,969.0084460391258,6.294388871404141,0.9536413793846371,11,Clean_Die
0.05,942.7670050137579,6.639764081640883,0.9281686230157226,5,Clean_Die
1.135340252226102,232.88959845495123,5.773497856749219,0.5057331568000561,7,Via_Open
0.13955158612102614,750.5778703996696,6.988985342148986,0.8816604041427653,3,Clean_Die
0.1153972682688774,895.5156044308316,6.614100918219808,0.8978183766856336,1,Clean_Die
2.567532419617343,1400.0186421534581,4.668245580142561,0.6939924152712439,3,Particle_Defect
3.060603280847676,1241.3418989964664,4.36778329015197,0.5798940553113061,6,Particle_Defect
0.08889114177388384,704.041095301097,6.756830529454748,0.8877317099669452,11,Clean_Die
2.206076791282858,9267.34249468073,1.5426534218414365,0.46625632276639734,3,Metal_Short
0.1375165388220448,548.6786832915138,6.603023342944497,0.9211465724573672,5,Clean_Die
3.456018635651954,1370.7809799930317,4.085442787555793,0.6938345047264803,8,Particle_Defect
2.5686168602529444,1350.3988644007588,3.593263750648709,0.6069258170795255,10,Particle_Defect
0.09805996412223619,678.7354579089651,6.866918750765055,0.9491219858756943,1,Clean_Die
1.578175054687501,8288.951717497945,1.9958773915877603,0.522226942795005,11,Metal_Short
2.514584541946993,1242.0608768980048,5.501884689056773,0.6128346605244779,2,Particle_Defect
3.5392383222796124,1284.219718876785,4.896857360920767,0.6427337547460086,6,Particle_Defect
0.12349827178879358,886.0811059114757,6.721443532565667,0.9161522624214455,8,Clean_Die
3.898558163852899,1569.6420999123397,6.181671998933923,0.6425642940201103,11,Particle_Defect
0.05,677.0190791887812,6.774880900705986,0.9082187571188748,1,Clean_Die
3.5354223360836086,1263.3704825769696,4.744648467788309,0.7573837660644085,5,Particle_Defect
1.3330938620529713,7668.157569236442,1.2791210902387986,0.46880043087812895,3,Metal_Short
0.0968298194871134,779.3415158331011,7.23976557870595,0.9703487107926179,6,Clean_Die
0.17094361271868697,727.6735706255946,6.549216874017096,0.905764451879593,4,Clean_Die
0.058762892846571574,853.6876257183832,5.840117508557455,0.8342148734307688,8,Clean_Die
1.3508073284879372,8852.276961622265,1.6337164635931978,0.39920848066939607,1,Metal_Short
1.892900378917441,8116.171394854082,2.0296380921473602,0.28847960017701285,5,Metal_Short
0.38841648343810514,1939.3202610714868,2.8563689384745317,0.8286681605977664,3,Oxide_Pinhole
0.13225584304240556,4829.8320961003465,2.518191446985418,0.3539624476651638,9,Gate_Oxide_Trap
3.7082511761462373,1265.2582184338596,4.194802062013263,0.6553619287455233,11,Particle_Defect
0.16343089463043559,5193.502916419298,1.9367523665352473,0.5920914816555733,9,Gate_Oxide_Trap
0.9910107306852218,7451.308343884445,1.3467086447069092,0.2630994758226788,11,Metal_Short
0.0921771068831083,784.197723268475,7.150691489625014,0.8765532908243366,6,Clean_Die
0.07760365898446772,810.4248701618988,6.944609000425005,0.9180282760753594,3,Clean_Die
0.15079841458493026,4959.0585031930295,2.570408119467045,0.4016276943140936,11,Gate_Oxide_Trap
0.6734922254246408,171.90784705791557,5.244989774025454,0.5600373298873761,11,Via_Open
2.508226582460403,1046.873955468098,4.972804365862785,0.631030706100963,3,Particle_Defect
0.26444585443229296,2753.0109531467238,3.409517396413901,0.681563112872899,9,Oxide_Pinhole
1.222463061588264,8645.768807267343,2.11515233993462,0.5721746448463123,7,Metal_Short
0.9276668496862681,98.39822912154405,4.729499273745438,0.35433708934797614,11,Via_Open
0.07280553760234879,669.4279720208408,7.244720528616974,0.9347690767738114,5,Clean_Die
0.11332403916433273,776.423052550508,7.153012690039078,0.933828622900659,1,Clean_Die
1.8784188833329358,9073.31056967365,2.094072682081361,0.4778630758491564,1,Metal_Short
3.2877778268626057,1463.9277707742235,5.851540370629338,0.6233983684246694,8,Particle_Defect
0.18397871500337415,2391.352351129326,2.80562841757196,0.7473523241847463,8,Oxide_Pinhole
0.344574883573477,2292.835643684314,3.2569669496075075,0.7381349517884985,1,Oxide_Pinhole
0.11223687242798483,887.4389404025419,6.403060553005942,0.9396733034726367,9,Clean_Die
0.7927144132436481,113.00288508909787,4.327958660637782,0.5194759386132622,10,Via_Open
0.11385223276361764,814.014400793787,7.654389215506869,0.8976769253590736,7,Clean_Die
1.2250196015529684,7617.346675438626,1.1257096538982545,0.4636447880993714,7,Metal_Short
0.15235789517342269,924.3424699374393,5.545943080123319,0.9461861376516316,11,Clean_Die
0.07666559793146849,799.6750764770551,6.9442948102408755,0.9500827634495573,11,Clean_Die
0.09844913746615513,535.1772190137481,6.5335590787017725,0.8908172675082864,10,Clean_Die
0.19912339028718995,3533.142930186764,2.648418319931998,0.6790712584805358,4,Gate_Oxide_Trap
0.3323091823817579,4882.980106574758,2.528738107090413,0.3936527761703469,2,Gate_Oxide_Trap
0.07679347576196693,813.105694102868,6.595056007133629,0.8397841048493884,3,Clean_Die
1.0847379748614872,221.3503729655703,4.92772131118831,0.6104540372053905,11,Via_Open
0.17271262518599606,4546.445011590555,2.237926996844492,0.6186152124379297,3,Gate_Oxide_Trap
3.491516155304504,1069.7572646366912,5.349011340916719,0.7219109314996827,10,Particle_Defect
0.12308550703806284,707.9669509147019,6.837345126239436,0.960286547179214,1,Clean_Die
0.11254808835704627,4900.578807049564,2.40062601771083,0.6023690290503121,3,Gate_Oxide_Trap
3.1089821538335203,904.0428167416399,4.99254159615225,0.8788303674704206,10,Particle_Defect
0.28200413942624347,2189.471138147331,3.111337496287243,0.8692308406195653,4,Oxide_Pinhole
0.7364105667308353,216.4249944658177,5.009220204706685,0.6444868670261144,11,Via_Open
0.05430704256953816,862.8931131255899,7.0482518729746015,1.0,8,Clean_Die
0.39285543512696375,2353.4148423352262,2.814869999595487,0.6427319901987328,3,Oxide_Pinhole
5.271733509214167,1019.665565326258,4.59122355679504,0.5999041143509286,3,Particle_Defect
3.1873330929518486,1272.6941109300278,4.675337946922852,0.5237042288443168,1,Particle_Defect
0.1763446579881868,3878.223719287596,2.5629647304246483,0.45757972634545424,2,Gate_Oxide_Trap
0.05,706.7208305223128,7.404253851506219,0.9749352136447116,3,Clean_Die
0.2763536388222498,4284.388617442443,2.338923007680529,0.6032738337504099,5,Gate_Oxide_Trap
0.2451912394074908,1947.443844767102,3.217361837178199,0.8671959030176962,7,Oxide_Pinhole
0.7788297052233358,113.49163946579513,5.775506672445578,0.581397100816819,7,Via_Open
1.1983810653411455,99.97889211354033,5.879407829729772,0.6113217698705904,6,Via_Open
3.054725686325136,1438.2118689423871,4.406482414759628,0.5237893076107065,7,Particle_Defect
0.2952656188573713,1873.356275592556,3.4242747956540334,0.8690398038385361,9,Oxide_Pinhole
0.19297710195212572,4145.995869122557,2.22127641140369,0.5952937472025703,4,Gate_Oxide_Trap
0.23044108194826918,4836.40363511769,2.8329319079366924,0.6301243189571023,7,Gate_Oxide_Trap
0.2122087912407432,2404.5355080423005,3.0485739011658084,0.6682026187348706,8,Oxide_Pinhole
0.1352203366735799,4219.70287871528,2.978869483902141,0.6309194280100759,6,Gate_Oxide_Trap
0.15919025514860713,798.8354307515056,6.158866554974805,0.9101983626195179,11,Clean_Die
0.07394126396797027,750.4995827857822,6.927993875689927,0.8611773725542072,2,Clean_Die
2.782528025064213,1574.1832617759965,4.829701873449311,0.5627279194536632,7,Particle_Defect
2.641730407621362,950.2145813659354,4.549532201156765,0.5907718526831548,9,Particle_Defect
1.09983296807105,8735.294763883281,2.019035913853491,0.37693957986468846,7,Metal_Short
1.2151403059754555,8748.340687822656,1.9183416963469226,0.4628455051222039,5,Metal_Short
2.9156571084127547,1644.619869707031,5.853603876310611,0.5917219733929061,1,Particle_Defect
0.53469493909512,108.34325552713676,5.980196017283976,0.5312220539757054,8,Via_Open
0.4841364940533526,2568.350220505551,2.723002842109243,0.5891614824356735,2,Oxide_Pinhole
1.6366514412791813,9552.812080634205,1.8725701822775607,0.5130808996001593,5,Metal_Short
0.2778557192764327,3546.9076895362377,2.363193716630062,0.4896736782014392,2,Gate_Oxide_Trap
0.22259245111247433,2745.726545025018,3.3007047262410563,0.6827448132019973,5,Oxide_Pinhole
0.19128090059844435,5075.826801748624,2.546099517482734,0.5809151809799058,6,Gate_Oxide_Trap
1.429053893682968,8603.153741534516,1.7719100700757393,0.2546121648221955,4,Metal_Short
3.2506112911944927,1174.9098501585324,4.6448447667643205,0.6724184239039331,4,Particle_Defect
0.17103564927913475,3979.0304905443368,2.421747219929845,0.6745274242481756,10,Gate_Oxide_Trap
0.34265430694796195,2547.529384677806,2.594851424657403,0.7094999904727997,1,Oxide_Pinhole
0.2315699894195183,4462.98475988698,2.806956303793681,0.4709402475541257,5,Gate_Oxide_Trap
0.17239725132024608,821.3831396113096,7.268452462053797,0.92289967013392,6,Clean_Die
0.11214597934156767,839.2085425591856,5.75289611092275,0.9112352486633364,7,Clean_Die
0.16652682663665302,772.1115713820718,6.376925691746497,0.9502986640711865,4,Clean_Die
0.1112927387639439,801.2537009540285,6.42338991464451,0.9746215679392233,2,Clean_Die
0.8803482252481363,7560.184290037306,1.837606215729723,0.481177605485045,2,Metal_Short
0.7597372915409885,7286.154803126476,2.0269049097656215,0.4135716820316174,8,Metal_Short
0.3122175166038075,5191.648058637744,2.250164496214474,0.4690118921726022,8,Gate_Oxide_Trap
0.0871040086788681,4507.714519544168,3.403610274669651,0.5044694272563744,2,Gate_Oxide_Trap
0.7180226364387363,121.51589886478293,5.871167140606396,0.7087224737347719,9,Via_Open
0.1273591116428246,3886.8845939677094,2.727279568174032,0.593741824926408,10,Gate_Oxide_Trap
0.29398501425342977,1964.9336484557668,2.9126268070305983,0.7681289695380634,11,Oxide_Pinhole
0.13479338321006512,4324.902959220978,1.9332425694756736,0.5277272941762946,3,Gate_Oxide_Trap
1.6625477986771862,7223.889945074175,2.2877231696437432,0.2961971127765566,9,Metal_Short
0.16897225549823586,780.7720815310294,7.075422150247464,0.9619891455630541,3,Clean_Die
2.6945263180943453,876.5041006158327,5.145221808770195,0.7836608912357825,1,Particle_Defect
1.0929021116835032,101.40846583944514,3.78926484599635,0.3983392032895281,6,Via_Open
1.1504471832212388,5926.774703578192,2.0579584394168227,0.5485523919273055,9,Metal_Short
0.675799134081814,149.73449053940791,5.58396384865865,0.5936600610356383,2,Via_Open
0.05,652.2769274480443,5.2480996543716385,0.9100537762048431,11,Clean_Die
0.2174541113619347,1997.3588155645652,3.0203137565084277,0.6894488818983503,2,Oxide_Pinhole
0.33602855178782126,2816.2575892665345,3.1631698381488955,0.6940379258221308,10,Oxide_Pinhole
0.2124058047114568,738.3199386601707,7.005882298248654,0.9548095935547256,5,Clean_Die
0.08443310733655068,761.6294057055761,6.796642998873731,0.9330624832585205,4,Clean_Die
0.2514062160502246,4290.682697320291,2.4110114081551486,0.5712536306508342,4,Gate_Oxide_Trap
2.981547370414893,1370.0496878099486,5.0243702105729735,0.49538446997681024,7,Particle_Defect
0.2453385662073923,1987.820136850613,3.311389536309524,0.7402909294488759,2,Oxide_Pinhole
0.1860610732210935,4368.726978683988,2.128439995179496,0.6532215300534319,4,Gate_Oxide_Trap
0.11957675725062573,790.8681848076792,7.3123545815586,0.9460080100071055,11,Clean_Die
0.6435588695502517,136.25392774795972,5.248253166951266,0.7914499564643311,2,Via_Open
0.6875474325801003,186.55926098446713,5.603977538824374,0.624689253261109,6,Via_Open
0.18412332442449492,854.0619835259567,6.361560025669707,0.8587860475760992,1,Clean_Die
0.36161060022026636,4397.148854864383,2.6064909446246767,0.6891924525809819,8,Gate_Oxide_Trap
0.1817071228576063,4549.304786775097,1.8502615743327873,0.4219233419060562,4,Gate_Oxide_Trap
0.1668172043578962,813.2881895978783,6.958846345874598,0.9123059271917808,6,Clean_Die
0.05,927.4617008659716,7.2227157523491705,0.929972602621637,4,Clean_Die
0.3545918918565214,2226.2897768450193,2.9501059055588073,0.6024727448669176,6,Oxide_Pinhole
3.5590714605355647,1197.343359142633,4.173536557680139,0.49290856906793146,3,Particle_Defect
1.553883221364462,7165.110731405018,2.1507495277329998,0.5085002530990566,5,Metal_Short
0.11910103529399853,666.6888131256925,6.544821447809786,0.9509331899576999,2,Clean_Die
0.07077856179611439,737.7372682612548,6.998305461660717,0.9268178720202447,2,Clean_Die
0.41556473028413,2570.7744323860347,3.117444409306945,0.6568693092067023,4,Oxide_Pinhole
1.9171029740333012,1163.5412740235724,4.398715943953006,0.44665648672342584,11,Particle_Defect
0.2822082888060566,4845.362174159482,2.3380833523040727,0.5098003991722764,3,Gate_Oxide_Trap
0.14887281328943003,856.5047122068296,6.391707650093329,0.8663149339612999,3,Clean_Die
0.14214739080773495,978.346412039898,6.37047989646223,0.9147412410858677,8,Clean_Die
3.2751773272711464,1351.2246688495911,4.055382062617655,0.43087876959383653,10,Particle_Defect
0.1773537792549482,736.7325525657669,6.142694090163866,0.9802812673604213,6,Clean_Die
0.08921805867079681,4605.242943696161,2.4740453228088746,0.45837197574866234,7,Gate_Oxide_Trap
0.7556958247930257,139.4769577665132,5.260512421400447,0.6751883609426574,4,Via_Open
0.3892606075134217,1853.5093733815086,3.244508561680081,0.7823654293993658,6,Oxide_Pinhole
0.17672615948287473,2523.7021346290458,3.73183461368706,0.6802303694894928,1,Oxide_Pinhole
3.371150376825412,1457.5226906812327,5.76606393358899,0.7681903680601035,8,Particle_Defect
2.1016153787263825,9188.46159877714,1.901063981216594,0.4997114976023829,7,Metal_Short
0.12176455256375535,2176.353113041578,3.4179536381251907,0.8306237941994139,6,Oxide_Pinhole
0.2968233796121119,1759.2110717584983,3.7066124922678014,0.6766125061626053,2,Oxide_Pinhole
0.16421380424311954,985.1350420824012,7.7536342425455445,0.8799797175659645,1,Clean_Die
0.1555391900374307,2984.7092293969754,2.6127434419597244,0.5781304766194213,7,Oxide_Pinhole
0.36060076871379176,2706.848071290344,2.917996058342234,0.5905489747372232,10,Oxide_Pinhole
0.8470895653227211,275.0828439513716,6.180239688710255,0.43798819492845276,10,Via_Open
0.2699415870924141,2033.4562586633485,3.0453656564251346,0.6101014955450539,8,Oxide_Pinhole
0.059560603410584875,771.2121228941495,6.799732581597359,0.8525665808224465,4,Clean_Die
4.562468122551911,1240.814955796021,4.529143264192833,0.8704707911786491,8,Particle_Defect
0.1150569245072541,815.1433053022965,5.84957430911852,0.9571858807541282,5,Clean_Die
0.635621244675359,71.65255571055793,5.367285410832531,0.7128770777919183,3,Via_Open
2.16212537414373,8805.961199770532,1.8669839872351428,0.43765602702478024,8,Metal_Short
4.29849388381196,1035.1371044613686,5.103369508392232,0.5383225089983795,1,Particle_Defect
0.09407495845097265,885.3499893657641,5.899599775032096,0.9113378301818119,11,Clean_Die
0.10414324699257876,685.0753557938258,6.347659218967801,0.9658530050265268,2,Clean_Die
1.4989432624639922,1519.925293199462,4.299478823029382,0.7649968435549236,8,Particle_Defect
1.084062217388892,8010.8088731243515,1.8271645556318739,0.43783230686112756,3,Metal_Short
1.5374563349989925,8250.295678859633,2.148458923706816,0.3220366851285988,5,Metal_Short
0.16228698024696972,562.0110710682382,7.078229209499793,0.9859838769128059,9,Clean_Die
0.38898727249611964,1777.6034512529895,2.9016294113543237,0.710512080063655,8,Oxide_Pinhole
0.07145180435706136,2218.4503651740306,2.879466568268046,0.6766463774820969,2,Oxide_Pinhole
0.11969763974538274,5035.616799766136,2.535285058429685,0.45560100721692487,7,Gate_Oxide_Trap
0.08508574784634618,636.2262068222681,6.153084770362956,0.9028358075404168,5,Clean_Die
2.8528919408751308,1348.6173932329607,4.967623666579719,0.5998551812751911,3,Particle_Defect
3.4882558318453163,1168.3680745620034,4.864246819063925,0.7094642771707067,9,Particle_Defect
0.14612900500769557,642.7914245537165,5.992097447507122,0.912730255519678,10,Clean_Die
0.3724046040982935,2666.5059497279253,3.030254401495051,0.5208999862444642,4,Oxide_Pinhole
3.643678902291582,1339.3029770648354,5.611710974557401,0.6673001691230017,6,Particle_Defect
0.21984600347270905,2198.1357633260664,2.990825453224712,0.7318887367935878,9,Oxide_Pinhole
0.05,863.7773672199262,6.535122963397898,0.8972600969913171,7,Clean_Die
3.316222769002575,1430.3094369425264,4.620189893562745,0.5904970796126661,10,Particle_Defect
1.37114212648005,1670.4461503976377,4.846309566186675,0.7295715249596417,4,Particle_Defect
0.1753160331888569,3610.8503343712,3.0255921189792203,0.46006117304339433,5,Gate_Oxide_Trap
3.5781103160810632,1169.3920466191573,5.257539590801562,0.638312030895382,3,Particle_Defect
0.10757086782692496,686.9398375585235,6.0516006282190675,0.9490177638205202,9,Clean_Die
0.1011911064002315,839.8777765682585,6.453807759912959,0.8907880187058498,11,Clean_Die
3.7159117854543693,1008.7961024882372,4.677753640109341,0.6566410024810767,4,Particle_Defect
0.1096055739574055,5381.40223163961,2.29195430914416,0.3817653676295732,10,Gate_Oxide_Trap
0.15396088668602156,734.827178129299,6.6799108024940255,0.9779759348888046,2,Clean_Die
0.0813391531734133,3858.438027751694,2.8718858438364636,0.5349376581340801,3,Gate_Oxide_Trap
4.891344210274764,1471.0262768221469,4.40202131542726,0.644395808895556,6,Particle_Defect
0.4216575524681684,1834.8074042195763,3.388703653041515,0.7929525927951527,7,Oxide_Pinhole
0.2563378988293887,2010.9471267834952,3.6030305138913836,0.6960900921464179,8,Oxide_Pinhole
1.0586045641687234,141.2048664137333,5.6128324107658765,0.5452347048333036,5,Via_Open
0.39027170692823476,2501.230309090999,3.0764839075355916,0.7285126374237266,3,Oxide_Pinhole
3.982296544777235,1064.6440366095335,4.388418825515415,0.7634764983243618,10,Particle_Defect
0.19308039937133553,743.591216196272,6.32573175375858,0.8988256051954974,1,Clean_Die
0.1034703836167706,717.3044048805128,7.106427253881618,0.9178185004429877,7,Clean_Die
0.15337768914089864,797.703873148838,5.135387852512621,0.937290073140526,6,Clean_Die
0.08215182333345818,657.233870627768,6.2670279124838455,0.9491568824527508,10,Clean_Die
1.513631894410215,7859.938200450955,1.8746546461769222,0.4411704394156865,3,Metal_Short
0.09244396093264579,736.171142436261,6.915805326521989,0.9124060149462215,8,Clean_Die
0.15689887245919937,4466.834699495977,1.9753412003813038,0.5891676643449687,3,Gate_Oxide_Trap
0.05,686.5676991801976,6.307206411614904,0.9703007411475472,1,Clean_Die
1.54085868263966,9701.674061882752,2.123508355693227,0.5666415763231234,1,Metal_Short
0.8854803959971346,174.69324873874575,5.9921056072266765,0.6722190553440731,2,Via_Open
0.09844300448989389,896.7971983324123,5.686211056616284,0.8794203396611711,5,Clean_Die
0.1478780805425137,640.1514389481085,7.830899295590828,0.9448439776793751,8,Clean_Die
0.0944235085619555,745.8130787699413,5.038439006171834,0.9924452128707643,6,Clean_Die
0.3239866876805729,4464.057257493282,2.406709967478784,0.6217463311700931,8,Gate_Oxide_Trap
0.05,870.6362576545347,8.0,0.9873760151540696,6,Clean_Die
0.07104428062780771,912.6262576972454,6.5746812833525095,0.8836277119024644,6,Clean_Die
1.3407144930019053,8258.327088737562,1.3197267938885475,0.4472742154879743,4,Metal_Short
2.9891332748500923,1238.7005311321643,3.8114026345640304,0.755554053252085,4,Particle_Defect
2.491077183571109,984.93841279811,5.209977030334228,0.5773078879598961,1,Particle_Defect
1.8521538471642942,9349.256601100247,1.881440600352754,0.4503120262185445,5,Metal_Short
0.18304719343429388,4289.462275197741,2.3856305681644265,0.5377102935189674,3,Gate_Oxide_Trap
0.05,889.3352604134917,6.010295894550186,0.8319811097487596,6,Clean_Die
3.0365185484361485,1185.4232515355347,5.050295083423178,0.6582562370082098,9,Particle_Defect
0.058946651673389173,811.9573582110141,6.778289977272196,0.9274175934248028,1,Clean_Die
0.13203316770824158,789.3859027418545,6.344281419075168,0.9403728517631899,4,Clean_Die
1.607950548029363,7243.9448560247365,1.1278858215733591,0.43849362846544804,8,Metal_Short
0.05,2184.2033289596548,3.4237118482240665,0.6299004323866815,7,Oxide_Pinhole
0.0852805538557698,4152.120101856911,2.459899624171702,0.6747121385116922,11,Gate_Oxide_Trap
0.10178237347890627,4831.668850287264,1.8623344189799174,0.5670119889083841,11,Gate_Oxide_Trap
2.457560599839222,1172.8880738753655,4.340068313493223,0.6072961927418211,10,Particle_Defect
0.05,1020.1616336787539,7.262049310745318,0.8974980133117124,9,Clean_Die
0.9994267574830734,8102.015200693968,1.5779738712353506,0.4457836776036552,9,Metal_Short
3.274446240354067,1247.6760877436882,4.613784601940695,0.6544242074399512,5,Particle_Defect
0.26105029119552814,2232.1240186667537,3.10733449104003,0.7579892570221699,8,Oxide_Pinhole
0.17934345874867982,777.961596951397,6.8842099549930404,0.9661681692402728,6,Clean_Die
0.167450860548359,1918.8234510493612,2.913168193010014,0.7896936952695276,9,Oxide_Pinhole
0.3201486211762228,2224.697452654933,3.247037345564659,0.818917034587163,6,Oxide_Pinhole
0.6686370169911285,65.03247849751294,5.585208513920293,0.4924811706668224,3,Via_Open
0.45587540028436524,237.63212253901816,4.5522810750963885,0.7777967351392232,10,Via_Open
0.9260072180396558,8426.473639532896,1.919565027248365,0.4802047968893316,11,Metal_Short
0.1892516601105832,2197.4891758188573,3.410425833750132,0.7272327814543219,6,Oxide_Pinhole
0.10601640191731118,998.7907636398598,5.777317587619077,0.9000874183893893,1,Clean_Die
0.7709141317486135,183.24334084807379,6.233814069570967,0.4851693513182551,11,Via_Open
0.3312546728544328,2065.1798726708657,3.031824732619056,0.7844523775342822,3,Oxide_Pinhole
0.11730547496194509,897.3799702286792,6.2331222695122195,0.8696860316745588,10,Clean_Die
0.16185860848865996,804.1086884119517,6.843294094951397,0.9331153601085141,10,Clean_Die
0.057355819214387566,916.8635301176089,6.240412472156115,0.9720538465901389,9,Clean_Die
2.4740597899247754,1671.0818902542087,5.023589405857399,0.6300659308629416,8,Particle_Defect
0.05,2129.4924649652203,3.429352490607766,0.7392059536684614,11,Oxide_Pinhole
0.5178880071836133,2174.892425827747,3.193536871832556,0.8220055347602224,10,Oxide_Pinhole
1.7573203171323577,8694.605021531283,1.745860406016599,0.3070470447639061,6,Metal_Short
0.13924425341252306,5348.516435203578,2.939683952259555,0.7416700756933656,10,Gate_Oxide_Trap
0.1112851807894155,710.9856583512243,6.405534294919141,0.9276175431458972,1,Clean_Die
0.37469499687178054,2607.6922690303563,3.5871658237857442,0.7528490688965032,8,Oxide_Pinhole
0.05951051656467715,736.4450037502825,6.6448359709948885,0.9528235368371833,5,Clean_Die
0.11706722191419464,614.1242311604848,6.857528436231134,0.8896434535406615,6,Clean_Die
0.05,944.0633193798128,6.545971441722858,0.8740179577996444,9,Clean_Die
3.162322203156301,1091.4745387802623,5.263089020388178,0.663973018006533,4,Particle_Defect
0.09127253857951312,866.8044138781129,6.696375762497969,0.8690939068323461,5,Clean_Die
0.08200901591602784,993.1650159404911,7.045732598457751,0.970621269531601,6,Clean_Die
0.05,821.8690748848044,6.346021427765057,0.9166126790106092,11,Clean_Die
0.08965871001594461,4496.281343966847,2.775022095946557,0.655576916566603,4,Gate_Oxide_Trap
1.0203641621109047,181.75744909080566,5.381856028066942,0.5030304149996571,6,Via_Open
0.3170949810451805,4402.009968230059,2.504347439053603,0.5987373190146277,7,Gate_Oxide_Trap
0.05,719.4134009958896,6.052702390040081,0.9303615829755897,4,Clean_Die
0.1594887404152586,2397.4770534126496,3.7354616431294216,0.7965521024409896,8,Oxide_Pinhole
0.18211424445467067,873.1387706536013,7.093247141207147,0.9500587044334919,5,Clean_Die
2.454871686045599,9286.422399526884,1.4380540705101572,0.2964272411679125,10,Metal_Short
0.05,614.5525108290194,6.103403737725603,0.9796404952004056,3,Clean_Die
0.3478379365232022,2097.282180755952,3.3844935377025402,0.7700548722260657,5,Oxide_Pinhole
0.07725300984410402,969.2233120929283,7.313180839345737,0.9349752993508722,3,Clean_Die
0.05221988097842217,930.4532045297533,7.5494193948481305,0.7895702864538446,8,Clean_Die
0.15875420949333557,3703.975971278457,2.5858931399839338,0.6453536304541624,10,Gate_Oxide_Trap
0.12659970363397532,815.8093131551448,6.627538633037041,0.8594422673212889,1,Clean_Die
3.33935823242732,1570.1229423436937,4.30532695045772,0.64741317726404,1,Particle_Defect
5.384066082797421,1199.6333628373081,4.116795173565447,0.7855999330091357,3,Particle_Defect
0.7905096860694282,107.93717328822561,4.791245491129229,0.6493102890109853,11,Via_Open
0.07312093595921872,762.6381164638134,6.952254966917435,0.9912435949432725,2,Clean_Die
0.6847181203181478,105.97789014076571,4.596156560901614,0.6502721935549054,11,Via_Open
2.039703415728585,6222.14180511595,1.4140521468565783,0.5861237548641987,4,Metal_Short
0.22262401425576017,733.5027294479996,5.630412395678102,0.9395102250962734,6,Clean_Die
1.140790863206958,8829.173084844233,1.765440004579525,0.3209612340923621,6,Metal_Short
0.3592550821662757,3018.1875255356376,3.6168139935366517,0.7629271900949286,5,Oxide_Pinhole
2.0620385574130227,7165.807252088223,2.205646607872172,0.38070568039714425,1,Metal_Short
0.24260267967854038,4044.6611399516905,1.7229817491812383,0.3453104401700998,5,Gate_Oxide_Trap
0.06806791134499512,4873.209052109622,2.0482385940739016,0.5848518712071892,1,Gate_Oxide_Trap
0.48343298729826406,50.0,5.863181618937737,0.7488962110755091,5,Via_Open
0.28626779053177165,4204.947584164579,2.640486951290854,0.48284229472688084,11,Gate_Oxide_Trap
0.5893845196093261,212.52413636565433,5.607282296152164,0.5804921519807538,6,Via_Open
0.21330962561404837,4618.487502440682,2.428639794241985,0.5181449265848919,2,Gate_Oxide_Trap
1.1514913006611234,215.62070884033938,5.108138148779531,0.6759818751773513,11,Via_Open
0.8946732371073421,102.10368600483758,5.810642125776517,0.5836178107653218,3,Via_Open
1.3499737242369458,7780.366092574011,2.0535885952984954,0.3431656901070381,5,Metal_Short
0.14459799204541768,780.7384563935,6.100327034889564,0.8668127475503086,2,Clean_Die
1.1274209882536221,169.00895870737304,5.975234786735188,0.5813773659159822,2,Via_Open
0.10535869749506659,622.0975787412493,6.782799499895829,0.9301320042409611,11,Clean_Die
0.05,722.5585193980603,5.637857732197685,0.9601919716113118,6,Clean_Die
0.10995091067582694,821.2737386038285,5.72001432238832,0.9164855208578641,6,Clean_Die
0.05851684671097965,837.6612922249018,6.2159118089019065,0.9052228656048006,10,Clean_Die
0.447405097605612,2369.244141141898,3.97953740933926,0.7650009549370727,8,Oxide_Pinhole
0.4922091889383842,2090.1559041278065,3.139838625486768,0.6625536964382929,1,Oxide_Pinhole
0.8945909705044507,119.40891777478606,6.4546610887698606,0.5784384876117287,7,Via_Open
0.09836381542357069,655.5637335327608,6.245404716672032,0.9568219896169303,2,Clean_Die
2.6907942343929303,767.9489020260532,5.444047514933428,0.6457557904171806,4,Particle_Defect
0.12799743555939883,793.1139787356069,5.751344965442517,0.9297267516158301,7,Clean_Die
2.0738336839665217,8133.00782929405,2.219255345455975,0.4633231332607213,5,Metal_Short
0.1860135097117778,751.9699988275511,7.4702512996399015,0.8949242098312955,11,Clean_Die
4.18348049897008,1086.4443274225662,4.044780561083709,0.8435896760236297,9,Particle_Defect
1.5309768711215952,1190.7973061337943,4.34534002743274,0.5985605882964664,3,Particle_Defect
2.144390727024878,7912.369901413133,2.419594044919371,0.3887419244645544,5,Metal_Short
0.5999863187956063,102.48732458725806,6.235759846126205,0.7145106606868767,4,Via_Open
0.25285548982813955,643.5070941679069,6.88641974414071,0.8993945297597996,9,Clean_Die
1.8431311593916124,8969.32336667757,1.6517497743552199,0.4591080903037541,5,Metal_Short
0.16354477181577395,910.4745591973968,6.7539799467287045,0.9527698123480505,6,Clean_Die
0.13959995007840167,674.9709651043808,6.43282409366279,0.8914607439489015,9,Clean_Die
0.0952126566367231,709.2800224821325,7.167687044064927,0.9617770307657888,3,Clean_Die
0.8476723411566618,142.05231050838984,4.998581081768556,0.6433576810648441,8,Via_Open
0.1397774577022854,756.0583211306368,5.53530680440485,0.9201293284293152,7,Clean_Die
1.5385359191233046,8123.991395374792,1.388692526281971,0.4649574145116193,7,Metal_Short
1.5134093834096118,9247.384622959944,2.217640154480538,0.4368510723356618,7,Metal_Short
0.9069750493054711,9139.637725623637,2.0832268308019617,0.5069652117511994,4,Metal_Short
3.2339057446778097,794.0763305349731,4.649438279967928,0.5744299156903396,4,Particle_Defect
0.17042225544923903,2438.9919496921566,3.079006652817697,0.7233815764969879,6,Oxide_Pinhole
0.16671009197366357,4315.372915412494,1.61654945095182,0.556510614027904,8,Gate_Oxide_Trap
0.18871775660966136,770.9671188475181,6.745517803791257,0.9548838629523124,7,Clean_Die
0.6681006999987618,183.8810643003438,4.2104848345861114,0.5756867426725517,9,Via_Open
0.06785355524741143,926.7622779451871,6.917175163748954,0.8623822319921342,8,Clean_Die
0.13956704221062533,946.9098545652206,6.56702868697242,0.8828105237535825,6,Clean_Die
0.21783125482122334,4784.423329634777,2.305889049660559,0.501050356492761,9,Gate_Oxide_Trap
3.9591049506972293,1175.0372031334487,4.049247633172985,1.0,1,Particle_Defect
0.1628031331131773,597.0685076254398,6.423880142581062,0.8943922180720197,11,Clean_Die
0.07407948674813199,830.5495368198733,6.405250342365932,0.981256899028944,11,Clean_Die
1.3611329235601155,8995.52567713135,1.6447528235259614,0.5580685970310182,4,Metal_Short
0.3855573189431792,2013.3305742974846,3.1855444735737195,0.7008505571033783,1,Oxide_Pinhole
0.1399989364132328,629.9530023583357,6.0764891867597655,0.9761192726863999,3,Clean_Die
0.05,848.7954462667487,6.515023287307906,0.9107092451092783,11,Clean_Die
0.26802655183996443,2105.0893977670135,3.5252713069793504,0.8397208162865166,4,Oxide_Pinhole
0.3443719669423126,5224.741448657047,2.9486604032972963,0.5665382574562077,11,Gate_Oxide_Trap
1.6481588738306239,9582.275400995346,1.3719076489395938,0.5277832773677275,10,Metal_Short
0.6908248775892362,10175.509091572032,1.825156805344018,0.5354928578981533,9,Metal_Short
2.4036369559331536,8721.731515411242,1.4193254080767173,0.4706568711920916,2,Metal_Short
0.2502041206451269,2266.478899890952,3.954977041061217,0.596589030454096,7,Oxide_Pinhole
1.6792095819556454,9014.711067330827,1.6225340018187713,0.3981088004590397,2,Metal_Short
0.9985692499903039,9887.514726621093,1.8976595334181903,0.35355771579923695,3,Metal_Short
0.08094984663407859,1022.2679852941422,6.969646661901906,0.9450844684865745,6,Clean_Die
0.17068172084294636,780.2379219167342,6.598432612681329,0.9072922528389454,2,Clean_Die
0.06847896598778641,2983.338730219066,1.8339224764538025,0.5374343587360956,3,Gate_Oxide_Trap
0.1417375787510884,873.8966099703981,7.25954053182159,0.9193884667518858,3,Clean_Die
0.11964561461608697,4837.057048605369,3.362558592523539,0.5407262176069568,3,Gate_Oxide_Trap
0.3811206846656989,2193.800975129334,3.4168765732187816,0.6721687421488356,9,Oxide_Pinhole
3.914228724031453,1421.140466843871,4.768709180904102,0.6783528435712283,3,Particle_Defect
0.06939365147675822,675.575568261628,6.429470215094648,0.9200739402630919,6,Clean_Die
1.0342845947427834,110.21303612855013,5.225997741416751,0.666743716006843,7,Via_Open
3.610161615987124,1013.7369908508454,4.5856759244337475,0.7764943786027189,3,Particle_Defect
0.08834516434026907,884.6623941802847,6.910073387854706,0.8972519297943696,2,Clean_Die
3.316702865379942,996.2106269800839,4.891495892619662,0.599819209400972,1,Particle_Defect
0.27892375088201504,4239.239412170307,2.8562278636389777,0.46421920464731503,9,Gate_Oxide_Trap
0.05,751.2358535833831,7.420019032798966,0.9362966629149867,3,Clean_Die
0.05,712.1691876582233,5.7557443355695375,0.8526378616756312,2,Clean_Die
1.6079929100338375,9520.96272926346,1.846213499311276,0.2683871129437828,2,Metal_Short
0.15643972129084008,642.0957756215086,5.98436339143083,0.9118460157539543,11,Clean_Die
0.16896353746988196,794.3231665962791,6.281721641317804,0.9311998710571209,7,Clean_Die
0.10873407405073582,997.4875440510818,5.663217190838387,0.9372820173514358,8,Clean_Die
0.10296656629911916,760.7182379385299,6.681173001762586,0.9814673707042647,4,Clean_Die
0.061464773595460376,727.7671991519646,6.87425659813225,0.9775487131135285,9,Clean_Die
0.15122236532768585,4977.766277404764,2.626283373904417,0.7158012052490543,9,Gate_Oxide_Trap
0.20770684823652194,681.2846412195801,6.322966793600154,0.8740118053494264,5,Clean_Die
3.759830521449852,1272.7338153966737,4.796256615752249,0.6558844571110783,10,Particle_Defect
4.172384946418212,872.2487687009994,4.871443765880421,0.4654967874207807,8,Particle_Defect
1.6439620221372369,6983.976615474308,1.332250277904306,0.501926039200131,11,Metal_Short
1.1887062822182821,6952.035735920943,1.9228304447457292,0.28337654858483086,7,Metal_Short
0.14204509208502347,2845.4161829889254,3.410718121411504,0.6198011296294201,5,Oxide_Pinhole
3.7040984934313452,1077.6096593801049,5.004291113105191,0.6069708455960768,4,Particle_Defect
0.05,940.5381769393715,7.240878415935938,0.985675724866103,4,Clean_Die
0.621832288329946,81.37282615277296,5.353016089448086,0.47434763260664203,10,Via_Open
0.10455714677295312,4933.941186625212,2.6531929954250697,0.5146311989182369,2,Gate_Oxide_Trap
3.8570903669115584,1183.0138419485293,5.856097037782729,0.7067430387309763,5,Particle_Defect
0.13298619647534674,905.7370146243355,5.298225381684011,0.9551161555222506,2,Clean_Die
0.8693570353157588,165.7102211331801,4.741024824427315,0.5865993479144367,8,Via_Open
2.9493823950929268,1609.1931573369268,5.4383083205764065,0.6088667570576574,3,Particle_Defect
2.482781008364679,10013.267470161785,2.1521994753681506,0.6326360697384019,10,Metal_Short
0.07465646228746226,867.4596796883546,5.886270393673483,0.9036564862759868,8,Clean_Die
0.12036993922623113,927.5807411824352,6.478534456355985,0.9005456058378218,7,Clean_Die
0.1963294252878806,2160.010152251338,2.5234146378068814,0.7582071002196813,8,Oxide_Pinhole
1.7239584940305777,7877.43571453701,1.7379640542881512,0.4190750953997455,4,Metal_Short
0.09237980592020727,3095.5564399762457,2.3877487368274255,0.7278744210761902,3,Gate_Oxide_Trap
0.6455512012034158,198.36017555381267,4.744771915687737,0.7072953879680822,11,Via_Open
0.05,721.8279160475325,6.366013106855484,0.9300815144123302,8,Clean_Die
0.09001523544783918,630.020307194961,6.098213491836532,0.9758761855010337,5,Clean_Die
1.4545862605814783,9171.371078970997,1.4726152806098123,0.445441391015427,9,Metal_Short
1.2640512256570755,130.39644742065337,5.755947925556151,0.7630068772489794,6,Via_Open
0.3055357155547422,2112.5983944163354,3.2736310773113333,0.7452684515467877,7,Oxide_Pinhole
1.4762704364767951,10614.421875128482,1.3549352646521269,0.2945902070958087,4,Metal_Short
2.4441808812176156,1419.2556170931368,4.899346729702886,0.6309104173185466,3,Particle_Defect
2.6320553886629647,1154.2293446801477,4.44267967332045,0.599473668098153,10,Particle_Defect
0.09135331123779755,810.7012613857165,5.715785389479457,0.8510396128241423,5,Clean_Die
0.9521444789707253,200.2385508884118,5.048547838911117,0.4360377948491161,2,Via_Open
0.11292763846008337,4672.64411799269,3.0909185097408307,0.5655218553716683,7,Gate_Oxide_Trap
1.7194392395272557,1238.9824020087467,6.001009770522391,0.5692022391552564,4,Particle_Defect
0.08907586657291608,830.6194661879598,6.261739487676057,0.9281712099459059,3,Clean_Die
1.8877016526682397,7603.782893449923,2.442147045116262,0.37828646693995294,5,Metal_Short
0.05,798.1246609829522,7.519553182231185,0.9109030904049937,7,Clean_Die
0.2242478026501889,5073.862344154658,2.2662947767609696,0.5234743389637594,11,Gate_Oxide_Trap
3.2302293660996795,1322.3170750892268,4.945965513053413,0.732802682051215,7,Particle_Defect
0.08755741082190326,988.8070587479738,6.682887154038218,0.9243305789709252,8,Clean_Die
0.43147667031275166,2267.680701669942,3.056426050176552,0.7195480757984168,10,Oxide_Pinhole
0.13406630074108777,4408.311763922253,2.1920725520631814,0.5245378598797099,4,Gate_Oxide_Trap
0.2512906101020535,4242.723377322976,2.0555652255059673,0.5311105310478911,3,Gate_Oxide_Trap
2.934523085541846,980.4166846191462,4.748426726026137,0.6379122137741129,10,Particle_Defect
0.05,574.2449338980434,6.900135664837014,0.9274322031188079,1,Clean_Die
0.193738880872314,4005.0721239637405,2.680798464706239,0.5972526106450352,3,Gate_Oxide_Trap
1.7205296689657545,9365.827864831397,1.7148399821308418,0.3727997511060296,10,Metal_Short
1.176927141143317,9620.483507306277,1.744189390583235,0.48654213219169684,3,Metal_Short
0.49094204386889106,133.41774033536836,5.336095082187998,0.5515034116358047,6,Via_Open
0.2114424581978007,3963.124346697371,2.460160945261024,0.40016820360530403,6,Gate_Oxide_Trap
2.6879363720844074,1270.3545148847563,4.101592724727619,0.5118427547972229,10,Particle_Defect
0.05,855.1824019177958,5.999943369705274,0.8518422212955512,10,Clean_Die
0.5981279723893691,166.270419497729,6.017186036223901,0.5359595507122658,8,Via_Open
0.07831783323678854,885.0074086174247,7.319079993619808,0.900503433510163,9,Clean_Die
4.014006182268515,1366.535854873986,5.1514118582558215,0.5678444428895085,7,Particle_Defect
3.157126095196643,1008.8056429807034,5.110181951934416,0.6489204513211875,6,Particle_Defect
0.1546922049603724,769.5014404097582,6.301244193006718,0.9411349542527451,1,Clean_Die
0.17055275635480316,5137.901750443035,2.9082881548579023,0.6138234732627945,4,Gate_Oxide_Trap
0.4830753650040354,1706.8892429491984,2.9494394730388493,0.6407048627843203,9,Oxide_Pinhole
0.1205760470676187,628.3237889312533,6.031871983826528,0.9517262833750916,11,Clean_Die
0.2794551240741027,682.9057433057277,6.720369489265395,0.9539281518749859,11,Clean_Die
1.076553867249289,8296.498056909804,1.8295810452967771,0.4939889797956224,2,Metal_Short
1.3939311164237662,885.83762997287,4.909843344838514,0.5411021869603472,4,Particle_Defect
0.8879910171461487,138.94690930693613,6.571995378922995,0.5149589784729547,10,Via_Open
0.4003017402671525,2315.6094113140193,3.2043829166113635,0.7238780800693878,6,Oxide_Pinhole
3.835379804725352,1241.8664617216737,5.279331910836031,0.5723835400500091,7,Particle_Defect
3.312317466033645,1403.473843580903,4.161226125444705,0.6334854635183214,5,Particle_Defect
0.05,799.0749920084818,6.577013776394799,0.899004113384121,8,Clean_Die
3.2644058896668073,1002.3361209364662,4.3816252145236225,0.6027788658560106,6,Particle_Defect
3.6851116592449067,1190.5836945239942,6.121652669315516,0.672502094331173,9,Particle_Defect
0.14081401930484733,2453.0889820966727,2.4527110032418555,0.7053368586165732,7,Oxide_Pinhole
0.800778239159159,186.9795968288061,5.105234105826287,0.6167664641989391,6,Via_Open
1.5679610202252778,7723.7969774642,1.6845912723633532,0.39256202346062913,5,Metal_Short
0.05,783.6864868314943,5.900739248054103,0.9208406024034219,8,Clean_Die
3.7331522606650984,1321.3964462813728,3.822301386915721,0.6934868246544444,9,Particle_Defect
0.08972403894647143,741.1138972871263,7.416047141227246,0.8776806194024027,4,Clean_Die
3.357206363683917,1312.0591701215553,4.639900997883161,0.6494805070657492,4,Particle_Defect
0.8338060923184183,183.2432561299516,6.171452798486514,0.5075216637684883,5,Via_Open
0.7605911713620579,121.34800502490961,5.368876342659901,0.6405968171249261,7,Via_Open
1.5716910438141924,8294.956554465949,2.2267367275346808,0.3175025699968812,1,Metal_Short
0.22274289691786567,4196.866235756584,2.685278223357454,0.5288962681729497,5,Gate_Oxide_Trap
0.3531940446405756,2189.210752191644,3.486228752891715,0.6292550038680185,2,Oxide_Pinhole
0.8259155764315941,69.32006910923516,4.440673678854877,0.5638628880529286,5,Via_Open
0.7061807277221481,131.65029638042307,6.791441902038294,0.6911528000028901,8,Via_Open
2.7870033167710826,1292.3439278592577,4.212364037206376,0.7878640731671426,10,Particle_Defect
0.08246043179335062,813.5640938068836,6.396690175476451,0.9305875419079783,9,Clean_Die
0.17353320085568003,4132.6921386695985,2.7564081618720673,0.7624091802715821,4,Gate_Oxide_Trap
0.0966693593613048,787.7910601010135,6.220152695103248,0.850125557626928,7,Clean_Die
0.05,818.2804243858437,7.576218695759139,0.9031686157485534,11,Clean_Die
0.11274910905180108,4187.7809187154335,2.4808504734677146,0.5800991395958206,11,Gate_Oxide_Trap
0.13693473741992113,4976.744557694708,2.7893550533131446,0.5959428287809695,4,Gate_Oxide_Trap
0.3232975686470245,2572.787253756056,3.1178572547942487,0.7304279044487718,11,Oxide_Pinhole
1.229295815487811,8497.281940547591,1.7463422941705753,0.5466744649286879,2,Metal_Short
0.3670343977386039,2637.120838405778,3.382692202602199,0.671872445238781,8,Oxide_Pinhole
1.5215082072427055,8076.878325808255,1.6284529979326696,0.47173160001043496,2,Metal_Short
3.4372441317806577,1526.4196279332236,5.318470839418912,0.6471388441636134,1,Particle_Defect
0.23708155433895295,2390.0341316026957,3.065281587126672,0.5150585861507995,5,Oxide_Pinhole
0.11133907032156118,3174.2244177093935,2.6537960880916485,0.5290777845110854,5,Gate_Oxide_Trap
0.33861067998593974,2227.8820280286795,2.9887327544020676,0.6973310957513289,11,Oxide_Pinhole
0.31208718584897444,2043.4706915458137,2.963782456663338,0.7625014116924469,8,Oxide_Pinhole
0.1545301124858491,4791.449560323212,2.082617610251926,0.4607870330575694,8,Gate_Oxide_Trap
0.1354615886993058,821.5744387074759,6.32995021346679,0.8603205128706429,6,Clean_Die
0.22826238752918906,4586.248744823848,2.122107234778814,0.526087843325659,5,Gate_Oxide_Trap
0.1575183656067421,3943.608624901556,2.8555371280728337,0.6633180298284941,11,Gate_Oxide_Trap
2.0220084454651035,7443.260954107354,1.6463682212776038,0.4268086615191122,1,Metal_Short
0.2932189671339127,2039.8050720979052,3.2962568674203885,0.7137477911376335,11,Oxide_Pinhole
2.322038456272652,1633.48490320334,5.155981088903513,0.7858733031545004,4,Particle_Defect
0.14529197856754072,2369.2812723695483,3.025781837090714,0.7485445767876663,5,Oxide_Pinhole
0.10132392542540695,613.0435835779555,6.12357370887789,0.9315432672082931,11,Clean_Die
0.15185865220663977,3475.459245621454,2.3535029762533535,0.5388944360216993,8,Gate_Oxide_Trap
0.08376930016262722,836.2419946451021,5.497402593046116,0.8952475848476049,5,Clean_Die
0.18632437766443766,4708.569853390029,2.3466292300069314,0.48964805038450465,3,Gate_Oxide_Trap
0.266939491598076,1822.1868209331392,3.9923056468603666,0.7463279493599705,3,Oxide_Pinhole
0.16842791821467518,763.2838518845042,7.093912951431094,0.9782702020107369,3,Clean_Die
0.09407602008229078,4505.403592434269,2.824678554353406,0.5516050214850267,5,Gate_Oxide_Trap
2.602709255100443,910.5878434561423,4.121466457301403,0.7145417450643463,7,Particle_Defect
0.1387555974799775,748.4963192117112,6.814779618227472,0.8791328181269801,8,Clean_Die
0.06081837054413313,1040.0994899638322,6.403495560044651,0.9155190376460794,3,Clean_Die
3.7975081075106583,927.660562077097,4.308421665724196,0.6015406908410605,3,Particle_Defect
0.05,901.9119017240025,5.820987367098958,0.8388290733715354,2,Clean_Die
4.230199695288898,1347.0896666676038,5.976890279745876,0.580133879234785,9,Particle_Defect
2.0072810875654907,1379.5717215591737,5.115538214827949,0.52064208606453,4,Particle_Defect
0.16615679062111932,4303.818601595266,2.4831807263577796,0.725208945620516,2,Gate_Oxide_Trap
0.09455228541968716,631.1384070611491,6.452326191887588,0.8332332437636871,1,Clean_Die
0.23009063266050983,2194.66420772648,3.145591102527712,0.6714294513135991,3,Oxide_Pinhole
0.11111002418284105,3951.8050357739858,1.7736493923685859,0.5765897969290846,1,Gate_Oxide_Trap
0.1205572627344247,768.8287092991426,6.960603479723643,0.9296803320789871,9,Clean_Die
0.12355294070092436,933.81829362697,6.781690940329949,0.9279109340633345,9,Clean_Die
0.09785057981118367,942.0395416326041,7.384758076900202,0.9140611377516085,8,Clean_Die
0.10667644133159904,639.5849522688609,6.909412240740344,0.8726743574615207,2,Clean_Die
0.11922514192662488,804.1630111053692,7.069792940625416,0.9585808763237873,2,Clean_Die
0.12993069894977413,920.9576188868559,6.999731426390375,0.9553208505517663,3,Clean_Die
0.3881410310412262,2161.2397949344527,2.143303247074689,0.6942963071883749,3,Oxide_Pinhole
3.9141583983328685,1323.0260400676755,4.956688835474458,0.6584128663505168,10,Particle_Defect
0.16179688792934632,895.6940060070704,6.509588967380907,0.961090599246992,2,Clean_Die
4.74175716701145,1110.3861295643117,4.369012262382235,0.7399315638892802,4,Particle_Defect
0.9302355514278019,109.29628158484651,5.8509674738422754,0.5148486432163546,7,Via_Open
0.09522475111517713,811.4493068883868,6.306324678006391,0.9427235749488841,8,Clean_Die
0.05699913523031755,728.1971315999044,6.295142584820702,0.9670488167113866,9,Clean_Die
0.2916128361174216,4141.830704099282,1.808646887131124,0.40483993798126694,5,Gate_Oxide_Trap
3.2167990390559775,1197.6884020887776,3.81376690814402,0.7497386323882942,3,Particle_Defect
0.7822777554916767,217.05002914939934,5.323070508159967,0.5332479005202185,4,Via_Open
4.487383550269217,1440.5405060034893,5.134624878104547,0.7383132019940599,7,Particle_Defect
1.193368837410391,86.45454082350045,6.067853535239085,0.6464541357019741,8,Via_Open
0.15504594642382505,1752.6165991032296,3.5875522277473837,0.75917055530813,8,Oxide_Pinhole
0.9717398336960306,98.87493669361658,5.5210064768694185,0.6162364042087802,1,Via_Open
0.2276057036297888,3919.8513026524524,2.4360828681653492,0.4858237398485532,6,Gate_Oxide_Trap
2.6684348919102723,930.710705386217,4.790787351056702,0.5869987913399061,2,Particle_Defect
0.1528899138326951,892.7012470681286,7.0382657558237876,0.9199241644869383,6,Clean_Die
0.26757706093809375,4194.667794733535,3.053393238255129,0.5350807186534103,11,Gate_Oxide_Trap
0.27017919565347376,2128.5342764961892,3.0385330733792433,0.7850103228642936,3,Oxide_Pinhole
0.3024837514428549,2401.1890852047386,2.918352489344252,0.6378419614308428,4,Oxide_Pinhole
0.33978938399846215,2762.2950619989724,3.5460047910947217,0.6733988727251436,5,Oxide_Pinhole
0.11793097510844378,775.3398294954915,7.044672916967031,0.9660363218523392,11,Clean_Die
0.21771585722638548,4795.415110906024,2.6168555933730753,0.4948749761065825,9,Gate_Oxide_Trap
0.08186228613909785,776.5076351915114,6.563514637981865,0.9009536227152705,1,Clean_Die
0.059254426119828334,726.4551029194723,6.09258227583615,0.9343380991070227,11,Clean_Die
0.2313039033451617,4774.3436344338525,2.4827320190244166,0.5456873877676544,6,Gate_Oxide_Trap
0.06054188802938476,4745.738580167032,2.2731092173785683,0.4654822104654377,9,Gate_Oxide_Trap
0.05,837.5070431982516,6.354356621496655,0.9147765753097099,11,Clean_Die
0.37198726037783875,1928.7224315926107,3.4406019908397396,0.6104784380345701,2,Oxide_Pinhole
0.10164419488374582,752.7251366096847,6.636819414098471,0.958391241988095,6,Clean_Die
1.8079976837554694,1064.0346475523907,5.574800378432755,0.57154793457131,10,Particle_Defect
1.6406211677815938,8248.334594172546,1.9954447539961304,0.5356919584363508,10,Metal_Short
1.2322777620053578,148.73305161447328,5.681629994389892,0.7537206922442328,5,Via_Open
0.1786822791006068,2106.308604038205,2.6026537632321287,0.5485232111321241,7,Oxide_Pinhole
2.478491660763148,997.6859950027863,5.293898918640107,0.6424468033099252,11,Particle_Defect
1.1065534921973565,170.1601383291721,4.9410315240103575,0.3768482292655746,2,Via_Open
0.3478997108528479,2726.560601520535,2.648033396978441,0.832152340779107,1,Oxide_Pinhole
0.05698232444294484,871.556276684292,5.919439858562381,0.9134295931064839,6,Clean_Die
4.183914296780726,1067.169364694713,4.574549519430487,0.745513462282163,5,Particle_Defect
0.28702032514733294,2301.502696689336,2.943215188546212,0.7924274399396388,2,Oxide_Pinhole
0.3196314100040917,2560.5669931763346,2.962449758562205,0.7641796163147162,3,Oxide_Pinhole
0.2280941758255674,2138.1213174056898,2.2635557489373577,0.7621749696826068,4,Oxide_Pinhole
0.27717472941220284,3973.431267358571,3.149422863631424,0.5333631533823123,4,Gate_Oxide_Trap
0.09113710819686995,829.1441326040526,6.422039290888338,0.8945350064887884,2,Clean_Die
1.0730327263971617,171.24715411290728,4.585631705923829,0.5581308093518377,5,Via_Open
0.10199781492284851,5278.21038811969,2.1776518136876044,0.6197577997617502,2,Gate_Oxide_Trap
0.0836941551247269,941.4978333592261,6.459799628144914,0.9353262813393366,3,Clean_Die
0.05,669.7499379582828,5.299828944175613,0.8780605518991075,11,Clean_Die
1.3262756901562915,9755.439072222352,1.9471053800954514,0.4560799652417583,6,Metal_Short
0.13311913504950046,799.0472527875394,6.435708507406441,0.8919344916553275,9,Clean_Die
0.09439987463761539,4185.8960701919605,1.9074010031968762,0.4954854021364496,9,Gate_Oxide_Trap
0.15048023240841912,689.5583551357768,6.543101888514524,0.9369060443049215,9,Clean_Die
0.10392645721789882,757.3470454203806,6.006507607336787,0.9589599486776267,2,Clean_Die
2.618574356247178,1057.3254813114709,4.961229926670526,0.6677299969330067,8,Particle_Defect
0.4166237559211635,2323.9920828616296,3.3354942593815458,0.887254205399689,11,Oxide_Pinhole
1.1809270176930653,8654.14168671688,1.9160396555610215,0.5852995196179764,2,Metal_Short
3.108140432840292,1319.339235007763,5.91012944622302,0.5863030086158482,9,Particle_Defect
0.1538656543136571,876.8650142308501,7.081074036181376,0.9994043619082748,6,Clean_Die
0.20720001287944767,4052.5414851986206,2.633098690102703,0.5301514641233108,9,Gate_Oxide_Trap
0.1105324539429344,811.3500101687692,6.9096096419382524,0.8713341785197624,11,Clean_Die
0.05,631.3399733158435,5.984841061181179,0.8787629980499937,5,Clean_Die
0.7339084212985928,201.33060369153145,5.877487673730812,0.5907359012399694,5,Via_Open
1.9509668800520066,1319.5484235469398,5.717985518042387,0.7452599940750773,4,Particle_Defect
0.27022402503568554,4867.438205742446,2.717163640174615,0.4650801245233871,6,Gate_Oxide_Trap
2.6115800562809133,1234.9008873177247,4.155025031374059,0.8020310913912778,7,Particle_Defect
0.6461027822564194,142.27074491528052,5.519399383759577,0.7318768956227026,9,Via_Open
0.05,831.097789793204,6.145206570646655,0.9572458241684061,10,Clean_Die
0.26827810243226996,2187.3347928099333,3.221272359884014,0.7550515302947554,1,Oxide_Pinhole
1.6779387062127777,6832.524533200567,1.2966916379425264,0.3429514690562405,3,Metal_Short
0.24948990521010808,780.7413320738999,5.608175651983332,0.9566166548366973,6,Clean_Die
3.351519834576342,1177.835965300926,5.254900686710614,0.5390297467677191,9,Particle_Defect
0.10075094785627643,920.2557654756002,6.3921053608972835,0.9206544612086769,9,Clean_Die
0.23961256234519718,3693.952610391396,2.420688763292372,0.6555947580698701,7,Gate_Oxide_Trap
0.09416187858312194,774.4297219570957,6.061914333696359,0.9426999293162867,10,Clean_Die
1.179129264668848,8564.508297286164,1.934362052435402,0.5245357977863313,7,Metal_Short
0.9762673484193098,8735.738162200209,1.3082542371544519,0.6228467690871456,7,Metal_Short
0.05,686.4768227827357,7.006296348125667,0.8942356207111847,2,Clean_Die
0.3911811506101626,2237.1839231766658,2.7314315984838036,0.6136226487794016,5,Oxide_Pinhole
0.7248997444057008,86.3086114954724,4.730909379320323,0.7509268868539667,1,Via_Open
3.1274120889865906,1274.8052570592092,3.8186894469606703,0.7285719971980965,6,Particle_Defect
0.3515623939087716,2164.7914881351,2.654329581387044,0.7489070050613799,7,Oxide_Pinhole
0.14294711599642645,786.5839446517691,5.810748111317225,1.0,3,Clean_Die
0.06222979980049376,2172.821952501914,3.1218180361316885,0.66966757698679,7,Oxide_Pinhole
0.05491729029158277,813.4459934840244,6.809340571992058,0.9234505528979844,1,Clean_Die
0.2614429897930357,2444.7031587578745,3.6229733077682487,0.8124692380827006,11,Oxide_Pinhole
0.13455613609833122,750.6283308568724,6.713956974971406,0.9050181098128014,3,Clean_Die
2.59306896336483,862.4372353548902,5.318602987858882,0.7152688095520522,8,Particle_Defect
0.09772592012000479,745.8863175232962,6.095934449470392,0.9277816735094868,5,Clean_Die
2.6331804099050933,1241.833301376903,3.8360417422279163,0.5689428894465833,4,Particle_Defect
0.21054825390181164,1736.9553339433005,3.283564684253609,0.7136003161234824,8,Oxide_Pinhole
0.09062190691278903,945.2891756557882,6.5025217584661625,0.9024867517822607,1,Clean_Die
3.375201493933281,928.6516655618378,4.282228236861668,0.6824859257084296,5,Particle_Defect
0.7087715460439199,161.92174169593406,5.0726224981319845,0.6981556592299838,5,Via_Open
0.30864541952094354,2345.516735813075,3.6145308333951327,0.6470043510247203,3,Oxide_Pinhole
2.7163828121268163,1526.1350152285204,5.293092835990351,0.5958020918795661,7,Particle_Defect
2.1720905335414376,1317.6046299882687,5.125251625297999,0.6687880524484104,4,Particle_Defect
0.3540455680564444,2384.246999492115,3.043559705287772,0.7549516082471251,9,Oxide_Pinhole
1.1878827002981722,8991.322714195016,1.140278079969985,0.37629882242765905,1,Metal_Short
1.706592128938519,933.9851054229449,4.6172059235024125,0.6406429721667343,9,Particle_Defect
0.099726236758048,785.1740405192323,5.580425985482794,0.8722308153290004,7,Clean_Die
3.637485439592046,1209.510846243949,4.9771017876988255,0.9547403567471388,6,Particle_Defect
0.14224235888148923,4931.10097408115,2.874946926718194,0.4757218465486025,6,Gate_Oxide_Trap
0.14502317847785068,856.9700311087122,5.799935059036023,0.895556242667686,2,Clean_Die
0.21242517404523648,4706.374031477788,2.930008089249147,0.5261437179037236,11,Gate_Oxide_Trap
2.227979069015185,1177.0485726908246,5.317111703951035,0.6014198616298319,9,Particle_Defect
0.08323082370895139,812.4333237232764,6.803317834385822,0.9479310807557996,6,Clean_Die
0.23017590665419924,1674.7999404947288,2.979450889828133,0.6383988408463183,11,Oxide_Pinhole
2.978973210119439,1055.0140979172581,4.979781135031825,0.6755534209175793,11,Particle_Defect
0.3026237609695926,2032.1499570765784,3.20023380078936,0.6795946769159636,11,Oxide_Pinhole
0.22346538897729087,4448.214988896039,2.2013980563529985,0.6700636924852224,4,Gate_Oxide_Trap
0.10155787095395741,4991.249288376572,3.308485366116847,0.6500630647481209,3,Gate_Oxide_Trap
0.07547454865414618,597.2663760811809,7.07852832554407,0.8369431439532492,1,Clean_Die
0.20046174489298982,677.7603027626451,6.6462856103345676,0.9118424920432275,6,Clean_Die
0.06886729300933844,788.1758656700259,6.790166961143966,0.9402264058313062,9,Clean_Die
0.360390258421232,2147.9808582612895,3.4384093195721355,0.7207136722791669,8,Oxide_Pinhole
0.07275751412353304,848.9275667403524,6.6456690455121885,0.8962284142603266,8,Clean_Die
3.1567801910589868,1158.940260224876,4.241353131952479,0.48113746203574687,11,Particle_Defect
0.3176324851921802,2363.492541950961,3.4523310807300045,0.7373369487786257,7,Oxide_Pinhole
0.05,4251.480800253427,2.8322787082496075,0.6011999381292578,1,Gate_Oxide_Trap
2.8216440272453283,1038.1120571147815,4.400397467276052,0.8491359951205397,2,Particle_Defect
0.07911391167612761,816.5479196177185,6.070920907189711,0.861103023044979,2,Clean_Die
0.11252156744639334,737.8617922048763,6.536414552274196,0.8490854851522951,6,Clean_Die
0.15600711844204054,728.831954147072,7.096688650769772,0.8710759425539628,5,Clean_Die
0.12182393048739326,881.2831429144964,6.0799499571852325,0.9643839670275217,11,Clean_Die
0.1843612877937405,795.518302081204,5.798292108128402,0.9169214178660702,10,Clean_Die
0.8202867540287576,111.87677394546796,4.394131243955558,0.6328130892140843,3,Via_Open
0.29489022994960545,1500.3410826825361,3.525691423642135,0.7524946004599369,1,Oxide_Pinhole
0.32004691409821723,2428.2805186042033,2.612666040903476,0.6779973182500691,5,Oxide_Pinhole
0.11584999644188014,717.5898625831863,6.574505271293394,0.8854323103900983,4,Clean_Die
0.10433735128097306,735.7528705905379,5.38929161545305,0.9157428868308937,9,Clean_Die
0.1432153071924227,4488.648335590861,1.8319356061267875,0.4664279831854674,1,Gate_Oxide_Trap
0.233935667018053,2207.121066935536,3.534016508011961,0.5835322480826813,7,Oxide_Pinhole
0.1207458727303576,4376.994225326065,2.0024997634545874,0.5501187746667825,5,Gate_Oxide_Trap
0.05,858.8460345856685,6.379737798429744,0.915997837095323,10,Clean_Die
0.061887224434668195,799.9333821836525,6.74658803366714,0.8980977710059399,7,Clean_Die
0.6455448245832882,76.12462290782688,5.377451822460112,0.6186133099970881,7,Via_Open
2.6430505970811446,1219.571697314216,4.615375309650324,0.7207996501325838,11,Particle_Defect
2.532490395884511,1222.9225364706567,3.899553820680367,0.6954327002234224,9,Particle_Defect
1.0408963537394238,216.18105669228464,5.639792696980658,0.6388133007518872,10,Via_Open
1.6962035326121092,9449.69769189479,1.9998841723372558,0.4446910674230698,1,Metal_Short
0.7933988635435354,174.87441660664683,4.858119893444983,0.6096106179132127,2,Via_Open
3.162700515399368,964.8780560406926,4.566856846355771,0.6965084806352466,4,Particle_Defect
0.08361275426475885,958.0489588868245,5.766408477534843,0.9711895126541231,4,Clean_Die
2.6166537087123536,758.6151245949851,5.755964586527301,0.6332468096581186,7,Particle_Defect
0.05,817.5523943311356,6.207156686916933,0.9461604464779213,9,Clean_Die
1.9338323141539817,7821.7187893302,1.9547763632794068,0.40046191631418837,6,Metal_Short
0.08225227967756404,787.8568713741479,5.638592502220271,0.9494646376848389,2,Clean_Die
0.7701313834206477,137.41533917648215,5.155232191600662,0.5918326014335326,2,Via_Open
0.14851492962364754,851.2668379084032,6.6407809775367115,0.958766345532926,5,Clean_Die
0.1437370670261338,821.6395334680748,5.8987674548368405,0.8928929080769276,2,Clean_Die
0.2502813686567233,2489.5897600129983,2.7871658597694524,0.6448136155837721,2,Oxide_Pinhole
0.8146800013350999,91.5100342808046,4.896543499094893,0.48536504808437075,3,Via_Open
0.28065010085091663,5852.351750749145,2.065008962749004,0.39131328325825593,4,Gate_Oxide_Trap
0.8287093421967164,142.77708345788028,5.3915473333012365,0.5415204304792008,1,Via_Open
0.5026401281136915,2325.888966821368,2.815448498089799,0.7605958616997965,2,Oxide_Pinhole
0.18124656847673454,4035.3655337059645,2.614653917763123,0.6910820956705633,6,Gate_Oxide_Trap
0.11260800011266368,808.0526324981598,6.285936609330312,0.8971412362968738,11,Clean_Die
0.2177844491249284,2481.9577658012286,3.7846923688540803,0.5822635290030461,4,Oxide_Pinhole
0.17514457478344853,980.2100956546558,6.283769449256033,0.9670692853152122,8,Clean_Die
0.25586096035103034,2270.580515383951,2.9469189526573802,0.8466241933319728,3,Oxide_Pinhole
3.3763266459654218,1175.87182927324,3.6705463835456977,0.6146273122133897,3,Particle_Defect
0.14860953554617715,924.0906040206432,6.599023464741513,0.9456524121428589,2,Clean_Die
0.08798608751541168,2797.4675691168954,2.4315517391856996,0.7176628879013428,10,Oxide_Pinhole
1.2396173662351222,150.26231553802577,5.888843852689888,0.6534540811755783,8,Via_Open
0.06795872540865679,773.6419590642188,6.292468417747938,0.9250254251298967,1,Clean_Die
0.07814108791406178,928.0422597065534,6.315822689060429,0.9074394322233174,11,Clean_Die
0.0924289786073136,4823.970520383001,2.154321793565512,0.6529995485549936,5,Gate_Oxide_Trap
0.1499546457106062,870.9385463406969,6.6247355639986605,0.9392880217676163,9,Clean_Die
0.6804243352740236,106.18031806796856,6.046242331416487,0.6044016563918974,2,Via_Open
0.1609180148280306,4802.329152033098,2.313653436917388,0.6225570155417983,5,Gate_Oxide_Trap
4.227943080928641,1209.8517505772186,4.70008645684294,0.642262275740318,2,Particle_Defect
1.0047347944095621,70.58128253764681,5.248678802652808,0.4300866340210059,5,Via_Open
1.5597233500121328,8287.308857041839,1.8739399178928853,0.4827372545490723,9,Metal_Short
1.0435295652025487,8195.219971432185,1.9320651412531071,0.5761089680187733,11,Metal_Short
0.31728616338017573,197.08153817863857,5.536650561443169,0.642908724866789,8,Via_Open
2.5721031344049265,1427.6387924199755,5.274474049566148,0.7401122699970997,9,Particle_Defect
0.15546446007204187,4437.944201954331,2.4578222183550387,0.7055235127750645,2,Gate_Oxide_Trap
0.12003001649221734,826.9860518610966,7.083097826018468,0.8991743450514542,7,Clean_Die
4.774505983818243,1402.4893594262412,6.103710020301137,0.7429133852946948,8,Particle_Defect
0.1307126013289732,2803.2328976890117,3.0910556177257353,0.6701751829336565,3,Oxide_Pinhole
0.23309506173196637,4526.904076044333,2.0795608259743132,0.5160672109981795,8,Gate_Oxide_Trap
0.23565635048702852,4377.94504424413,2.216522649651156,0.7483417435950667,8,Gate_Oxide_Trap
3.296580297658079,1110.7265978778746,4.840925473489729,0.5900056260552325,4,Particle_Defect
0.05,825.9707660699851,6.8420939360923825,0.9142792759964617,2,Clean_Die
1.8643045661491118,6728.518712458022,1.6591781747767784,0.3581000631443628,8,Metal_Short
0.1996902536302625,2336.795678348551,3.0980066224247533,0.7960208810893441,5,Oxide_Pinhole
0.09154542938035717,783.703804637832,6.102913625926364,0.9623488840751062,3,Clean_Die
4.1816705997644394,1174.964283560165,5.83934393106164,0.7092273728588906,4,Particle_Defect
1.5415295909072524,1203.345984892326,5.646676167861713,0.6450611832728242,9,Particle_Defect
0.14321774585593858,754.9394873129121,6.627070573900449,0.971684542369379,1,Clean_Die
1.2815440952493213,8544.740728115163,2.1196518725578586,0.4389293249117502,10,Metal_Short
1.8748289511660565,1060.860238383283,4.664058126894422,0.6873980382398043,1,Particle_Defect
0.07289604746058842,1020.6447379816809,6.552129861166506,0.8890397009502251,6,Clean_Die
0.2631516387270447,4176.932915463844,1.8982871524014837,0.5650133532375615,11,Gate_Oxide_Trap
0.14789113171975476,4440.659494799849,3.116906738568404,0.5501213778512716,3,Gate_Oxide_Trap
3.5712992094741853,877.3605485485962,5.546218375409149,0.6101574137407841,4,Particle_Defect
0.5104305034728455,234.99347243115614,4.488329961080609,0.4054697044541443,10,Via_Open
0.24264756773629875,2155.1250818651074,3.3979275644430307,0.7793035365731884,11,Oxide_Pinhole
0.1663667179871026,797.7835779474974,6.781710307288602,0.8942525028461661,11,Clean_Die
4.39899723442182,1325.5015557383347,4.9131137635119,0.7451853429781454,2,Particle_Defect
1.9428463888440084,8407.23890534519,2.013729974109575,0.46297525632157815,6,Metal_Short
2.7427125522268647,907.9626847301583,4.8033854833579,0.5412712248817146,9,Particle_Defect
0.147958942372358,1040.0245400975425,6.298964699701114,0.8578245242943852,7,Clean_Die
0.35597009689547837,2154.181215522762,3.096865268898297,0.6986646128934324,7,Oxide_Pinhole
0.41983405983459116,2097.485687719519,2.9755446959828085,0.6601870355024881,9,Oxide_Pinhole
0.0911945315095106,993.1824300418764,6.72971957001915,0.914108816689773,5,Clean_Die
4.588410300623471,935.7964538041549,4.699627431424284,0.4724919211881894,9,Particle_Defect
4.386076270814352,1106.294374297835,4.552779162875959,0.5686724439763703,11,Particle_Defect
0.29888963152124903,1975.5332441826106,3.2249840497617184,0.6938617951856189,6,Oxide_Pinhole
1.249957298932866,7903.933469228019,2.0497740948696928,0.2499203979160435,1,Metal_Short
1.3680868607083765,10381.033747860565,1.947798502776799,0.38793450291565235,5,Metal_Short
1.099168182302026,136.11683495550233,5.537424738408899,0.6748839148977401,3,Via_Open
0.22094648987834936,945.7066980967879,7.152249439288141,0.9575103892483099,9,Clean_Die
0.9369889117109543,8489.177510184512,1.2305162847438451,0.4013667731100406,6,Metal_Short
0.6741981326517041,273.53967188078684,4.920878475383927,0.6938003947224982,9,Via_Open
0.36608994916139426,169.92602558522884,5.391951723514201,0.8520952840623898,11,Via_Open
1.8312704974448748,1352.9656839509069,4.602029317409548,0.5782451529312309,5,Particle_Defect
0.18036376569240598,786.2238971773568,6.8720981502867655,0.9415124624213116,11,Clean_Die
0.10586028742020599,875.4695961523023,6.077748850120917,0.9809606997264475,2,Clean_Die
0.34122357402730474,2804.9150978203875,3.0309580946248333,0.665216917518306,5,Oxide_Pinhole
3.036466483029685,1349.299177690768,5.39845407754612,0.7198664044827986,6,Particle_Defect
0.1600515141077476,3904.7173832689286,2.374592317970917,0.510385720735563,9,Gate_Oxide_Trap
0.30664627438768177,2449.1017113952885,3.5840469589670114,0.798510901002333,11,Oxide_Pinhole
3.0521242692857187,1061.3072024347243,4.766928609106317,0.5397367753822753,10,Particle_Defect
0.10245151818936951,734.0830392177177,6.823332432476744,0.9343673486633902,5,Clean_Die
1.1390817146607188,7950.0119651877385,2.0406401970851706,0.5223461435188427,10,Metal_Short
1.3233760242628003,7639.990788040355,1.5324905014611168,0.4259532010276863,1,Metal_Short
2.9364433109252746,1325.742444781785,4.302087561023299,0.7315792444297852,6,Particle_Defect
0.0952848899886325,677.061682181005,7.175470173098487,0.9556765881162378,4,Clean_Die
0.885820895499985,86.95240918698154,4.872622633181025,0.5923776002525609,6,Via_Open
1.4266780736998232,9324.673192062846,2.290458223808735,0.25800024660337445,2,Metal_Short
0.15836177121366932,2172.666065701336,3.636569070739521,0.8315754725410736,5,Oxide_Pinhole
1.3044665222675453,10260.543259730219,1.9474614056432447,0.4642973179831972,9,Metal_Short
1.3585784554768048,9211.431045216634,1.6223764381584973,0.2800855494946433,8,Metal_Short
0.7430552742194281,118.57524364677916,5.061497013348593,0.6266731682284946,7,Via_Open
0.0894568643718478,780.5426212930956,5.544449140480769,0.9095117331359349,11,Clean_Die
0.29093391260741375,2371.1710745100368,3.0311207949442003,0.6739212048876694,2,Oxide_Pinhole
0.3416321923673378,3697.3106267365456,2.343736167787017,0.5066442745734835,5,Gate_Oxide_Trap
0.3166918282515901,1722.509434812635,3.111736059612309,0.7950292151682483,9,Oxide_Pinhole
0.16722074472271947,4759.748526246604,2.673970070685425,0.5576694855092885,8,Gate_Oxide_Trap
0.05977305573096606,4979.58523780882,2.631983690518968,0.5009572751050236,4,Gate_Oxide_Trap
0.6300444817041319,86.17179915688504,5.488111664434755,0.44540498424397834,7,Via_Open
2.6466346717896925,1283.6374265779239,4.765210760346982,0.6103622723795706,1,Particle_Defect
2.3093437971578883,1239.6066251866964,3.610076424902349,0.7216864894150662,10,Particle_Defect
3.4309647129992356,1394.4028279225042,4.485983884806855,0.5034182733424108,7,Particle_Defect
2.980509664086541,1365.661952162509,3.611149320452993,0.59581542121811,7,Particle_Defect
0.06765810430852513,803.2926457722428,7.361032832869984,0.9150872077080658,11,Clean_Die
0.20952413232429132,4967.511834648088,2.4795291300322178,0.6378251164065405,5,Gate_Oxide_Trap
1.4180156861097268,9842.729022965646,1.1939928577959713,0.5740319218855074,9,Metal_Short
0.18748809709289185,743.9368200589054,6.359596064922934,0.9442711295543584,1,Clean_Die
0.07407052817612306,852.2578781956415,6.479204368174073,0.8864398064636713,4,Clean_Die
0.05,702.6374394460651,6.323692907353077,0.925148032201893,2,Clean_Die
0.45904741809154836,183.60791088902212,5.326532059756002,0.610081535198805,8,Via_Open
0.05263596446410937,819.9041040123386,5.923306676394555,0.9126770113278849,9,Clean_Die
0.16474754615755519,2656.6855434600866,3.526073855572667,0.7870392812268172,7,Oxide_Pinhole
0.2939563300419813,4749.839657535312,2.5308055804771596,0.6424654000830792,1,Gate_Oxide_Trap
0.6364993892900176,141.69064534417376,4.322193489893604,0.5543601649069639,2,Via_Open
3.07440026382619,1160.1367861229653,4.894853355190458,0.7489225655523349,4,Particle_Defect
0.058845101713662126,863.1265516529127,5.814139038876516,0.9920310439924529,1,Clean_Die
2.8755228505084167,1334.4988139367192,5.632075052151228,0.6356855723560394,8,Particle_Defect
0.3971875115180632,1769.3996043494694,3.612781502738289,0.7097111522354554,3,Oxide_Pinhole
0.3132898363163359,2184.9979941737815,3.2847621183556983,0.6858813142689738,5,Oxide_Pinhole
1.9294457628564405,886.3880537909769,5.15055374634654,0.8664547359122047,7,Particle_Defect
0.2807669849354463,2530.4234681652088,3.3442557860816238,0.6454985087874421,6,Oxide_Pinhole
2.3475633332385923,1342.9675240309416,4.0158057746725735,0.624871239831244,4,Particle_Defect
0.07387941580950579,816.181715523141,6.06730871143567,0.9322957551073346,2,Clean_Die
2.4056205983051124,1370.8925359309087,4.436989523603776,0.6461313670312694,10,Particle_Defect
0.9173785691776526,50.0,5.801568584176547,0.6872651914348396,4,Via_Open
4.331662497336873,1085.6069498756617,3.786316063567673,0.7080189614080593,7,Particle_Defect
3.2035659658536924,1488.0697908665397,3.8127955681846104,0.5128671148893845,3,Particle_Defect
2.3295764004874955,1345.6978621648325,4.694338266292504,0.8080335712160616,1,Particle_Defect
0.12590062272051655,848.0972308856212,6.720241819154012,0.8969134543421018,6,Clean_Die
0.05,704.3345385230435,5.8541626442982855,0.9982375052932758,3,Clean_Die
0.12151507274193077,766.8601288467262,5.278207645510187,0.8732086586805138,10,Clean_Die
0.11681978800429277,4397.066319704074,2.563620061237357,0.5258851281703103,3,Gate_Oxide_Trap
2.792195389344895,1158.6688028828028,4.179634918531396,0.5616097498305087,11,Particle_Defect
0.25755053748067624,4538.569396673285,2.111936592753877,0.5309694705204009,3,Gate_Oxide_Trap
0.1383804171333597,861.8314190210757,6.484884100039206,0.927336260656061,4,Clean_Die
0.925472210375991,176.05954772645802,6.089922647991625,0.5285066130757339,1,Via_Open
2.1101311830925864,9542.556956823651,2.0126937353018626,0.4308600143492141,8,Metal_Short
0.08813023832690305,4910.431797500302,3.10710361387675,0.6047558131851143,4,Gate_Oxide_Trap
0.9807949786356116,222.02281039780746,4.921833378594904,0.7723567861605133,7,Via_Open
0.26335401799786706,4878.123105705935,2.59192147362547,0.5185951935524967,8,Gate_Oxide_Trap
0.05,821.5352792393784,7.151398148697444,0.878460193978908,9,Clean_Die
0.15395211318828533,752.4691049203041,5.476360396469483,0.9796685597459134,7,Clean_Die
2.8422560489063073,1009.8083782180211,4.139290055506618,0.682408758400391,10,Particle_Defect
0.2885342261301209,2111.167815416257,2.9345463781383816,0.653289413677699,1,Oxide_Pinhole
0.10022106158302566,996.3527020528273,6.481316091746229,0.8941467755462588,10,Clean_Die
0.08490774227736696,705.0194010046937,6.9556426353136995,0.9542377148981125,9,Clean_Die
1.5546415152779922,8062.630344012399,1.6688219201526562,0.48660996707654985,5,Metal_Short
0.15219182953529592,4252.060767455515,2.523722694702865,0.6102396658528307,11,Gate_Oxide_Trap
0.601475065548586,122.21345614752849,5.179460464130868,0.6364985325810184,3,Via_Open
0.14817400795575025,823.482753800838,7.4088723966781425,0.9207939743021609,11,Clean_Die
0.18537703331150934,2351.6848019665626,2.9856355059966364,0.7701804383122637,5,Oxide_Pinhole
0.11868318463054127,854.8198851181896,6.894726170897485,0.9191415168446665,2,Clean_Die
0.07629814594449501,759.5197026195312,6.724474220444769,0.9529998181639697,7,Clean_Die
0.13019986967298466,840.0613055173014,6.512427601809787,0.897498232534342,7,Clean_Die
0.05,880.0688465736382,6.686121192200248,0.8819727151991053,11,Clean_Die
0.087469822908567,679.3201135777477,6.521282082403319,0.985277958122575,5,Clean_Die
0.056185861222446,677.8836705001609,6.815356096143633,0.8982488358617516,8,Clean_Die
0.3831640873988621,2268.31729955337,2.6510101486778086,0.7572244958410578,2,Oxide_Pinhole
0.4894515678170748,207.7584538289589,6.056339057621431,0.5494162289999404,9,Via_Open
0.9425172576159175,100.2869689495933,5.827407308560321,0.7010254325811254,6,Via_Open
4.392200855457784,1204.5040180406295,5.319197849422812,0.7433756420797748,4,Particle_Defect
0.10222666310822798,682.4701546483919,6.691477048927224,0.9452134173882605,7,Clean_Die
0.2160086306595836,4314.510875932234,2.365400096989453,0.6018688641656869,8,Gate_Oxide_Trap
0.12490992184331401,724.567696601651,6.352809192111476,0.9753902913952854,11,Clean_Die
0.29014421596547524,4015.727259676126,1.9965293975600407,0.4318023120921881,3,Gate_Oxide_Trap
0.10443286510912249,780.5677373744484,7.369774716847827,0.9429791709311304,5,Clean_Die
0.08643425597836628,858.2514322288107,6.95726026118035,0.9009709802749639,1,Clean_Die
0.9631680317601067,8550.731367517728,1.797169434843603,0.5880315121387079,8,Metal_Short
0.25187669130497103,2333.143441819474,3.5030716347521884,0.6573270407638704,4,Oxide_Pinhole
1.5497611112266236,1260.7771509994038,5.485801267238333,0.5782880101240764,7,Particle_Defect
0.12307664090931554,930.6993827221814,7.2550384421619585,0.9518352922377352,11,Clean_Die
1.6775961327596807,6835.916399745461,1.1899885109438801,0.2896168400449746,6,Metal_Short
3.6310574115919114,1037.0023311736982,5.127044809198068,0.520720727750377,10,Particle_Defect
2.321589714349477,1378.508192818596,6.218306349655819,0.7726643214345789,10,Particle_Defect
0.07060383047434199,807.1919089884548,5.464432833412538,0.9017335077208727,3,Clean_Die
0.05320520812713798,904.4235260680247,6.356016993142996,0.922954067688233,9,Clean_Die
0.07668347052974013,629.4381398534491,6.836259123643349,0.9454707522269634,9,Clean_Die
0.15485625702801062,732.5720844355758,6.475562686030921,0.9064995248864852,9,Clean_Die
3.2062149019074555,1191.8642037948039,5.299656470452698,0.589954262382965,4,Particle_Defect
2.658924892042814,948.8051505350211,4.818773572663741,0.8578296141446231,6,Particle_Defect
2.1393453819530963,8989.305130019997,1.4700033081403028,0.42254550970333205,2,Metal_Short
0.32913378682593586,2276.203105657816,3.211699216353235,0.9050885358114691,2,Oxide_Pinhole
0.2721427363830487,4950.501787586131,2.2092090278524914,0.6045490132620724,4,Gate_Oxide_Trap
0.3102139663167184,2365.4953156288775,2.339873137552048,0.6747680695853787,2,Oxide_Pinhole
0.18682885246613923,1940.1031377947056,2.561096383394916,0.6535363372473189,10,Oxide_Pinhole
0.21915541447972808,657.6049963666578,6.240490970797584,0.8711281462590561,6,Clean_Die
0.08001821398559508,856.4571065029364,7.097722047149501,0.9639304684071267,5,Clean_Die
0.12733484054418173,1941.560503274103,3.2478170966361923,0.7840089877664245,11,Oxide_Pinhole
0.31176738537630566,2283.64027846202,2.930548835893971,0.7746376318129816,8,Oxide_Pinhole
4.780376079214126,1530.185411357199,5.069011559093451,0.6143841446174,10,Particle_Defect
1.5085085591933263,9961.224763968423,1.5075618080707156,0.528934320311489,3,Metal_Short
2.0049464678155884,1220.8144982650215,4.5535697232791,0.6321818358915945,6,Particle_Defect
0.17524922824828348,935.2523710958944,6.738301217724633,0.9093926841839688,9,Clean_Die
0.30175729466192175,1932.4531867044811,3.3518112734600396,0.6215897142783215,2,Oxide_Pinhole
1.3875120396011305,7432.125859061988,1.8642905491546955,0.41517224737428965,9,Metal_Short
0.41244111684834145,2257.7803984588168,3.6024507517345015,0.7251112356802817,3,Oxide_Pinhole
3.2834041607388804,1161.7148587174527,4.61943147839753,0.5515871901918002,4,Particle_Defect
2.900409080469725,687.6623142152041,5.28282780051067,0.719207395054114,4,Particle_Defect
0.12175935986703779,788.9291944226403,7.243652479907023,0.9184556635177141,8,Clean_Die
0.5509301998365759,93.80990839257379,4.87411957762202,0.6638724118929299,2,Via_Open
3.183050330032815,1437.4351528873628,5.048524938290226,0.5259997616773464,10,Particle_Defect
0.7798172673002862,95.1210895261291,5.640456763777669,0.5688882933109815,3,Via_Open
1.5994456757385773,9281.481527673954,1.7814923450087952,0.4666874666140143,4,Metal_Short
0.18598492102107705,2315.8115678167733,3.3232314237497036,0.7344152164737877,9,Oxide_Pinhole
0.4456821112898981,114.61664824962793,4.978600977323707,0.5421103158193755,5,Via_Open
0.14456084198204927,4138.448408752431,1.8688320853775753,0.633496284058895,3,Gate_Oxide_Trap
2.8935053413810055,1544.9683580999044,6.600097683611031,0.6634652582690916,2,Particle_Defect
0.05,852.6408999046171,6.4119230518369825,0.9306859901434272,1,Clean_Die
0.9984459322928833,214.40665236317363,5.894160161996277,0.7067936300860707,3,Via_Open
3.450190228088516,1140.9215106477886,6.060462652364485,0.5530467191089358,11,Particle_Defect
0.4100097065471778,1875.4188954049316,3.1328817527523163,0.710009677633343,8,Oxide_Pinhole
0.07005634217745577,815.6126064858811,6.263509091454845,0.9394455926955089,11,Clean_Die
0.7136969697485314,103.80511806149289,5.885708640959326,0.5273192211768767,1,Via_Open
0.29077410002674653,4628.022291045563,2.3472498788568523,0.5908809956974638,8,Gate_Oxide_Trap
0.10834560331837945,809.9804511354525,6.991442728996136,0.8884225136866434,5,Clean_Die
0.06640370514491076,754.2683344551839,6.302034041114778,0.9328790918241491,7,Clean_Die
0.30981497781967504,2100.0925530262184,3.045950692828769,0.8208777133119713,9,Oxide_Pinhole
1.7937549084571156,1055.0182431138398,4.069931199980998,0.6151121420287604,10,Particle_Defect
0.19442787557516475,857.8535435449962,6.857895248276483,0.9361570863066146,8,Clean_Die
0.14559921168824688,4121.57972299511,3.079400922691483,0.6555820253889731,3,Gate_Oxide_Trap
1.4973855887953207,8723.900012284763,1.3893089527877585,0.4951617117210258,4,Metal_Short
4.6391346586362285,1297.5612647578089,5.09520992761022,0.6533500599142359,7,Particle_Defect
0.05,804.0972464478983,6.777734938332267,0.8487950308653224,6,Clean_Die
0.09509044686071029,868.7495978568882,5.827043993498123,0.8574757369175149,6,Clean_Die
0.15407808937701153,727.0080467913805,6.538113112149841,0.8727570124595918,10,Clean_Die
0.12759104832871446,541.8541348156691,6.550501182073645,0.9123023637683042,8,Clean_Die
0.2958753646463828,2389.2853623957562,2.892626209960677,0.8546990422145462,2,Oxide_Pinhole
0.822567950076296,163.68131426501265,5.8453940114809395,0.7470930780366862,7,Via_Open
0.14029125560200026,806.8511391974533,6.56140227876917,0.8926298506495752,10,Clean_Die
2.8955905467133918,1268.5650590178302,4.0192760373866,0.7853614323857078,7,Particle_Defect
0.16642412034850607,4137.846766834872,2.870397040063198,0.4896527758771223,3,Gate_Oxide_Trap
0.05,861.8836342135457,7.047265840468787,0.9183233390857057,8,Clean_Die
0.05,660.2820044094682,6.12733269084735,0.8987697810912416,2,Clean_Die
0.1798793812061849,884.1393328607879,7.162540186055834,0.854858399965009,9,Clean_Die
3.4779422694572366,1336.3695929361402,5.62560698271396,0.7651322951664803,5,Particle_Defect
0.11932921529802766,821.5530680270653,6.508446943473057,0.9273121029446951,4,Clean_Die
0.3645645557458979,2811.098524066543,2.8505335628684154,0.6422515639164826,6,Oxide_Pinhole
1.1892086663907162,9570.236136792564,1.131691880455279,0.38391698309617317,1,Metal_Short
0.9087749031017212,190.83539291458294,4.635879111528315,0.5628681279876266,4,Via_Open
0.099048350524637,701.5668092821385,6.550229949322329,0.9146820606237058,3,Clean_Die
0.112880124964827,924.9277243343506,6.357817965202175,0.9851353312289136,7,Clean_Die
0.10783602186572436,880.9965902531451,7.196888405735785,0.8812891008539864,1,Clean_Die
0.10444832756439947,716.5061710578896,6.006742053708097,0.9473501784327463,6,Clean_Die
0.3984826187230759,1920.5034712436186,2.9168943410610497,0.6991126146256286,2,Oxide_Pinhole
2.7763847605717116,885.4454533851653,4.288955902850146,0.7585335312181878,11,Particle_Defect
0.09960353809917416,877.0537380730158,6.481290982450109,0.972276554576879,10,Clean_Die
2.6168979184429046,1513.7456944832672,4.561758676957866,0.7386135216632861,4,Particle_Defect
0.06219697860939769,666.2901053901589,6.424547233521986,0.9312874900836426,5,Clean_Die
0.0912297145536676,5180.898127496609,2.8200217889168697,0.6213945850183614,9,Gate_Oxide_Trap
4.590044027417146,872.5490488061058,5.100683615138606,0.6888826220094084,6,Particle_Defect
0.05,805.8609044627041,6.89678716897351,0.9719388538928773,1,Clean_Die
0.05,875.0470071632546,6.182382808596542,0.9327565579324426,3,Clean_Die
1.2932161995756166,7824.570333161864,2.149071302775293,0.38956668557330376,6,Metal_Short
0.39190214101135545,2332.058509259081,2.9552754491580235,0.7147551865196334,4,Oxide_Pinhole
2.6794484264193112,1258.6884054828324,3.9701683273894233,0.6525737743163469,5,Particle_Defect
0.06241609070198734,720.7509187174543,7.126980967737982,0.8271328918497094,11,Clean_Die
1.0241543260144335,76.00301827513161,5.8495563822379495,0.4618115213791,5,Via_Open
0.2714345691727763,2214.1932318594845,3.39092325729148,0.7752613905297813,2,Oxide_Pinhole
0.09652974293927852,763.0256696028849,6.535636354093549,0.8451203560268847,9,Clean_Die
0.27985027431313286,3546.014299639049,2.6367074732235576,0.6175738730316508,9,Gate_Oxide_Trap
0.11081869908662818,3558.9645061979413,2.4937599068265635,0.5974473103491196,10,Gate_Oxide_Trap
0.05,822.6789119338439,7.042555859651691,0.9744642619655751,9,Clean_Die
0.0977099719809012,719.0121766713074,6.78503279680884,0.9093287897300353,2,Clean_Die
0.05,763.3363902196294,6.775604940124205,0.8647396002526404,10,Clean_Die
0.10302331103759542,686.0454010855678,6.8094140830649685,0.954656534975148,11,Clean_Die
0.11487697584698252,4341.449959170215,2.720909858389639,0.40041079334623164,3,Gate_Oxide_Trap
3.7201130789847685,1277.0876541719795,4.728444770761373,0.7659503161805732,4,Particle_Defect
0.16013118508384003,951.70422012241,6.883593883419196,0.9697594507044232,3,Clean_Die
0.21258083531100241,4815.3885879736845,2.079763860104982,0.4492661401783312,7,Gate_Oxide_Trap
3.4447228512635526,1152.6252884745325,5.06100343481575,0.775809616105837,2,Particle_Defect
1.5721896373290467,10166.426647226697,1.6495268378168477,0.44944906005183094,4,Metal_Short
2.539286261146788,1062.552529232791,5.948223349354697,0.5970342385086487,8,Particle_Defect
0.11844653934054351,905.1414537103385,7.430498708589133,0.9460305498358895,5,Clean_Die
0.09102540164896043,725.135175423026,6.693123040845581,0.9227689972525951,7,Clean_Die
0.27645583977389937,2251.37537291811,3.618611800612747,0.8264687985175946,6,Oxide_Pinhole
0.7386233727562754,128.0226567771941,5.055231189962321,0.627046019826418,6,Via_Open
1.9598612499989543,7953.572897491207,2.085907690130212,0.17110696261660208,8,Metal_Short
0.05397518209594418,4095.4778877941762,2.477471061363738,0.47429954345121195,7,Gate_Oxide_Trap
3.200334100356406,937.6272683875208,5.363368527328187,0.6830593448796638,10,Particle_Defect
1.8919834212096658,8291.367228066447,2.0083555309037835,0.2963546984238469,9,Metal_Short
0.1955971967957359,4452.16060850749,2.7244218765959913,0.594511977049864,10,Gate_Oxide_Trap
0.2314944836643792,4824.9252055047045,2.6089248122675417,0.7023037128168387,8,Gate_Oxide_Trap
0.12014166904674874,913.1404678476381,6.491963191253714,0.8965186603832974,3,Clean_Die
0.05,719.628657267253,6.787071596434843,0.9507703680465572,6,Clean_Die
1.1360614779388174,8187.151320684761,1.5878283115140361,0.5233531565193288,1,Metal_Short
3.488674070637215,1278.4274002659604,3.9523517850291525,0.7331827063281238,5,Particle_Defect
0.12377328366780324,903.789468890698,6.257548203047779,0.9350282122222973,10,Clean_Die
0.1250102829058095,878.9124820852588,7.234126027237296,0.8760395140166582,5,Clean_Die
0.34149074822080255,2381.8726970340504,3.314114242542009,0.7608907597114062,4,Oxide_Pinhole
0.06986478377015727,865.2582599328406,6.584302023110834,0.9028288354281128,6,Clean_Die
3.2451864090354614,1341.4859517110187,5.0388559729159415,0.5305165527702267,11,Particle_Defect
3.913817473706747,1374.3045992296459,5.3338321945914515,0.7406677624945003,1,Particle_Defect
0.1548458510172471,890.967798566949,6.447858796808192,0.9192729972473672,5,Clean_Die
0.05888933043335581,745.4864580172998,6.326772372327146,0.9843516086409717,8,Clean_Die
0.5114990644001977,157.81403563435578,5.2337920915554035,0.6903483692947439,11,Via_Open
0.0845723202618327,833.4573531909648,6.879540459779565,0.8865867734840481,7,Clean_Die
0.22124617149950015,4438.645131241656,2.2237695643156794,0.6358098349779923,11,Gate_Oxide_Trap
0.7039401633050998,175.31091014787853,5.2957560991808785,0.6252677514660527,7,Via_Open
0.24050083005122375,2120.0223903272013,3.82927119623945,0.7016593821983792,3,Oxide_Pinhole
0.09638070687166503,797.2463911203512,6.941402753473968,0.8983643943431588,5,Clean_Die
0.28697986372785844,3965.5947652659006,1.7720361266414415,0.48519683957200044,3,Gate_Oxide_Trap
0.20097676411193538,4423.823368687012,2.6950323546016257,0.4784181994186511,11,Gate_Oxide_Trap
0.14729725358338167,654.9198573326294,7.031034044193116,0.9366537519379189,10,Clean_Die
0.11858922850403351,594.5448804500968,7.009455310916489,0.9050127256490962,6,Clean_Die
0.07285642425861942,897.5244950984421,6.3026994662720375,0.9232274527273044,4,Clean_Die
0.29817804083180005,4532.555273329774,2.5608002685674673,0.6518191541658291,8,Gate_Oxide_Trap
0.0876426041749036,841.886011389237,6.6816444976293425,0.9169466949038777,8,Clean_Die
0.18589902429450733,1999.9690146773532,2.705399186503241,0.6379991491903708,10,Oxide_Pinhole
3.47454185705491,1622.3571788692386,5.220613880586117,0.7479351493696866,3,Particle_Defect
0.16130006715699885,788.4041257317624,7.23609752139688,0.9323926701476583,6,Clean_Die
1.476472170808488,8957.595357258198,1.648974765811024,0.27890016698642983,1,Metal_Short
0.09254051295078496,804.0494045271001,6.564544893812933,0.9183867032025652,9,Clean_Die
1.4894749838083154,10025.275961925712,2.125903636713382,0.5308506359380197,1,Metal_Short
0.13485581946499245,809.5432428525379,6.331398680118785,0.9419353936047724,4,Clean_Die
0.3446198021217759,2151.862604809053,2.632737831257909,0.6865339241841998,11,Oxide_Pinhole
0.6750244122427494,56.488591813873285,5.422498819531506,0.6344626840424937,10,Via_Open
0.1371972784765834,839.9853362219926,6.363354141318881,0.9628275121870448,8,Clean_Die
0.05,747.2309328635504,6.797240465171046,0.9525228062114313,1,Clean_Die
0.59904614703545,191.0082319215735,5.113619273081208,0.7430980758276093,10,Via_Open
0.24794931672426093,2251.812154348552,2.8956905509004915,0.6433002768624051,2,Oxide_Pinhole
0.10581500008965163,849.2759987143519,6.712941575773973,0.9527572636049595,6,Clean_Die
0.7375670567154048,8595.480616416486,1.5486896843010691,0.4796831561026427,11,Metal_Short
0.18607171766080452,5597.748119113019,2.3897160957042174,0.7212140847501358,8,Gate_Oxide_Trap
1.746705601595305,9035.068758258292,1.9752070312487624,0.5421340139792328,4,Metal_Short
0.07345610018331261,891.765991891886,7.374288249694909,0.892335478038215,5,Clean_Die
0.16794381849037646,4358.86024694186,2.6635071596414526,0.27008848414677683,7,Gate_Oxide_Trap
1.868774904638832,7855.753825336248,1.8557888298102077,0.3152806490028873,9,Metal_Short
1.3622239019524198,9059.885663811427,1.8080650922207402,0.4366567644464233,5,Metal_Short
0.12225540018353946,724.9166467747082,6.468377958632133,0.9265386372936569,9,Clean_Die
0.12202085567396936,715.143947139343,6.089055106073962,0.9216464854084281,5,Clean_Die
0.09282848930663122,971.1306026240464,5.796565873183261,0.9632800604017492,5,Clean_Die
0.10853290228779805,756.7358071479064,6.253947593196994,0.8709668192982316,4,Clean_Die
3.505369872982607,841.6030292810565,4.627165847892719,0.6136648153659274,4,Particle_Defect
1.546822449409403,7718.153426262585,1.6941383966166588,0.42932788184568227,1,Metal_Short
0.14379365554909568,809.7825908443054,6.262933509485795,0.9702967762944337,5,Clean_Die
3.2189292726942855,1045.0452340418908,4.780737085023429,0.6657407047063131,3,Particle_Defect
0.19472354979129491,774.8115118217917,6.972707651969087,0.9016082758125981,11,Clean_Die
0.23135616008126764,4601.012133210514,1.713702322820727,0.498034603341336,7,Gate_Oxide_Trap
0.07239493216316545,810.6059888838637,6.4017583641945315,0.8835843416893254,9,Clean_Die
1.6642806005389619,8295.551450495856,1.9474893023999518,0.48646373130067594,6,Metal_Short
4.017415022113907,1369.770270106827,5.144571883517995,0.7928497023496177,3,Particle_Defect
3.9543078610502436,1042.1896889793716,3.549369838358598,0.7509922334202935,9,Particle_Defect
3.3829722070493466,1200.3829039358013,4.238863578614096,0.5193845524125519,1,Particle_Defect
0.12905993857756556,779.6612735010199,7.156509302561367,0.938453916831032,3,Clean_Die
0.5360088336642078,192.68542605381217,5.9014790711474525,0.5909976331714257,9,Via_Open
1.970232935233806,8354.076370702835,1.3452807101321078,0.23952983529658126,11,Metal_Short
0.17324131079080543,875.509925805153,5.7913846323350775,0.9116954926401145,5,Clean_Die
0.1690660239013218,864.740586935499,6.369680989239053,0.8566825299276298,6,Clean_Die
0.1278900484194104,839.2538819774232,6.392721191273526,0.9317529942112255,9,Clean_Die
0.27728287071541374,2654.4138520513256,3.1782789203295256,0.707878638598812,10,Oxide_Pinhole
0.10388603620329018,923.6363751767055,7.021244966055478,0.9656498197552557,7,Clean_Die
1.3869994009655404,8439.355806308718,1.7393269320752232,0.39211832388053597,8,Metal_Short
0.06713723705393765,4139.678106681447,2.310824823734071,0.44595745541288373,6,Gate_Oxide_Trap
0.10133158612190638,982.1272500373658,6.410718573491286,0.8860017130753063,9,Clean_Die
0.35388799946799215,1976.5764722087924,2.9067614046671837,0.7527320746896711,1,Oxide_Pinhole
1.3078205119676578,8085.751273827488,1.7920719551972717,0.5033950634338675,10,Metal_Short
4.40150706549714,1232.8361429354381,5.9763628748796105,0.5764991340659817,2,Particle_Defect
0.07244111858312861,651.0221495471291,6.592000104303236,0.8828319075866546,11,Clean_Die
0.0868086639471331,740.909692368106,6.1096780730988405,0.9193327940229608,1,Clean_Die
0.18348512942465695,706.605628308876,5.866880102569804,0.9487314505666525,1,Clean_Die
0.07928228556970035,607.7794940057724,6.213277406009142,0.829019268382209,7,Clean_Die
0.17678753915006465,4534.304072463852,2.7072177688737304,0.6244714591693671,9,Gate_Oxide_Trap
3.229857334733287,939.859525151348,4.810096915701484,0.7650766906495463,8,Particle_Defect
0.13647983231708577,888.5637226661571,6.835581954841546,0.9350322753574126,11,Clean_Die
0.05,927.5548573068104,5.9747673705664,0.9263114075462464,8,Clean_Die
0.23680454508395776,2156.839768174624,3.2308471020678406,0.5691878643250338,6,Oxide_Pinhole
0.43135280607181253,1528.4089657736251,3.210791918488948,0.6774786349693216,11,Oxide_Pinhole
0.8957689822055515,8450.501122374393,2.376759890044324,0.37367523333386027,4,Metal_Short
0.06616878288258271,663.4175640352662,6.318095509458633,0.9108402359442752,7,Clean_Die
0.13649645872277016,1864.024340835423,2.630643041981526,0.8265510343264884,6,Oxide_Pinhole
0.9016157992583962,7371.810223156244,1.5855832063553126,0.4084333916169998,1,Metal_Short
0.09268601502576544,851.6975182534289,6.537812507328072,0.874046234128647,7,Clean_Die
0.12965080678713986,804.3427524513903,6.041859865474185,0.9225654866866176,3,Clean_Die
0.12057312556894806,791.6918842039262,6.326187880121781,0.935424381586467,2,Clean_Die
1.3183652063827458,7666.421031909384,1.2427359593652714,0.5689894803929862,2,Metal_Short
1.95657788366207,1330.6716015741013,4.749164814738908,0.5628455991521351,11,Particle_Defect
0.11056467357087246,547.2528629224178,7.109272433354773,0.8455946483755261,4,Clean_Die
0.07618556772147096,794.3718123661963,6.49597164711207,0.9823407063719101,7,Clean_Die
0.15779674830171364,836.8752133117314,5.977345812214246,0.9545054135834731,9,Clean_Die
0.17132315821587596,906.9510728949169,7.752266129655775,0.9182084784800388,7,Clean_Die
3.428231269518699,903.0958564378233,5.200251621786742,0.8716778034497397,8,Particle_Defect
3.980309161842781,1459.9801076279366,4.471301595305869,0.8224511990218395,1,Particle_Defect
2.921838694132086,1311.4592608653306,3.6376649517495903,0.6460227268212,4,Particle_Defect
3.6401109855732807,1184.5169264947258,4.326334086117114,0.7415054775447182,9,Particle_Defect
0.15367146513055596,4486.237316912456,3.104426780872016,0.5376385508187688,9,Gate_Oxide_Trap
0.05,638.4029420101499,7.3119647505450285,0.9133469116692772,5,Clean_Die
0.31179603870853917,2306.1973665774235,3.2638741687555215,0.67272150469029,7,Oxide_Pinhole
0.14963695078019712,836.442591119582,6.340569822769057,0.916829438584453,8,Clean_Die
0.15958151291037542,823.5653581907252,7.132303739459937,0.852373154079256,7,Clean_Die
0.37913316937621133,2232.630064787753,3.316366201752393,0.7034192241045822,4,Oxide_Pinhole
3.6339926040210964,1447.231583409454,5.851735012179342,0.6594108826217607,3,Particle_Defect
1.784603103694006,8074.434884002017,1.8254506576353209,0.40287628152627114,9,Metal_Short
0.2998082209925586,1715.5959799640773,2.9867546849480853,0.6443780446013492,3,Oxide_Pinhole
0.8863383596018559,83.27514317140158,5.089897247947528,0.674896657301106,1,Via_Open
0.23610573149459146,4375.5956240438345,2.3966754647307464,0.6479695504505215,4,Gate_Oxide_Trap
0.09581165975055177,740.4208697157502,5.938542446251841,0.9117192904985829,9,Clean_Die
0.48254193491762437,194.21064791839683,5.616108066705847,0.6234564460496419,2,Via_Open
0.6837753343915751,131.54127831856295,5.767021254062211,0.5973550503843658,11,Via_Open
0.16105849680410575,4988.940733925936,1.6543921699844697,0.2764381141559779,4,Gate_Oxide_Trap
0.05,714.4233404511212,6.456154923848616,0.9008135390946067,5,Clean_Die
0.09382575735580731,943.7110149607909,6.878806665023844,0.9258102452555901,10,Clean_Die
0.10453533524645402,824.5556998305317,6.3394206349649,0.904308251614537,11,Clean_Die
0.07928682512257071,713.1703094690423,5.998936835947884,0.9454813315260373,4,Clean_Die
3.075399301399368,775.4305292718589,5.12558895184057,0.6435021071277603,4,Particle_Defect
1.471829203886285,1068.2148176334003,4.739501552005015,0.5749890239456688,4,Particle_Defect
0.05,945.2752796990824,6.457945747454744,0.8737941887049434,6,Clean_Die
0.09993388668869851,943.4586117511667,6.534581528367756,0.9496910687582389,7,Clean_Die
0.18556431741622423,797.7265208624019,6.466501912289618,0.9671539240024487,10,Clean_Die
2.998001722588806,1016.4889559638866,5.147504988393154,0.6776373977779875,3,Particle_Defect
3.193449118498128,1058.629149375087,4.645533325754189,0.5724677745570886,7,Particle_Defect
0.21402194368968905,4554.156542584655,2.2741694973197526,0.46018105419647914,5,Gate_Oxide_Trap
0.05,805.1804068900789,5.855881156179099,0.9202427729739461,7,Clean_Die
0.20055566499817187,824.3385172791017,6.697994964175111,0.9495160185668027,7,Clean_Die
0.132628049142668,4409.09611478512,2.6151702371048335,0.5939408965321041,6,Gate_Oxide_Trap
1.7751255233452716,8758.45421839099,1.7180815180202338,0.3724006331262724,1,Metal_Short
0.05,707.7303809156208,6.372128108084555,0.8352112659710909,1,Clean_Die
1.0629029476905605,7401.738278859955,2.0408244522540917,0.5155474154510988,11,Metal_Short
1.4039827814778334,9566.121129845304,1.642448060101066,0.4533690910068669,7,Metal_Short
1.3578274818914033,8689.723973340395,2.5182379955198897,0.5548293413872625,6,Metal_Short
0.8191061253904153,139.84518791829703,5.410583255636375,0.6046409320802226,6,Via_Open
1.0147393038287853,242.35160771386927,6.1147777811413295,0.5717444842021084,8,Via_Open
3.5921821142883417,1066.2666816776766,5.242924854030117,0.5794852718996064,11,Particle_Defect
1.7905636008147745,6657.0103447222355,1.9624242552545206,0.39380828012986674,4,Metal_Short
0.12041698564150036,865.6298361464032,7.2245155378093155,0.8877220760654232,9,Clean_Die
0.22969831559528736,2271.607683163212,2.865978583142806,0.6480324722318114,8,Oxide_Pinhole
0.07601016892175,800.3948684609393,6.716394511766435,0.8884227625671098,1,Clean_Die
0.29005345425579243,5528.071135522414,2.432499569529903,0.7785899976414175,4,Gate_Oxide_Trap
0.19446245535202902,2137.833005198689,3.045979118800321,0.8823569155626318,11,Oxide_Pinhole
0.13910006009044093,1033.3413308196289,5.771686739215763,0.8852856823350344,2,Clean_Die
3.1538124787250177,985.5957211708452,5.020802349067545,0.7587817710061885,11,Particle_Defect
0.18617102292127724,5393.043309941423,2.1940523765625146,0.699900932758861,3,Gate_Oxide_Trap
2.264930968733834,1272.1717203349474,4.888808492069673,0.5659012072160796,8,Particle_Defect
4.317626708865026,1311.0451626616511,5.5386809896476,0.6715012195856006,1,Particle_Defect
0.1542595087759429,5548.920416237034,2.2579315661126795,0.5481240651807192,7,Gate_Oxide_Trap
0.09048024299210636,865.0322867887867,6.311032691363199,0.9134512958996829,9,Clean_Die
0.05,830.0800564985173,6.840264468055655,0.9778864131837135,6,Clean_Die
3.2427360917751784,1040.9837600266605,5.164756243789194,0.5495071328770323,10,Particle_Defect
3.225984401129211,1304.9146838888437,4.836736473223883,0.7555992112736208,3,Particle_Defect
3.329292314366635,1514.0090329256475,3.69932890067377,0.6276243904367942,5,Particle_Defect
1.9037869433740506,9472.642887197526,1.757763855196001,0.40994805493989994,5,Metal_Short
0.08314393254346575,773.594252976574,7.43151484099453,0.8425947343877774,5,Clean_Die
0.2758524766737967,1875.2428805707762,3.5201193807505957,0.661551807210371,1,Oxide_Pinhole
3.062710973842047,978.2528535553363,4.934711975799702,0.5528468534418547,1,Particle_Defect
0.5107651966416742,70.34274938426218,5.243522448630088,0.5775189291786558,8,Via_Open
0.16741538414488188,4326.143101138287,2.644610899275557,0.5612506525032933,8,Gate_Oxide_Trap
0.20630940284952035,4562.956911171503,2.103896155290804,0.49509122563214736,11,Gate_Oxide_Trap
0.06455075382113781,705.464000112414,6.186999030732019,0.9451257317124003,2,Clean_Die
1.1180874044031812,140.76329048368157,4.5117799436093415,0.828823754867159,1,Via_Open
0.1517830501967921,738.4330038909908,6.817963315060694,0.9457905113269179,7,Clean_Die
0.9699799979535231,142.05999081379034,5.571891104343383,0.41584076426894756,7,Via_Open
0.20031571449401867,743.358394001913,6.252693099753052,0.9614512528669061,8,Clean_Die
0.05,579.0652329543835,6.675955359098994,0.9259328452239144,4,Clean_Die
1.9458717064096975,1289.7600398209365,5.349977443883486,0.6546154915289433,1,Particle_Defect
0.21117187964154266,1525.8549603944161,4.041296990684495,0.6328010689365706,3,Oxide_Pinhole
0.06021895477512854,971.0541045617878,6.726746193310756,0.9890572524646268,6,Clean_Die
0.44762569291374277,2241.5706260887614,3.0153408587580417,0.6252143271352657,3,Oxide_Pinhole
0.14058843883791883,1049.8053555193203,6.59737503006078,0.9193311815060723,11,Clean_Die
0.30847312746880523,2412.4691999114534,4.282942848418123,0.6428544056097667,3,Oxide_Pinhole
2.404058994010196,1265.7762149328105,5.141509194116381,0.5160979331198094,8,Particle_Defect
0.15177542995002824,757.1044550349341,7.051748107495114,0.9335925543654097,2,Clean_Die
0.05,631.9152947453579,7.206674373908438,0.9313467488746596,4,Clean_Die
0.39958276482392363,1706.7098394834575,3.4155061982706543,0.6138834441769883,6,Oxide_Pinhole
0.4307286055787467,2152.924215578778,2.8344580234023065,0.7043624769541539,5,Oxide_Pinhole
1.499977838450104,9286.915754623813,1.564002244322816,0.5245415343719119,6,Metal_Short
0.23201520163512424,3695.046545164798,2.1535931182518118,0.35111167117206044,6,Gate_Oxide_Trap
0.15810617706965746,4804.55232310733,2.7755248600326072,0.6575898109117462,8,Gate_Oxide_Trap
0.23494584826332915,4678.910628714846,2.4535148673108282,0.6388209820547734,7,Gate_Oxide_Trap
0.15487895954753866,675.9845619089039,7.165344587622364,0.982131818052619,3,Clean_Die
0.4553631031414795,2279.297444919665,3.7198096026430556,0.7368149841480902,2,Oxide_Pinhole
0.18339764805332975,4774.025516510308,3.166554463104421,0.759981668227673,10,Gate_Oxide_Trap
1.2447831532399662,1092.6866180817663,4.797660442556207,0.45929234934170265,1,Particle_Defect
3.6778418627414204,1029.3393642172375,4.787297012600632,0.7708742735602061,10,Particle_Defect
4.724881708548464,1135.767071879696,4.7360195732992985,0.6482319075858506,9,Particle_Defect
0.23286558164485333,1996.2869278099968,2.589211478259489,0.7352235173400073,2,Oxide_Pinhole
1.558868938982966,8343.106825289988,1.4886437655316298,0.47016244751985725,7,Metal_Short
0.601192834158522,183.57862408728576,5.071845331892413,0.5200677254425522,1,Via_Open
0.2110967170439497,3909.8477268936244,2.574224113197853,0.6130218425042492,5,Gate_Oxide_Trap
0.24135620536275243,4283.158425116407,2.0240288796318233,0.5530062786387154,9,Gate_Oxide_Trap
2.227092868023433,1400.6823379122147,3.899632975243957,0.6526024886023908,3,Particle_Defect
1.8738779233870695,8074.092044291793,1.9369349794769124,0.5593041572871755,6,Metal_Short
3.056723956962269,1189.363178296855,5.14417671808297,0.8098810491378818,9,Particle_Defect
0.12158143540638185,4118.042831803536,2.3771044589013828,0.5988614696934018,6,Gate_Oxide_Trap
1.451741495371875,8687.433191918959,1.2986999286905287,0.44407597978654856,6,Metal_Short
0.2600392903917441,4744.144658568699,2.5855371067560897,0.4842103580384805,6,Gate_Oxide_Trap
3.8450308552793375,1420.4478782164888,4.670315338057494,0.7248143842419414,10,Particle_Defect
2.917546261742411,956.5539856348646,4.961152888574846,0.6777390789924783,9,Particle_Defect
0.14862901711278428,780.7850273290742,6.425188185937559,0.9342472932428866,3,Clean_Die
0.2757031959428549,1802.0160663110569,2.624474948964093,0.6081225028229802,1,Oxide_Pinhole
1.366057964073975,9004.02871151329,2.0008135427492797,0.3587336012248016,6,Metal_Short
0.21815867286453167,5041.650289765951,3.1272990427636493,0.5193441496608493,3,Gate_Oxide_Trap
3.203162297491466,960.50177165673,2.9551002596633245,0.6626891014043537,1,Particle_Defect
1.541321583178595,8052.20107221113,2.5232150339411206,0.4131698668636041,2,Metal_Short
0.1315712581139071,773.842567632015,6.70784575246166,0.9684212659793681,5,Clean_Die
0.09078203748321832,673.6527769432565,6.306438719582755,0.9710169456291358,6,Clean_Die
0.11345878372689902,686.4927381920464,6.597395886702377,0.9332425364406155,7,Clean_Die
0.09773297134446353,717.3220198853733,5.497618448114503,0.9834803245081797,2,Clean_Die
0.1674722005830021,4034.0897070573833,1.751543844951542,0.446135517492398,3,Gate_Oxide_Trap
0.6268590715118382,225.76652555425392,4.653590933148791,0.6788364572427502,8,Via_Open
0.09249085092196406,720.9890423959557,6.739624878479522,0.9474390131334266,1,Clean_Die
0.3541995592159449,1963.7582021832445,3.440430611539234,0.8532527802219242,5,Oxide_Pinhole
1.3767777628671545,7117.0381040423335,2.1227805377402387,0.32321268073670195,10,Metal_Short
3.588772927940356,619.1879419077386,5.88468870524518,0.7367262521400221,11,Particle_Defect
0.06862110378925237,734.6537513315016,6.491900834759217,0.989270776777029,6,Clean_Die
0.33938121761310447,1686.26129480967,2.922213392361589,0.7589957129499649,6,Oxide_Pinhole
1.2428577571585626,8161.338495405539,1.5657474063252046,0.38472244395294897,9,Metal_Short
0.09120635180739728,773.6108614380248,6.445797412341198,1.0,7,Clean_Die
0.26106816418091533,765.1669127664265,6.389922820132521,0.9170879865034421,7,Clean_Die
0.8334385712959974,139.81966336701976,6.719920437990092,0.7095770451660063,1,Via_Open
0.8084351985124258,238.62548218867937,4.752678149280731,0.6489361733429905,9,Via_Open
2.324003811193289,1206.3559969775597,4.043362344113498,0.723199431446343,6,Particle_Defect
0.1740083645053917,690.4492777506807,6.446043161643154,0.9359834911166194,9,Clean_Die
1.4635564512274648,8668.589107902199,2.210884887304599,0.5199590441979695,3,Metal_Short
0.10496411901135369,988.2350506695363,6.9592611529970725,0.9128979013256592,9,Clean_Die
2.2750418201584406,993.6959984079837,5.323378752593895,0.5967468909649458,9,Particle_Defect
0.19608159214644405,720.3939896180217,6.53451830938398,0.9223307221971844,6,Clean_Die
0.05,782.5044095268518,6.618775771754119,0.8927594830968815,10,Clean_Die
2.99996210197064,1216.002419699582,5.819566278126141,0.6675889924826018,3,Particle_Defect
0.07193941501260477,763.4607308216216,7.431875900121417,0.9034461996360962,5,Clean_Die
0.18797585699997416,2241.247497244564,2.749873491217558,0.6088681279087782,9,Oxide_Pinhole
0.051511997225411305,762.1555925538917,7.17089611200674,0.8702890530203352,9,Clean_Die
3.7253661817491657,1420.4247602729424,5.030875599394798,0.5463266531151457,5,Particle_Defect
2.4272264097106815,1024.9759756176852,4.882289164591909,0.5678236170516548,9,Particle_Defect
0.07772785223805875,4038.688858706555,2.513499198678905,0.5826582143281459,1,Gate_Oxide_Trap
1.4454066604970932,8817.765357466187,1.1970947136669308,0.3116918061305372,5,Metal_Short
0.06940087030060708,763.8409447023453,6.539326975596999,0.97763391310958,10,Clean_Die
0.11925491315116382,749.3980256681007,6.808003830843335,0.8475268332057841,8,Clean_Die
0.05997774905571154,854.5816958097699,6.955710446543167,0.9244837330179841,2,Clean_Die
1.4831822318207755,8207.748615106108,1.785008159051578,0.3668923969065948,2,Metal_Short
0.1634256918000049,656.1975232183432,7.066113743737995,0.9738126775370808,6,Clean_Die
0.17224991930214273,825.865161814711,6.142126554793478,0.9518959988689009,9,Clean_Die
0.10710440700344359,823.8663035661403,4.937418019769911,0.8536518092400989,3,Clean_Die
0.05532816863027201,851.8105026238155,7.769608435555155,0.9403039137927371,7,Clean_Die
5.380846222536537,1126.4871290808214,4.469950401151653,0.8216137388131111,2,Particle_Defect
0.20982778590141657,3403.5508018889886,3.1094121320687926,0.5083430443611683,2,Gate_Oxide_Trap
4.699503103057927,1172.3063214416188,4.938472241403797,0.5925512551983937,10,Particle_Defect
1.1797081616917835,8905.636962759527,2.014455315348495,0.5112809011268002,3,Metal_Short
0.08495096568291786,831.1829940163284,6.698995497277095,0.8931950815798981,3,Clean_Die
1.2437088142002752,8972.955628181819,1.7761548029501886,0.6187601777151432,1,Metal_Short
0.5688011139779441,153.2894781585494,5.845243833114979,0.6402518384830538,11,Via_Open
1.4146833693761234,8550.301609137472,1.8506386369023633,0.3544526811910078,1,Metal_Short
0.2011187017499011,2748.8128281673503,3.7084921656364167,0.7236562803176946,1,Oxide_Pinhole
1.2586321650284569,10158.580766355835,1.6655824023021073,0.3557887249782322,7,Metal_Short
0.1555095157379371,931.2777482378217,6.144564029154445,0.9336204059563442,1,Clean_Die
0.2395132847326228,1826.0575171298867,2.9941805106555113,0.7470093672596464,4,Oxide_Pinhole
0.2925332561463344,5090.669020732072,2.4827939207497685,0.3686256811265655,10,Gate_Oxide_Trap
0.09980324738973388,748.1643327022068,6.695860847871329,0.8527070511047034,2,Clean_Die
0.06628966449477408,884.0385303029193,5.963415543225784,0.967521089952244,10,Clean_Die
0.07826261601069089,856.3336345723797,6.300268180702873,0.9750566309636532,2,Clean_Die
2.435282075449299,1122.8001795022396,4.683071888967333,0.6252589630325852,10,Particle_Defect
1.2914206028874629,7499.638221771289,1.80284591805409,0.35810068492420877,7,Metal_Short
2.2278605061670254,1211.6555279563834,4.38886122276734,0.5527288209209527,9,Particle_Defect
0.09779732759937693,755.3696454690082,6.789977546703438,0.9169083796362522,2,Clean_Die
0.10290216850755697,663.0562249796566,6.828069453218647,0.8951910771979539,4,Clean_Die
2.0245493804868526,8112.45035080458,1.8485065047748757,0.4198914663287487,4,Metal_Short
0.1653736538294381,4604.726808516682,2.6190814727856218,0.4918053973360132,1,Gate_Oxide_Trap
0.24601421492182093,4187.327572946051,2.0941200984906683,0.5811305632955329,9,Gate_Oxide_Trap
0.3701246785952126,3045.3199317206763,2.887811473481694,0.6348512951816554,3,Oxide_Pinhole
1.440109285779774,9033.193007698346,2.3878234131276175,0.4927146931964017,11,Metal_Short
1.4526520087674668,7736.327561181959,1.7673029649609389,0.4535789827867606,10,Metal_Short
1.4905253768924949,7669.127413583116,1.8176145626639477,0.3938193940035887,1,Metal_Short
5.417148555164978,1251.9418872226543,4.954958257116934,0.7341049926963609,6,Particle_Defect
0.05,4514.7375800002965,2.5234431357140394,0.5679423170766403,10,Gate_Oxide_Trap
1.3867466876367496,8765.642710489115,1.6212723327599183,0.38305689676226173,7,Metal_Short
0.10577553104453125,723.4694402853756,6.205878654433322,0.9005993696183058,9,Clean_Die
0.3597338255048269,2535.76924075487,3.2544292920648252,0.7874573491507192,8,Oxide_Pinhole
1.6283637737852035,9213.33888652948,2.134849881998544,0.5667061281559276,4,Metal_Short
2.357676689784564,9425.347250006023,1.8693562306192666,0.5393589132265705,1,Metal_Short
2.557274765183969,9264.107161152626,2.3496987940425615,0.48579531288646294,2,Metal_Short
0.32393886670841676,4689.061615468237,2.3638340931416324,0.8214554188201367,7,Gate_Oxide_Trap
0.1534965101392191,821.8946620805991,5.529000485670985,0.935200709689342,1,Clean_Die
0.9107444690434766,119.60129432163825,5.071442862498738,0.603100583336368,8,Via_Open
0.09451350899356761,759.8181004360656,5.983183420507389,0.9450971342919602,1,Clean_Die
2.0539804949220306,8427.83978048601,1.8956303610755434,0.48713742504203883,4,Metal_Short
0.37964761236296685,2017.960936243956,2.5982191607280636,0.594361108068058,7,Oxide_Pinhole
0.14757958841749175,539.9314561085055,6.366166732872747,0.895104495223206,2,Clean_Die
0.6123953415387366,85.95522167451763,5.12868977481525,0.7051961532687544,11,Via_Open
1.0846475601262449,8739.416637984197,1.758573694534735,0.3413438447242065,7,Metal_Short
0.15238503504826972,846.8871109352943,6.2103243044339225,0.9557306688238418,6,Clean_Die
1.3775091780414177,7951.485309329431,1.3078449899079276,0.495321547173373,9,Metal_Short
0.7337137816544071,233.77081745191919,4.9922551756491895,0.6274846333241813,3,Via_Open
1.8994537560388023,1244.231053260398,4.170591242588931,0.602410457794096,4,Particle_Defect
0.2596372363563073,4684.498171814687,2.6889265403522673,0.6636105667030111,1,Gate_Oxide_Trap
0.11795964969946984,4758.170086027484,2.4446826377305664,0.5090316489068902,3,Gate_Oxide_Trap
0.09611500608120686,758.510504723216,6.408507455846132,0.8952349126372241,1,Clean_Die
1.431328542539043,1039.2961140531943,5.184180219785269,0.6190871643071415,11,Particle_Defect
2.305838620512166,1321.5788502622277,4.380940346943685,0.7261540978913434,7,Particle_Defect
1.4132536185191993,7997.727866891652,2.1175669495431855,0.39469491497591175,7,Metal_Short
0.3793888811279311,2284.152217879647,2.7608052017175937,0.620086368081781,11,Oxide_Pinhole
0.3055199526840161,4846.715740042652,2.123343516080119,0.7552605407639759,1,Gate_Oxide_Trap
1.7556638750096183,8723.781273645003,1.7162205356125149,0.4231071556871381,6,Metal_Short
0.19005026637516756,965.6857391374346,6.382619277421998,0.9157121424425384,5,Clean_Die
0.10704601357510035,664.566123226656,6.0800920800552785,0.8523475817293222,5,Clean_Die
0.4957743742708105,286.00432991444313,5.68894045877391,0.4661213303305626,5,Via_Open
0.15157491457159372,4045.6366543609242,2.7419306797808707,0.5480772023146535,6,Gate_Oxide_Trap
0.2214646491361274,1765.3052732250328,2.7493882454062737,0.6351208737041732,11,Oxide_Pinhole
0.3719181076425161,2152.1547193866068,3.404357245472366,0.6474543324709197,9,Oxide_Pinhole
0.05,855.4172301653864,6.303488952346957,0.8618712675920243,5,Clean_Die
3.52549967214837,1533.8467901028325,5.152986600125628,0.6443576600081429,7,Particle_Defect
4.81364204916032,1123.97622900073,5.08344075167967,0.5360807692415736,1,Particle_Defect
0.13110377627391348,791.5476113931713,6.365495822334902,0.9083489242966349,6,Clean_Die
0.05815240140754542,756.4842367352745,6.140467673351034,0.9139868597316808,11,Clean_Die
0.36619478870006,136.2801533558975,5.473204260857662,0.5609514828118509,6,Via_Open
0.06392531516720096,760.7227838387464,5.806601929366459,0.940939903497577,8,Clean_Die
0.6873711940552721,105.35763160548706,5.117037959701447,0.6059608955220801,3,Via_Open
0.3450359793303184,2074.1929883776133,3.351413260536164,0.7221016923162162,3,Oxide_Pinhole
0.8285470030191731,89.06314270535616,5.79935633750775,0.5749989508467618,3,Via_Open
3.5606296370921404,1273.249008948795,2.9615161952409697,0.5672711065601748,8,Particle_Defect
0.12469795946634903,748.2333906665654,6.502647114706927,0.9266544637059649,8,Clean_Die
2.0524009875721676,1223.3359019099896,5.282536440381389,0.7147687249429794,5,Particle_Defect
3.4183129483562498,1182.6409619904366,4.675346002281529,0.7195375514077401,2,Particle_Defect
0.26505537975845117,2497.6316376912723,3.7975667712473404,0.7737293067973376,4,Oxide_Pinhole
0.17627717379719482,774.8212187528313,7.0056453332488635,0.8829809154212978,11,Clean_Die
0.1745551570442837,755.3284261129772,6.137392490533841,0.9268339058392976,3,Clean_Die
0.36158208705911465,2504.055943598304,3.335972779746221,0.7690227968235771,4,Oxide_Pinhole
0.10780623176871987,835.7817933448413,6.970284412977848,0.8370769714681268,9,Clean_Die
1.6329343740998354,8218.549466300174,1.702777085678539,0.6757814146339733,7,Metal_Short
0.28117370047138096,4947.6670801968085,2.2754702218742975,0.4946865621815378,1,Gate_Oxide_Trap
3.6990354963317174,1171.517048427436,4.16508195746007,0.5951788082569538,2,Particle_Defect
0.13205860760150168,781.2020162205671,6.613732120866654,0.899729181648896,7,Clean_Die
0.22904598243993765,6159.427772995168,1.4146674494209746,0.7407047717649509,2,Gate_Oxide_Trap
0.3814896038597029,2149.9923154953044,3.661350652934515,0.8402448943633278,5,Oxide_Pinhole
0.14314471709603632,833.6832236767569,6.496142933531261,0.9145490768665617,7,Clean_Die
0.11043077400969765,879.010444412384,8.0,0.9367107756181023,4,Clean_Die
1.4593742672717256,8088.607484267669,1.4722805217645947,0.45884739383841444,11,Metal_Short
0.05,829.5553030757817,6.866103123293845,0.899943360520699,10,Clean_Die
0.8932347809971232,102.9575356634138,5.393675821777311,0.8222024886288084,7,Via_Open
2.7673876099037775,730.6408626367802,4.729196151877763,0.7587469453602542,7,Particle_Defect
0.17983663670244002,723.2180796946542,5.782676627360992,0.9499569547802447,4,Clean_Die
0.12842483573905558,602.3616162635286,6.540479397028227,0.9042117517616508,9,Clean_Die
1.8655993480278832,1344.85613604318,3.528547053380497,0.6917560346466296,11,Particle_Defect
0.16498107508653756,2233.2534751947187,3.151710684301463,0.6443738037569122,2,Oxide_Pinhole
3.473325528868869,1067.599222364415,4.713037442535446,0.7779688594320564,2,Particle_Defect
1.220281277391883,9390.956583683195,1.8014176497295988,0.43173523114124307,6,Metal_Short
0.05,863.1169256653219,6.757113016868068,0.9408353468266886,11,Clean_Die
0.43323269196857894,7224.580117216905,2.324235670724034,0.3796695855122778,4,Metal_Short
0.09332291479095854,735.2973592908525,6.804800428535136,0.9717968573651505,7,Clean_Die
0.9971351633980887,170.9838797857523,6.1729613643195895,0.6454683690882588,4,Via_Open
0.13621569717448423,4013.636117138439,3.0446780297759597,0.5989050014503619,2,Gate_Oxide_Trap
1.3798863752591872,8500.427144053483,2.0253097229259414,0.5416679112539365,11,Metal_Short
0.07476129708041776,794.337577468901,6.206671903931684,0.9651878950817819,10,Clean_Die
0.13401202541401297,928.5116015005818,7.701212181549678,0.875520853366792,6,Clean_Die
1.9755609868141812,1335.7309398860134,5.451387614620469,0.5701542581768155,1,Particle_Defect
0.23379955034836186,8939.453665367744,1.7184947569888207,0.292102141304665,2,Metal_Short
0.5787775140754432,195.19173197727073,6.75403809136448,0.6267068489295973,11,Via_Open
1.497261966891941,8176.767726174688,1.797891183858604,0.4759944966629758,7,Metal_Short
0.052971613867128564,904.0337945138349,7.042049483610716,0.8405664698741119,5,Clean_Die
0.10359256342782505,730.1106100408178,5.153290204904534,0.9486993747567977,9,Clean_Die
0.09450943471810383,777.1158570830611,5.942870176926009,0.9473488687388079,1,Clean_Die
0.24337395872271383,1719.4191689939403,3.1170115201841226,0.8478091534898282,5,Oxide_Pinhole
0.6230601981180577,143.6081482498522,6.518526531807947,0.7134397222843858,11,Via_Open
0.1711435263291903,778.5906392331531,6.001752776804045,0.9127454515844414,1,Clean_Die
0.9501290592844411,249.2938775852134,5.489953396053637,0.6123075280993133,7,Via_Open
0.15569670323110057,1754.4856904856397,3.3433204898139803,0.7000343093811028,3,Oxide_Pinhole
2.81411048849786,928.5088564672885,5.115377762517907,0.7326894901690817,2,Particle_Defect
1.6095559869277218,8406.230147700666,1.7173411715898337,0.4201311884046699,10,Metal_Short
0.15271679079509262,2069.1519761716827,3.598845531918472,0.6726540364950333,10,Oxide_Pinhole
0.05,937.7350646948198,6.024783095689646,0.9396839727429328,2,Clean_Die
0.33427238534637077,2214.4936209793673,2.7356253159132073,0.6848795183286978,5,Oxide_Pinhole
0.21293836430282173,5095.636060037339,2.412744453889096,0.5577551989441449,11,Gate_Oxide_Trap
0.10676780359096054,825.2853878395434,6.5481744360879475,0.9680455038593633,5,Clean_Die
0.3358431239355684,4354.408448699175,2.3768048896675222,0.5590631588600127,5,Gate_Oxide_Trap
0.17963399239360134,1856.2528773023628,3.2439904953541947,0.8089183648475032,5,Oxide_Pinhole
0.41895495542813516,2894.91544894105,3.1461779543005592,0.7467165167452804,1,Oxide_Pinhole
0.5428948650251044,74.46359073844334,5.652098041460264,0.47743190673161107,11,Via_Open
1.4416901569347313,1223.448010784816,6.01935854868302,0.7900775746811154,11,Particle_Defect
0.4498472057421502,2677.776586190626,3.1326959890102706,0.8111901357472453,10,Oxide_Pinhole
0.12802801193336838,3445.7958745831497,2.8385541228483344,0.520082710997048,1,Gate_Oxide_Trap
0.17658347416424075,5639.252142578494,2.270157812258313,0.4517697692072189,1,Gate_Oxide_Trap
3.575803187872955,1270.221900275474,5.158089782919167,0.5630191305019314,5,Particle_Defect
3.335124936814971,1548.061062697085,4.200249930027114,0.5392441044556292,6,Particle_Defect
0.8581971552480293,114.6815473886268,6.794117519569042,0.562873373474157,7,Via_Open
2.7945896704983957,946.5440682965357,4.63301766958222,0.5831849659922234,9,Particle_Defect
0.3757745816270409,1705.3548830766003,3.489137376119121,0.9022420672020113,3,Oxide_Pinhole
4.366875004627848,1052.4409003492985,4.077281015838356,0.7083125245950399,3,Particle_Defect
0.11378708109587136,759.0089356094595,6.411296693017372,0.8987643015251316,7,Clean_Die
1.4935937842351725,8414.874894686061,2.424793746083515,0.25613182644086746,3,Metal_Short
0.09551466139903447,817.4987644475955,6.132539601602477,0.9755949383190479,9,Clean_Die
0.1964126454306068,613.9158556583814,7.016550431856071,0.8929466856944692,7,Clean_Die
2.627018926817517,1153.4822706726409,4.295959056342198,0.5596230565751874,2,Particle_Defect
0.5828658677483128,97.30731968840078,5.402112892032756,0.6771398430962549,10,Via_Open
0.05371818464624699,691.5168988365374,6.562307438112966,0.8637937690054023,10,Clean_Die
0.40127239797213554,1795.8485221404908,3.4269772700907275,0.7669806549987419,4,Oxide_Pinhole
0.1258163183301756,819.8914548895,6.293170092146315,0.9275955738495861,2,Clean_Die
0.29504895085747485,1965.2467458232172,2.9573500336682934,0.626203448108787,5,Oxide_Pinhole
0.08225053971825694,667.1646238132748,7.420511138795655,0.9859658231018691,3,Clean_Die
0.11327413398105848,703.2923000273576,5.967328817911128,0.9503643315530924,6,Clean_Die
0.1436573532282095,757.8840717170422,6.0035697147163685,0.8900586814526253,1,Clean_Die
0.0907808095623999,742.0765258366121,6.197366197775192,0.9083094654610842,1,Clean_Die
0.07789189910512026,2399.3224613915017,3.4829378817564147,0.7261282618229283,11,Oxide_Pinhole
0.2947906845328627,2318.7531708127785,2.7170500774601636,0.7475884945240652,9,Oxide_Pinhole
0.67461344090271,151.32726734977484,5.515373680046963,0.6497889177892225,4,Via_Open
0.2702679579899274,4259.295715557626,2.7277764519427574,0.5578904978121939,5,Gate_Oxide_Trap
0.1829102454512053,2413.1258467032208,2.941645037540404,0.8531665279580042,7,Oxide_Pinhole
0.07617669353632087,779.066910397762,5.894334141014784,0.9338360445415612,5,Clean_Die
2.031926682448932,9711.184993912053,2.0051169022043305,0.4431156968537112,1,Metal_Short
0.053892242585296145,722.6218282364061,5.811724171829686,0.9146428119190597,9,Clean_Die
1.1783247328437239,61.56104382480511,5.675603089541801,0.5368828055041803,8,Via_Open
3.7032674356076076,1700.4773469800139,4.903329340471522,0.5544668261550452,11,Particle_Defect
0.3519243134844528,2673.7880948485777,3.193309297741974,0.7085923081755962,9,Oxide_Pinhole
0.3101422031056672,2234.2478939562748,3.142538821580362,0.7129596568773897,3,Oxide_Pinhole
1.8790512092167007,8482.385729942713,1.861690561255602,0.6167735529096174,8,Metal_Short
0.24912960199839504,5281.608736792039,1.9655973536341103,0.509632645546126,6,Gate_Oxide_Trap
4.561331673704382,1204.3560658838271,5.089540248625064,0.6162973301443565,7,Particle_Defect
0.13605067751411956,780.5600201708579,6.045938145978854,0.9800348107954996,3,Clean_Die
0.5540070808021431,144.12052126775882,5.644832108084553,0.5975640778575576,7,Via_Open
0.24561998877461697,2308.9218005330376,3.2237465637981106,0.7699992324380983,3,Oxide_Pinhole
0.3210757081643847,2105.444018760671,3.1589783473625905,0.6268864406186299,9,Oxide_Pinhole
0.05,895.5450800995304,6.057779076862814,0.894581440977241,7,Clean_Die
0.2960765441523683,2623.142831458326,3.5602250344991364,0.6331005479202512,7,Oxide_Pinhole
0.05,880.8850813871057,6.703366900616667,0.9726427472781299,4,Clean_Die
0.28075312510003336,1659.729161622299,3.122065473805169,0.829346202866377,1,Oxide_Pinhole
2.612137447665908,1157.917737606088,4.254886458016926,0.6530186431779974,4,Particle_Defect
0.07462335434394655,627.5865876059653,6.626416981178435,0.9172275572558175,5,Clean_Die
0.6290316345586393,106.91394306703494,6.7002125037200235,0.6479529550592473,7,Via_Open
0.9158664482931661,157.38177277784058,5.53754384231047,0.5292598263367163,2,Via_Open
0.1678534980786711,2216.8460257394904,3.1456764167087683,0.8193938193251894,5,Oxide_Pinhole
0.29228409724461546,4388.467656152623,2.515124057039078,0.5433175977353464,9,Gate_Oxide_Trap
2.539810735723831,999.2957667820472,5.046083983216713,0.7901477322792297,6,Particle_Defect
0.05,843.5248100524664,6.69902249113412,1.0,1,Clean_Die
0.6465333159290345,127.58807384212415,6.3224386248281705,0.7059812750262927,1,Via_Open
0.18547347252906327,892.3163978308381,7.145003187240576,0.9501360338639693,10,Clean_Die
0.2424440616276508,4879.323842630276,2.401526579725042,0.4843689781761214,4,Gate_Oxide_Trap
0.36842265551850784,2042.230160311338,3.0207806290811217,0.715758402101959,3,Oxide_Pinhole
0.10906851868954416,703.916707489334,5.86504873951921,0.9822653890631807,11,Clean_Die
1.3441042011015012,7912.659266277425,1.7565257061918125,0.30881502652569337,5,Metal_Short
0.064036697088145,639.3842835461888,6.466884697559112,0.9194512922060669,11,Clean_Die
0.26346097525181766,3139.0770546229596,2.671165622836496,0.49709864732606623,9,Gate_Oxide_Trap
0.19638995253053404,2207.9893665285663,2.6157826130553725,0.7492671380804432,1,Oxide_Pinhole
0.07646672673043645,779.5658604430797,6.450641970803968,0.9609717476416202,3,Clean_Die
0.22559883421308005,3415.7012375304766,2.6552691254606136,0.7025767842582678,8,Gate_Oxide_Trap
0.21401283762321965,4062.415590209761,2.53963627861383,0.5138306399291543,2,Gate_Oxide_Trap
1.7784163777978224,8614.063912328102,1.55758796423743,0.4468150186762678,4,Metal_Short
0.1106518991461897,814.1209229385901,6.509747038681708,0.9066450300858683,4,Clean_Die
0.24775205995561,2429.669188952735,3.2038364404732436,0.7069511204475212,2,Oxide_Pinhole
0.3568316820927295,1443.9680123229064,3.6684649338671007,0.691859097418889,8,Oxide_Pinhole
3.732548750629695,1213.7582501181187,4.359250840857284,0.6957293584926224,11,Particle_Defect
0.1034850822078496,944.3690511123664,5.883146964583194,0.8713404581509473,4,Clean_Die
0.7593078895026129,151.0228906193458,6.122974425499265,0.6880586167880703,6,Via_Open
0.09621486303228215,653.8896981437551,6.4417989108954234,0.8979500854416378,8,Clean_Die
1.182563562959928,8665.942404728323,1.7776870852509499,0.37489832345904794,9,Metal_Short
0.12178021876505793,2324.7278668768986,3.23596807220081,0.7543772315204886,2,Oxide_Pinhole
1.5305110888586588,1536.7166159599487,4.404880480215817,0.6454200768701448,1,Particle_Defect
0.13234069931183765,682.0258088560572,6.8216361293796695,0.9373526125055073,11,Clean_Die
0.7215131138902365,124.8951323546184,5.1261884532555255,0.5292053857355387,6,Via_Open
0.3072562182929945,2149.2648236500672,3.090629972352494,0.7263410795819466,11,Oxide_Pinhole
2.680224350864557,1115.6839287191194,5.077807504741811,0.5578099463950519,10,Particle_Defect
0.11848900162527753,736.9311863947777,6.543836839725034,0.898789417702094,11,Clean_Die
0.10470468813581979,707.4995636558921,6.4383178875933105,0.942804521562915,10,Clean_Die
4.154862784749785,881.9990376595824,4.114138955304057,0.5097235381198219,2,Particle_Defect
0.3794596474563421,2609.9122791525206,3.0639886503931772,0.7422395245013713,9,Oxide_Pinhole
0.41198845409581686,2376.108194653944,3.9455032627981694,0.6740548922886398,7,Oxide_Pinhole
0.17395930852303232,872.1991171028878,6.868636885568444,0.8360705557141455,1,Clean_Die
0.05,897.6733172727887,5.819656195371236,0.8711904989816041,9,Clean_Die
0.1139421491065854,762.3835605683867,6.668879665600718,0.8954677924548162,7,Clean_Die
0.4541990244866348,1816.375658403938,2.652999654565578,0.7720646017998861,7,Oxide_Pinhole
0.49670691858516797,135.40361107754987,4.995768084222275,0.5499894329142061,2,Via_Open
0.8696505955976528,160.50564112941967,6.099456310929736,0.45528296082207326,6,Via_Open
3.2198470443234215,1208.6296624825604,4.234103260210438,0.7030017852286548,10,Particle_Defect
4.216818246016822,1013.7057775184782,4.750646309202229,0.5312245020939028,3,Particle_Defect
0.08402382657222594,5704.820257302244,2.899790837533591,0.5039639297845359,1,Gate_Oxide_Trap
3.7574585844343433,1147.099650597747,4.839871880810449,0.5169030409663122,6,Particle_Defect
0.09225918945355399,2815.3654852222407,2.931775505350669,0.5113269383380421,1,Oxide_Pinhole
0.24925939479820872,4233.336137839185,2.8430291627298656,0.39499721394919163,8,Gate_Oxide_Trap
3.1307267918281423,1113.2216622220208,2.9769811203859318,0.7137376923318238,10,Particle_Defect
0.4530780725221162,2520.4809367907374,3.6453123312320908,0.8150035524000163,10,Oxide_Pinhole
0.11979149778131845,622.3587869554287,7.150698366987241,0.8974953915175019,3,Clean_Die
4.170746527248942,1240.648134268108,4.865715663614835,0.6321100390749661,8,Particle_Defect
1.5178462857274622,8709.398008805598,2.061146722074561,0.38709955798533835,1,Metal_Short
0.45328175150708233,2177.6162752380897,3.2007206560354193,0.8044297232662704,2,Oxide_Pinhole
0.40399724136006604,2311.23150903819,2.3225872047231606,0.6631164059546815,2,Oxide_Pinhole
3.3755857882189573,1242.3120707655758,5.598491373741349,0.5370212816936721,7,Particle_Defect
3.9244072340713885,1312.7912266976566,5.164460831428047,0.6827449014460206,7,Particle_Defect
0.07754682323871195,865.1891570220453,6.829512615135671,0.9088882555354139,7,Clean_Die
0.9077321811361464,90.29263092369715,7.243997332462604,0.6664640924508329,9,Via_Open
2.5905369960436313,866.8724593303969,4.849985661641659,0.6580303864870642,7,Particle_Defect
0.11322389891164249,748.4825267231265,5.651645235828993,0.9096348166135488,5,Clean_Die
0.8310697250166212,128.97337959423083,5.822504199328107,0.6308769631694232,1,Via_Open
0.20910240366635424,1982.200609528828,3.2314296969241427,0.7078066976626045,10,Oxide_Pinhole
0.13682765071646885,2260.8897108169967,2.5849405526768923,0.7434680431693094,9,Oxide_Pinhole
0.11906022183044453,764.5504068710945,6.423295739007289,0.9502868145123186,6,Clean_Die
0.7734058537214872,111.59141897816718,6.061368103622003,0.5680787926930517,7,Via_Open
0.7075300228751513,142.8726787868846,5.007309511264312,0.6317761837314321,6,Via_Open
3.402590727481362,1274.946302629428,5.672947502196133,0.634048695825667,7,Particle_Defect
3.1973898837989143,1202.1791343059788,4.8465298346850245,0.6264398315721209,7,Particle_Defect
2.0236061434883506,8082.216733490839,2.1955186092891243,0.46276939105541876,1,Metal_Short
3.4669455320644245,976.6238179079533,5.433738136159697,0.5827239104637358,3,Particle_Defect
0.1225956132548159,681.8001879264416,5.886405762827429,0.9611150328951956,3,Clean_Die
0.14296642118325464,967.5581865624181,6.926947543238006,0.898625542680818,3,Clean_Die
0.1087428602485903,809.9725228268073,6.920622372039702,0.8805065914675522,4,Clean_Die
0.19331404979828462,814.964197444017,6.032676519761529,0.9242460809155312,5,Clean_Die
1.0865081201718692,8374.4988464768,1.772400850258823,0.47779454663400966,11,Metal_Short
0.1329917029904807,710.1328052158235,6.886493689791943,0.9400940810302384,4,Clean_Die
2.6136616527681316,1512.6813278766438,3.7671725752766205,0.5719421085785075,6,Particle_Defect
0.20404704015998232,644.0925547458374,6.06020951302218,0.9521324595928473,1,Clean_Die
3.5686485894744835,1315.863230054972,5.050420107181009,0.5834062664425802,7,Particle_Defect
0.05,1063.807895923648,7.234918685446884,0.8814168504007175,7,Clean_Die
2.534347238803865,1396.0200719920165,5.427218560711226,0.6948604228630648,1,Particle_Defect
2.6841537156185304,1019.2074489892185,5.315148627694287,0.49561942458910946,3,Particle_Defect
3.2861111669904894,1058.6216670616045,4.484542536958993,0.7420873298615793,7,Particle_Defect
0.1261793296253984,899.2313167038056,7.3156991620058935,0.945548842069033,6,Clean_Die
0.8829466933659275,7643.953185751556,1.6629417507413797,0.45966008576787704,1,Metal_Short
0.07002501085283971,711.5531908076239,6.859357396054081,0.9421618463290001,1,Clean_Die
0.22562600502089744,4073.8302908384985,2.614942085532989,0.5669324125147568,2,Gate_Oxide_Trap
0.38969171063110214,2630.9955115084385,3.2108658170666775,0.5824727325622124,2,Oxide_Pinhole
0.11521883317704244,986.328619458297,6.980270706881222,0.9299535023768102,2,Clean_Die
0.0918036252903771,830.5758461575019,6.810936756763211,0.8858027157854187,10,Clean_Die
0.33667806701634695,2526.481168585511,3.5802650175009982,0.6296951828391296,7,Oxide_Pinhole
0.10190604166261108,704.2821692920503,6.695400512836074,0.8202670465699569,3,Clean_Die
1.8687475634463406,8817.978767063943,1.6783335881180867,0.5463589775872328,4,Metal_Short
3.8987593493478627,1374.6193335824255,5.485970673694029,0.7208249471232595,9,Particle_Defect
2.7618499171110877,1263.3187283143923,4.130664949576001,0.5748554799741826,8,Particle_Defect
0.3367774983538762,3129.9446389056056,2.6432449876045387,0.5064214906336951,1,Gate_Oxide_Trap
0.16317106330667083,5017.309383044495,2.5357123036432747,0.5915457966757144,10,Gate_Oxide_Trap
4.133673308060477,1361.7931196125703,6.244143134132762,0.7709389395261937,11,Particle_Defect
0.05,778.9048400722914,6.535007442974852,0.952673979812981,9,Clean_Die
1.8808028261945864,8297.253361356117,1.8674627295458754,0.5082925600179615,6,Metal_Short
0.2184382771077903,2118.0913453476373,3.0797851201374598,0.6606514711017178,4,Oxide_Pinhole
0.25972871223322974,4289.706312221232,2.2096983282981646,0.46518869746758834,8,Gate_Oxide_Trap
0.2332447645837059,4624.715535361612,2.602143563031163,0.6699176471636498,7,Gate_Oxide_Trap
0.3902930505842287,2158.6731290791217,3.6129415895074093,0.8261160361533291,9,Oxide_Pinhole
4.388434381439859,1186.9563090980657,3.838169511149202,0.705007747920632,3,Particle_Defect
0.1479836590427005,2207.117769449325,3.242509123346482,0.687157240011011,5,Oxide_Pinhole
0.3582475534623001,2415.0797386921417,3.4419459664035643,0.6494287680250997,3,Oxide_Pinhole
0.1299952004673219,4613.458174684271,3.249061544856503,0.6582391680255752,4,Gate_Oxide_Trap
0.089728538042406,955.6984416898383,7.343558045725723,0.900303280815749,6,Clean_Die
0.3663265297858199,2408.0284326900796,3.3747266082138956,0.7351084769193699,1,Oxide_Pinhole
0.09990130197596953,4691.818819633802,3.0928178207387154,0.5583814327100036,1,Gate_Oxide_Trap
0.2872882594178009,2098.917533025107,2.9299279302916936,0.8635538273961827,8,Oxide_Pinhole
1.0540284117833012,8205.333755209107,1.8238813376465228,0.5768691074878078,11,Metal_Short
0.9268647638478404,8048.402466149593,1.4442924030889621,0.5590738223369762,5,Metal_Short
1.3889600505091768,8777.903370674345,1.257372843105502,0.5245832155297492,10,Metal_Short
0.050724123017004345,893.1133482656522,5.899288479252023,1.0,2,Clean_Die
0.13091072005151488,2617.259791741143,2.9085147021719924,0.5750754858386589,6,Oxide_Pinhole
1.1425743496349519,187.25164920308072,5.916584858768216,0.5330709714150961,10,Via_Open
1.0600025546430927,7593.554343806697,2.156946751813127,0.16171828615766604,10,Metal_Short
0.11423662732268794,4148.048370190873,2.509032296366776,0.6775729986920288,9,Gate_Oxide_Trap
0.32168352234367115,2061.0887608340086,3.833028184807818,0.7564195762881137,5,Oxide_Pinhole
0.5992352852094617,7949.584027148135,1.9249598630742906,0.4171634964022845,4,Metal_Short
2.996635332160926,1369.2444563936633,3.607638661506205,0.7586206190443214,10,Particle_Defect
1.4390827888224693,8088.928474423531,1.7899525766818414,0.38051098232293895,10,Metal_Short
2.410392707428388,1045.7288284617207,4.44092117899325,0.5514788413953378,9,Particle_Defect
0.16665551770921666,4511.583867082926,2.9682822860564735,0.8073673114835227,1,Gate_Oxide_Trap
1.2330342029890655,8343.024225566498,2.146920369307619,0.4326133982165376,7,Metal_Short
0.14201320762517497,739.8414067678607,7.209867654498273,0.9357216153764385,7,Clean_Die
1.0626326290935302,133.3867388434516,5.565242238611635,0.47720112955238414,3,Via_Open
0.08458961729174319,943.9147276478732,6.646482071316144,0.9374225068764935,1,Clean_Die
0.8837799626524926,144.99936845943935,5.210973746481955,0.6434888486821919,3,Via_Open
0.16035627632192248,731.8233673412523,7.087674925908796,0.9133026423524867,5,Clean_Die
0.5695794606440625,128.92873110063573,4.884957731969846,0.5134178460103539,4,Via_Open
0.28007050377192694,1856.5818282509497,2.868370954140579,0.7277559931107866,9,Oxide_Pinhole
1.9567083368431843,8399.574601818154,2.0955328326684732,0.42231542271463657,9,Metal_Short
0.7513488367687007,129.82123194117668,6.311670974190999,0.6275774035376981,4,Via_Open
0.1765363157667319,2281.2850555006044,3.5867569567763278,0.6941005092974195,3,Oxide_Pinhole
3.0708647279259096,1247.719718338762,5.727925343982798,0.7646300899286662,1,Particle_Defect
0.15896116336854263,5164.985408143062,2.836846926322113,0.4905910621328113,11,Gate_Oxide_Trap
0.9442510526212312,313.46566612162076,5.733169893728196,0.5619804589771669,6,Via_Open
4.144983270564598,1138.706638094344,4.4578993846626975,0.545094616691655,7,Particle_Defect
0.11631723010493171,948.3901312175333,5.917171550327154,0.9602375902395925,3,Clean_Die
3.6325018530051043,1065.3102966146894,5.406461947920914,0.669573369295142,4,Particle_Defect
2.5884025601017235,883.960084630236,3.5657879120945832,0.7770824096038347,1,Particle_Defect
0.14070322167308594,4683.178360448234,2.0098058738427205,0.638498764752887,5,Gate_Oxide_Trap
0.09725603595380655,861.19905719024,5.911598366006982,0.8976660233910879,1,Clean_Die
0.10565853485611719,1052.5187931864614,6.859151813853555,0.9440646575140189,11,Clean_Die
0.2603121054874548,1529.2967815530683,3.0722038917421197,0.5985251686737767,3,Oxide_Pinhole
0.4290922406498404,4299.026260934801,2.4056961426916628,0.5533034935923591,7,Gate_Oxide_Trap
1.7202808622276526,968.3844142967498,4.505549733519848,0.776275655442614,8,Particle_Defect
0.05,979.6780523492271,7.165276020488954,0.9346598793851761,1,Clean_Die
0.07513635667499273,828.313865655882,5.899662164262129,0.9150708343629338,4,Clean_Die
0.9212490344263684,111.58561506934647,5.09105897533079,0.5998995709364401,1,Via_Open
0.14747621150104584,4791.427892140233,2.551489548700498,0.4624623022920614,3,Gate_Oxide_Trap
0.05,898.3073716141175,7.154265529135915,0.821381134529091,8,Clean_Die
0.5949513209685066,62.96395884351618,5.021329134186588,0.6000732932583375,4,Via_Open
0.863486507526254,109.8006414251891,5.688778109677058,0.6108311621072949,11,Via_Open
3.2067324661211414,1287.6138366621508,5.216978361279638,0.5974617290518403,6,Particle_Defect
0.14140007211539435,4996.932105064656,2.5447998257909252,0.5069574297796343,7,Gate_Oxide_Trap
0.06862104247617759,806.1120466466714,5.671986200813592,0.9211984990664467,8,Clean_Die
1.1916474282298644,8658.116661731241,2.180093631065967,0.4644400972501606,4,Metal_Short
0.05065227682468563,805.13889530224,5.657187689337576,0.9061143213827576,1,Clean_Die
0.15179575061052558,888.837017319881,6.799728880288381,0.8709401652350167,11,Clean_Die
2.717892136049119,1556.7615826831816,4.355982914844132,0.8042490901463086,11,Particle_Defect
0.10023230664369775,801.8029520485826,6.8345712221632615,0.8847667609010992,1,Clean_Die
1.8749467839865936,8634.960360482813,1.8573290205379758,0.37807618414813604,8,Metal_Short
0.20691535631416064,532.6083016100747,7.077115335765686,0.8941095066754909,10,Clean_Die
0.696913374976384,188.1474389333832,5.965872661668906,0.7406090079703329,5,Via_Open
0.21087655311020795,4733.185905112317,2.2506245227557575,0.44911606097056656,11,Gate_Oxide_Trap
0.3261490822240126,2031.2446020992074,3.416231127110482,0.7836179853135571,11,Oxide_Pinhole
0.05,762.80097123886,6.600266433053609,0.8734914907321603,1,Clean_Die
2.9927477188957083,1317.6153085000303,5.204384037804617,0.6279674078248008,11,Particle_Defect
0.057506710320199605,801.1610635671838,5.582941814251464,0.9159230981566536,5,Clean_Die
0.16473578409301148,2330.9750750579688,2.7321838538832353,0.8570000936084083,4,Oxide_Pinhole
2.764654577683227,707.775193808799,4.293416713478382,0.3876115181313526,1,Particle_Defect
0.6088867913112603,166.42905483466342,6.011665287762618,0.6633512608478487,5,Via_Open
3.2698166422262673,873.9662236543029,5.216617240215579,0.6727093183810365,2,Particle_Defect
0.3853591710721116,2490.65280938088,3.410920167622148,0.6621822394393874,7,Oxide_Pinhole
1.1854458682234552,8141.426435899633,1.9248019271344667,0.43654303845316145,10,Metal_Short
3.1198629685586226,1272.218060309988,4.510831018639048,0.7738507518348435,2,Particle_Defect
0.11275127861820589,762.8996033349024,6.467397437620826,0.888999627624365,8,Clean_Die
1.362090456716141,9356.068542493967,1.9028086745658956,0.43534256907678887,7,Metal_Short
1.1549848389780077,9172.843912274839,2.4590756472269124,0.5814944596419003,1,Metal_Short
0.0880092019365302,828.0537254849316,5.925550449498388,0.9378032973741708,1,Clean_Die
1.899727665024769,7789.657984393906,1.4305229177743146,0.3232663921240456,5,Metal_Short
1.1633417071828616,8127.637825067354,1.8443398651283254,0.4329597461334402,4,Metal_Short
0.05,748.3597770556601,6.347519041834706,0.9273995508223202,3,Clean_Die
0.08390219450000669,926.6761730979442,6.1671798436580865,0.9139348985805014,3,Clean_Die
1.6231723056675718,8955.22362737555,2.043418509084841,0.48930943007779804,8,Metal_Short
0.14103188768887395,907.9517826466281,6.434732386950899,0.9106112964998431,9,Clean_Die
1.7611634038341049,7561.345356638083,2.0467017067735327,0.5663233424979773,5,Metal_Short
0.10864241295056727,4115.21415222343,2.724973433173101,0.5484684641761718,6,Gate_Oxide_Trap
1.143059982895091,191.57148701559203,6.142897243183914,0.6041792877715452,6,Via_Open
1.4409575416672171,9259.378083010944,1.541007745115887,0.3957006007329322,4,Metal_Short
3.9695922524431055,1231.501553247433,4.616713045015861,0.8069821884632233,5,Particle_Defect
0.8353165330124406,8805.73785270578,1.5137274569737165,0.3407961195547294,6,Metal_Short
0.6702173071898581,54.502473319198,6.1179848670717725,0.5941508675429186,9,Via_Open
0.06460234176555177,785.1089589280487,6.595242646616765,0.9303434211139907,10,Clean_Die
4.324718736194036,1049.1032058290575,4.7057466352653385,0.579029493519444,11,Particle_Defect
0.7016798753732858,122.0946385876463,5.181043872489324,0.62829338610972,3,Via_Open
0.12725413483027143,2361.5778901565504,3.41079868552824,0.7025006008188591,7,Oxide_Pinhole
0.155999148984871,773.2078177562798,6.032208851966874,0.9248383935074854,1,Clean_Die
0.08443336522974883,865.3139706380223,7.345334062246829,0.9618973837257573,10,Clean_Die
0.3471571783505839,1971.0196185071677,3.3945928025096466,0.7444366227936717,9,Oxide_Pinhole
0.9853623047147319,103.96324396546214,6.650156503152664,0.6366429897758905,11,Via_Open
0.34120229527957835,2054.754923495847,2.8977425248471764,0.6522477860469044,9,Oxide_Pinhole
0.2449244236930624,5297.76648391958,1.9003415430196227,0.5644725409712539,10,Gate_Oxide_Trap
0.05248757455393835,5329.014423058577,2.1959459856162664,0.5393510029375598,9,Gate_Oxide_Trap
0.8663692817770717,200.47948989125646,5.786452190481397,0.6643034728153219,1,Via_Open
1.167898626531914,8464.988009415596,2.0182936316123015,0.3680884467308625,6,Metal_Short
0.7172129387021657,121.88112680663566,6.427482015086984,0.5000428642988801,6,Via_Open
0.05,860.7580517953447,6.1370485584341115,0.9329134055694015,5,Clean_Die
0.2540120217445336,3902.8598400100464,1.7921010815281586,0.6549582521042133,7,Gate_Oxide_Trap
0.24321689893697893,2200.8138370139086,3.3736808405684267,0.7007699197221405,6,Oxide_Pinhole
0.21828597361257301,2003.8099261672921,2.6061647642501318,0.7424999437288616,10,Oxide_Pinhole
0.9034054999508876,218.06176516994987,5.970894801354731,0.45692642348092605,10,Via_Open
4.386812964777166,1026.9900767187544,4.368160845825246,0.631059421456612,11,Particle_Defect
0.06812832090857501,4154.602610568648,2.817827510890166,0.7237835292557658,5,Gate_Oxide_Trap
0.22714019514754702,4824.920306315803,1.9295279819027513,0.694651308140387,6,Gate_Oxide_Trap
1.061754172215357,8739.111237520065,2.529028401179455,0.4915182637416118,6,Metal_Short
0.057211353125574925,816.9606729954704,5.762728324046952,0.8830462334318482,8,Clean_Die
0.15150017473031915,1863.4058136907393,3.5996306583665474,0.811230270191914,7,Oxide_Pinhole
0.05,862.6080427857953,6.920893784194149,0.8761648636859335,1,Clean_Die
4.252621132745736,1233.5769213592175,4.541577276127906,0.9024727929780967,3,Particle_Defect
0.8278311219690033,9112.591271427867,1.5981742030699773,0.43253976084339446,11,Metal_Short
2.1881391254539997,1265.0831767436293,4.683063635544819,0.5614373559763424,4,Particle_Defect
0.24207310409208874,2061.47243560133,3.0305084655468146,0.8042919281510374,6,Oxide_Pinhole
0.8039302995649846,246.4113496572529,5.671045587995142,0.6325902245299699,3,Via_Open
0.3616925293264573,2190.051740925112,3.111761678286188,0.7897063262763341,1,Oxide_Pinhole
3.398587080791095,1202.654505350258,5.742532243137859,0.6999209311577027,3,Particle_Defect
1.397790947592255,7287.009283813708,2.0911906697897034,0.5000492431501143,10,Metal_Short
0.3413047223780191,1926.8797613620254,3.3727369170004837,0.7435966338462294,10,Oxide_Pinhole
0.08448523357687787,792.206116510116,7.232468238514736,0.9479338490023005,2,Clean_Die
0.06660300123171632,854.6266334267923,6.4350189812216385,0.9292319951600229,2,Clean_Die
0.832332577414197,207.5740504960583,4.7545599605936975,0.618862387035084,9,Via_Open
0.15388058211989633,1031.335481616473,6.54681591810719,0.9366894796410766,11,Clean_Die
0.05,765.0838949164663,7.191266366542647,0.932265379954555,11,Clean_Die
0.22895618918636662,5194.211676097753,1.8750602438340689,0.6075562211005882,7,Gate_Oxide_Trap
2.247616961693785,9057.148375259865,2.02489070918573,0.5387883113863805,5,Metal_Short
0.1351975140495897,791.9738199598784,6.8924762352140245,0.9148724820095041,8,Clean_Die
0.05,4412.425758041409,2.6699887250544605,0.3776730432496204,8,Gate_Oxide_Trap
0.24918030589885787,2152.189356488317,3.9214841928176183,0.6801415913257961,10,Oxide_Pinhole
0.24135087074452696,2687.3789364234585,3.114026196821256,0.6666711551285307,6,Oxide_Pinhole
0.1268331178279227,867.6062211870847,6.992135150240057,0.8299729204048828,3,Clean_Die
0.45266173712671043,1737.091312253329,3.4503193731600366,0.49586035628487757,5,Oxide_Pinhole
0.615203881977592,158.93672155683137,5.5544506472853055,0.655074384093533,10,Via_Open
0.1300440961425578,806.1146764922433,6.231186127759033,0.9097413960751407,5,Clean_Die
1.6697363723940508,7919.618015763674,2.1814627470806918,0.5682853426555282,5,Metal_Short
3.4732910964154717,922.0468604074877,3.6287532481388034,0.6137710845783771,11,Particle_Defect
0.9342025506391706,115.64624076931445,6.039825406041327,0.5414932657849768,8,Via_Open
3.6392963320709066,1216.407864040622,3.4562460470587957,0.7093382416983042,8,Particle_Defect
0.2480888889979493,4717.490321812242,3.065773852334489,0.665747857369012,7,Gate_Oxide_Trap
0.16993817205410156,854.5816262510069,6.001454887097077,0.8254797699539894,6,Clean_Die
0.0614606471172999,959.0439592317512,5.3795892379494,0.862635775879476,8,Clean_Die
0.11623082362442201,871.5869186884158,5.899841646561666,0.9421025075103243,7,Clean_Die
0.05,842.0220622797265,6.309438835801689,0.9504351852618118,7,Clean_Die
0.05,954.1122759476673,5.703583782011287,0.940562604637184,2,Clean_Die
0.19712078931002167,4881.647861582747,1.4181583694641111,0.6314513235582146,2,Gate_Oxide_Trap
1.4240341786407755,8217.997024989802,2.3343211218319415,0.4782614346405455,4,Metal_Short
0.6330825469103123,193.65496450119022,5.84937064363409,0.586810460448718,1,Via_Open
3.3978603358947943,1114.4349457962674,4.986954015118452,0.6896906198773287,1,Particle_Defect
0.11564590642400721,2015.0928548430763,2.9016096530381614,0.8431714564536676,1,Oxide_Pinhole
0.35847651780393675,2311.685052596368,3.5613041106375984,0.6855318180250705,8,Oxide_Pinhole
0.07041295238393938,874.0031805135424,6.948438447802697,0.913082264164369,7,Clean_Die
0.14785974944662655,833.8197566158196,6.686380319089833,0.85330280157093,11,Clean_Die
0.9205457866360399,156.4545357849542,6.264793792339009,0.7442809290154899,3,Via_Open
0.1255662102049766,985.6622008782301,5.690281718493723,0.992477072427145,2,Clean_Die
0.20366610828228687,2102.8702088284513,3.6263346215679872,0.7931353407343076,6,Oxide_Pinhole
4.239086816896252,1099.283247339349,4.380776372300007,0.6010112398020102,9,Particle_Defect
0.14674818029161896,870.9416413684074,5.75047061539647,0.89055025372392,9,Clean_Die
0.9967721910820708,104.99577669493141,4.397956865616047,0.721429383376969,8,Via_Open
0.1605963407898252,806.0306761169954,6.411556293272954,0.9578104738248596,6,Clean_Die
0.3458749271914502,4526.224969495362,3.016803796694643,0.6370571873590943,2,Gate_Oxide_Trap
0.22894127550598548,2028.943571614844,2.8685745100861584,0.7317517959532893,11,Oxide_Pinhole
2.4524411345110004,1044.7948755904467,4.972511602548295,0.6409035989740699,5,Particle_Defect
0.3930444758747663,2387.9456127428116,3.021594462998322,0.6576784479113337,1,Oxide_Pinhole
0.2929626556699863,1803.1238481410342,3.9777107174824917,0.7126551397279055,2,Oxide_Pinhole
2.992215006527186,994.8171815038339,4.437623438706509,0.6192913637018059,8,Particle_Defect
0.9197060607094588,8021.837140857398,1.7590827790402828,0.4831068066764724,5,Metal_Short
0.16386903535654457,838.5597516677949,5.885742948467269,0.9288877409988971,5,Clean_Die
0.18574460788804104,808.8151036434997,5.720632874696736,0.8693588256841588,3,Clean_Die
0.05,4561.752663832899,2.9996762320706036,0.5053395746136131,1,Gate_Oxide_Trap
1.3682642476199063,7457.339535672221,1.8494767661949993,0.35276510298074243,5,Metal_Short
3.210358478638857,960.7458709614284,5.641918749741918,0.6362127236198801,10,Particle_Defect
2.184889033859198,1376.106934944599,4.358975968986643,0.5504006979895326,4,Particle_Defect
0.24232321400433796,2808.2513453399733,3.030408406633546,0.7811532924958333,2,Oxide_Pinhole
0.05,905.5355712285913,6.676141291288497,0.8607406687939939,7,Clean_Die
0.12854610934828647,924.2080728692548,5.943443724515137,0.953674316972603,10,Clean_Die
0.25426210990048975,4584.918036253952,2.878731757970313,0.5067182948133186,4,Gate_Oxide_Trap
0.053346581084998713,827.1174164949076,6.616550912087595,0.9272152820272741,1,Clean_Die
0.23738046931978463,4175.503648886062,2.6638653510391226,0.6599659152473756,3,Gate_Oxide_Trap
3.120623972532592,1584.0154248662232,4.653268625690745,0.7377597977568862,4,Particle_Defect
1.2822144809423348,10964.484980816927,1.4504009523308592,0.6145615508644717,10,Metal_Short
0.3431059378690408,2387.0706884770825,3.0631590852043176,0.7172926855821303,6,Oxide_Pinhole
0.05,876.6423106812626,5.999707915280437,0.9773834788686593,10,Clean_Die
1.2120976834402057,7837.941511247241,1.5565079380600157,0.45806295190445706,9,Metal_Short
0.11543394195146388,642.4476671676509,6.1020502852831005,0.9246267284951128,6,Clean_Die
3.4417900097423084,1484.9085220290158,5.797408624460307,0.6712619309479207,4,Particle_Defect
0.8022242101836614,8050.812875242081,2.140868128233033,0.5322855479079704,10,Metal_Short
0.13417084069047014,4660.350166374767,2.702978942745423,0.44450647885901845,2,Gate_Oxide_Trap
0.07794689933952119,737.737287312356,5.4703114556970185,0.9260681947224126,9,Clean_Die
0.12375333265215088,719.3425336437858,7.143086720463809,0.9238233987290135,11,Clean_Die
0.2895999481109873,2151.9357733163392,3.081756316024804,0.7463124627674289,6,Oxide_Pinhole
1.6012640114039685,8799.709298054786,2.056377062204838,0.4892660657807827,2,Metal_Short
0.1456457667416953,5016.577927210157,2.26393558414741,0.5815407938282912,1,Gate_Oxide_Trap
0.13680020974482965,789.5456344205047,7.48363551066042,1.0,10,Clean_Die
0.17786155911160417,1675.5850535755098,3.7379591607693365,0.6987544712178031,2,Oxide_Pinhole
0.11691345794404555,1031.0726698519984,7.024194391949248,0.96342489460768,6,Clean_Die
2.82054271487042,936.6373000335082,3.9105337758229397,0.609989584033695,2,Particle_Defect
0.38647980839711565,1721.5181881021194,3.0343512273109763,0.7354249744032031,4,Oxide_Pinhole
0.09276271328285683,786.6819446299537,6.124191597508427,0.9566654809477076,11,Clean_Die
0.05,959.3899256953068,6.717282499069655,0.8373659127098707,5,Clean_Die
4.728356780194992,1219.9720419883577,4.731203125246566,0.7168894997918998,9,Particle_Defect
0.19256261252520468,2242.674507584085,2.8644220992220593,0.8418003049687749,8,Oxide_Pinhole
2.449163331338437,1084.1864003884327,4.398571971001598,0.6162698795399608,7,Particle_Defect
0.35157296014352646,2073.5204090928564,2.845318474319672,0.8805770473678685,6,Oxide_Pinhole
0.06805226136032676,699.8225157952344,5.975169141666567,0.9029800361106538,1,Clean_Die
0.13526966892067097,842.8417173307093,5.854012350060267,0.9284409945203981,5,Clean_Die
1.6171529703866654,1248.9619586279828,4.134307655816194,0.7182352381021576,9,Particle_Defect
3.8210947044933112,981.9504515035413,4.388968991800777,0.5636360943126505,2,Particle_Defect
0.12790729824688646,833.0069423721063,6.555648695014012,0.9398729649044271,3,Clean_Die
0.23740201893737553,4748.684258226373,2.612134388031239,0.6369613809648287,6,Gate_Oxide_Trap
0.9501065967644295,210.08411614046656,4.166241646267184,0.6115125088326826,11,Via_Open
0.07746451097075469,713.1627898620387,6.943215618836605,0.9435422051120537,10,Clean_Die
0.13109163185958034,740.2773589999857,6.770958590345259,1.0,8,Clean_Die
0.1519311419207674,848.2962901122796,5.8485818892505135,0.8440020573469265,9,Clean_Die
0.179190846949683,2072.95411054121,2.9093099298442726,0.6567884177368393,7,Oxide_Pinhole
0.22530054054499926,1862.637710851202,3.4508012908330503,0.4841948737848107,9,Oxide_Pinhole
2.5664477201918476,1192.2134560006086,4.0718133699051675,0.5912370161147638,6,Particle_Defect
1.9369846417474648,7908.066076692607,1.8032454997976264,0.4228447314891707,8,Metal_Short
0.18462465490541866,731.6591428068576,6.280406127394125,0.9594353718269852,11,Clean_Die
3.342235120736592,1005.2970221487608,4.6288713515915685,0.7614804829181683,8,Particle_Defect
3.3616710973016186,1244.5761207739097,5.54482035372006,0.7919975437454395,3,Particle_Defect
0.3076052902907675,2078.507605946066,3.4960941122117015,0.7117188137732212,11,Oxide_Pinhole
3.491780672413702,1461.7371743922283,4.941452323523667,0.5262160868487045,9,Particle_Defect
0.05,750.480334957501,6.103970958299183,0.920814105189543,1,Clean_Die
3.622951838913048,900.5289712558988,4.019193828187122,0.6509892399054334,11,Particle_Defect
0.10518848982261413,742.4172080556821,7.609850927867229,0.9004420052095056,11,Clean_Die
0.299302728839513,4445.300377868696,3.6600586715647907,0.6471348593937534,1,Gate_Oxide_Trap
0.09058276136907767,962.4193268667344,6.471774760958676,0.8903383184447602,8,Clean_Die
3.4703147630776128,1503.7920943496115,5.295738654413835,0.6620491786778202,4,Particle_Defect
1.718860124899125,8003.16988778201,2.3867411159052008,0.32484678131726613,1,Metal_Short
0.2607200565212311,1891.459355990558,3.685839388546495,0.587153639055218,5,Oxide_Pinhole
0.05,655.8610528127416,6.229586907376606,0.9464857951797588,9,Clean_Die
0.06401289147758407,678.1403286334651,6.978787374118111,0.8270059313548861,8,Clean_Die
1.729739336585988,701.6604459217575,4.700252389734829,0.8429456614362456,10,Particle_Defect
0.12014495997499389,783.4512901940594,6.401962808738437,0.9726632085476228,8,Clean_Die
0.15060358989201217,770.1134936742435,6.457041032129453,0.9454408095443407,4,Clean_Die
0.1364650065323736,838.9757491703256,7.654715793451819,0.9022155696490572,3,Clean_Die
2.389628221754573,7530.714361626742,1.7196926828237606,0.45477210894440323,4,Metal_Short
0.20058428050544352,2260.2971532944252,2.8265408218218466,0.5812415241416886,9,Oxide_Pinhole
1.853361291600529,8415.88023131695,1.3305307181115669,0.40450560438852157,11,Metal_Short
0.05273279866347263,766.8243408077318,6.589098272024649,0.9517395579738317,4,Clean_Die
0.7562136492909748,98.07348904932178,5.219215123974427,0.6295920835587734,1,Via_Open
2.0580412291542585,7879.298991060954,1.5466565278415383,0.4352488119867387,5,Metal_Short
0.16980653859171402,2073.1388551453656,3.279706451765179,0.8036500539796156,5,Oxide_Pinhole
0.22083712417898332,2052.856208659996,3.666853493543241,0.6651671154791001,3,Oxide_Pinhole
0.15578277049928682,740.7694689571413,6.114642923387196,0.9847660256104311,5,Clean_Die
2.949056194275693,1080.3519588319984,4.468056990799713,0.7594314151043086,7,Particle_Defect
0.6731491853601181,175.12112493438295,5.183880294548176,0.44491693122147735,11,Via_Open
0.22764691621149286,2009.090253343513,3.1200343296151636,0.7409641766907475,1,Oxide_Pinhole
1.0710769904178645,79.42880149141843,4.955711798258397,0.6948267888453703,1,Via_Open
0.05,843.15859299351,7.493878688858931,0.9123112337074598,3,Clean_Die
0.15735819917321142,3859.0028205952076,2.7960147362971113,0.5338323277932612,2,Gate_Oxide_Trap
0.165471233615619,882.3538050537562,5.951287600161125,0.9261213484796946,11,Clean_Die
0.06796931507953989,785.9631450348959,7.7218052779942115,0.9560121411530653,3,Clean_Die
0.20589541939539346,8107.907987142207,1.6724288460978487,0.5449777440163532,2,Metal_Short
0.12090477779647961,904.3296554400134,6.873842940418178,0.9388555207422673,1,Clean_Die
0.14635255545383005,5450.538545098158,2.4421765861663527,0.37087672295743546,11,Gate_Oxide_Trap
0.23481017467866375,2100.9260537952614,3.981664032107658,0.6863592993226625,11,Oxide_Pinhole
1.3117151921318955,9195.21359709288,1.9836041768220392,0.5715778690735981,9,Metal_Short
0.9684519471100507,271.05400833962204,5.325040429861716,0.5487402706862814,2,Via_Open
0.06417826007916244,681.118271964838,6.997708786203398,0.8645689917010854,7,Clean_Die
0.21002318266387673,2349.351756250626,3.1808871889751478,0.5947515721120611,6,Oxide_Pinhole
0.1710206128484239,735.58698763329,6.827373924339276,0.8707262769090482,10,Clean_Die
3.471663154532935,864.2594835429777,4.304852121982801,0.6663092330171291,7,Particle_Defect
0.24298538006894987,5395.596119412568,2.8275441158405665,0.6324875082262271,4,Gate_Oxide_Trap
1.541326414759444,1272.2354503680417,5.337337663077823,0.5846882914124097,3,Particle_Defect
1.0544548556558606,9516.453206672388,1.8055852868238464,0.492605504401792,6,Metal_Short
0.15425020182878102,769.4081066619854,6.449882694772214,0.8550768851579589,7,Clean_Die
0.05,964.7088728677741,6.6532375146304,0.9658351079178062,9,Clean_Die
2.543495818685093,1312.3449115973133,3.9344952061960545,0.7788003518004607,6,Particle_Defect
0.1467435341120054,887.4925015105216,6.8031540392129815,0.8703063783693469,1,Clean_Die
3.645474107679327,1447.283830700581,5.428557701967533,0.6935873682256072,4,Particle_Defect
0.11202375204824898,5457.11001017798,2.97505057812474,0.6469284462536975,11,Gate_Oxide_Trap
0.10006982964854778,792.6023169805794,6.406230231439625,0.8823751422227363,11,Clean_Die
0.6429524081277063,204.4614740835222,5.512558258548734,0.5670399634230999,11,Via_Open
0.2535170278835511,5115.325576002365,3.0607586257368866,0.5618981716601107,10,Gate_Oxide_Trap
0.32822343973633517,1917.2752748039306,3.2820105414567715,0.8743939211914782,7,Oxide_Pinhole
0.3066470995754046,2076.0522733690154,2.21955525416684,0.7024749165964859,10,Oxide_Pinhole
0.1560035611263258,1042.8189146990248,7.072035406006328,0.8948547936598541,5,Clean_Die
0.07529013063686699,821.091750162225,6.224243740633674,0.882966813597835,10,Clean_Die
1.1160125480722978,103.6206615697796,5.531805352319923,0.6469177525137753,8,Via_Open
0.07780566876114221,837.9235965836704,6.73344653575088,0.9458582911749321,8,Clean_Die
0.1550393134501312,814.558661624313,6.2168684636363585,0.9554832390418898,11,Clean_Die
0.9173090211623549,187.8367017744996,4.869591810404948,0.6412931624779118,9,Via_Open
0.11348482738043388,933.8474730973821,6.858545048704322,0.9234340439530505,10,Clean_Die
0.08195633288974476,785.8973042405042,6.78307631165222,0.9210107410804032,8,Clean_Die
0.27091091098571035,2577.084981505475,3.6820235572278017,0.7860465301933817,9,Oxide_Pinhole
0.85866340269112,178.88674606954103,6.013773045809975,0.5403865282821679,6,Via_Open
2.427521868193787,938.6136606845175,4.00840725375482,0.6353092851504608,6,Particle_Defect
0.6852489690614864,50.0,4.864028530659105,0.6573271098066815,10,Via_Open
0.3504284006865906,1823.6959969284148,3.416871982018354,0.6782891859328293,10,Oxide_Pinhole
0.12912525463653135,764.3925668871053,6.388553630874561,0.9218467617356761,2,Clean_Die
0.1304504595484816,1009.6701147131026,6.41866255601524,0.8679460450156795,4,Clean_Die
0.36455933439136207,4374.671238120853,1.8143230293614296,0.5480082386225622,1,Gate_Oxide_Trap
2.3632191561815037,971.4404211725881,4.247512780229017,0.6111089557374211,8,Particle_Defect
0.8400364601420154,103.35786912256823,5.593339695676153,0.5189017712852846,5,Via_Open
0.37883436534021836,1436.5224389872271,3.989826121363508,0.6243897371983271,8,Oxide_Pinhole
0.5668112516678305,222.51802554098583,6.64497416800375,0.4837064528526217,7,Via_Open
0.09868625319573421,4461.646647005604,3.2051363694215405,0.4238235129720562,3,Gate_Oxide_Trap
1.503705268665549,7838.704762540309,1.4459984146104854,0.4519313848485098,10,Metal_Short
2.952033812642335,1373.2338897575876,5.867874897629935,0.6720271888687319,9,Particle_Defect
1.3284013483080481,8925.176226464228,1.763781556686374,0.19459254435301188,1,Metal_Short
0.41839680073480123,2392.3103065272667,3.2881394517223472,0.7099121840595017,1,Oxide_Pinhole
0.18443193856815498,773.0710650260683,6.150961961741625,0.8527160145242011,1,Clean_Die
0.2291087756732676,4171.13289980509,2.7639664061347453,0.5479820133768447,8,Gate_Oxide_Trap
0.11066294960038894,807.7979071324326,6.621988961221174,0.9408165305840062,6,Clean_Die
0.2465205910151857,4147.339746171891,2.541920472842782,0.7195225424359748,7,Gate_Oxide_Trap
2.666085829732279,936.6307373420188,4.211037836673604,0.4740873505651465,11,Particle_Defect
2.527954599451536,1191.6161509944297,5.907344241504806,0.5957757216014067,3,Particle_Defect
3.4558664673382875,1167.887233419375,4.218534678837369,0.7422521412645073,2,Particle_Defect
0.21575723351051826,4649.413335742827,2.478605758879579,0.508996401072094,4,Gate_Oxide_Trap
0.09905100956859952,980.0888654580166,5.850464280125655,0.8394582469702798,2,Clean_Die
1.207595306318125,134.3595050720717,5.267005301654739,0.5889427660950421,8,Via_Open
0.2603860481118475,4197.738956061659,2.7918001414932143,0.5986349905836879,1,Gate_Oxide_Trap
0.17860313022695584,3861.312839783817,2.3481242392823765,0.6730455410784411,5,Gate_Oxide_Trap
0.10648438801379288,805.6680235373668,6.213220655818853,0.9371798025832099,5,Clean_Die
3.0470429182675174,8235.29837845113,1.8972716802920573,0.5726541642177656,6,Metal_Short
0.10081937623327383,856.4058297287481,5.484907218773386,0.89888509267461,7,Clean_Die
0.11373986094455357,840.9728470577264,5.6469985735031045,0.8422167665687251,4,Clean_Die
0.8741991567954512,8634.991347118565,1.4060178298534405,0.5979904705404679,7,Metal_Short
0.1226596223290526,776.5170737587084,6.073659245423246,0.8730925867971495,3,Clean_Die
1.1938063222321749,8023.327585487477,1.7178584473910155,0.42988887680338006,9,Metal_Short
0.1178535895591282,725.1762506370349,6.364602782420905,0.8969258254147895,8,Clean_Die
3.1700101888156627,1530.129249784848,5.031466436608765,0.5691342171808128,7,Particle_Defect
0.13039443601335163,825.1222100115779,6.733163305565539,1.0,8,Clean_Die
0.07696190106503695,847.2411163625183,6.6051625250330215,0.9400655488999546,5,Clean_Die
0.10585302894266127,870.7433276427083,6.592302896774751,0.8903063574843667,3,Clean_Die
2.625121373504534,1500.8561984932735,5.5489702724308865,0.41844783299362687,3,Particle_Defect
0.6298273224269617,95.26688539042408,6.066990758876574,0.5909065435016825,1,Via_Open
0.3342524547272362,2207.389109979508,3.1033501656596822,0.7097792283547378,8,Oxide_Pinhole
0.06595086662627436,820.9823512955066,7.222582928495256,0.8391179232955563,4,Clean_Die
1.1241265540869207,9039.080633652016,1.7090324699897594,0.4702355994696408,4,Metal_Short
1.1232891855856135,7703.916088088832,2.3418259745883048,0.27320482488179876,9,Metal_Short
2.394673825207981,1394.0316162396552,5.192877237121102,0.5779131701358823,7,Particle_Defect
4.217047351154761,958.7244668422821,4.737257530807413,0.6914713549420295,4,Particle_Defect
0.07447996213339154,798.7717209106183,5.855845962291989,0.9055492919473266,10,Clean_Die
1.619794475409953,1032.309602758957,5.397150391677902,0.6438814082088081,10,Particle_Defect
1.15137195024373,122.40196299773069,6.044766795205383,0.5978967516528491,9,Via_Open
0.4109459360751428,1932.0922565229255,2.713324746363804,0.669912076429574,2,Oxide_Pinhole
0.1131153254365754,715.7083921147494,7.099150722894879,0.9038204533012285,8,Clean_Die
1.9300560839099914,8752.341067152887,2.022450603126902,0.45580214799125596,2,Metal_Short
0.2892505787523498,2311.8416908018135,3.140006278852927,0.7799433798194814,9,Oxide_Pinhole
0.1103906098909169,694.1289321612584,6.082892678729177,0.8918435993628515,7,Clean_Die
0.2176150546016406,1716.842268833557,3.2299054861973273,0.7617898970353065,11,Oxide_Pinhole
0.12801511213283573,768.1576909621263,5.815299092088993,0.9230007783371956,9,Clean_Die
2.5306498720298,919.6317083565125,5.723143528619387,0.6916693621795093,5,Particle_Defect
0.3646316526147706,4402.845959610913,2.797732695970004,0.727247312913862,4,Gate_Oxide_Trap
0.05727983845283241,969.9941643885404,6.391449410574762,0.9183253606812097,8,Clean_Die
1.0659588235841546,8071.217878912815,1.6624664499882815,0.4805425968780017,4,Metal_Short
0.08640213743661647,732.5472087800999,5.977226876507203,0.9937496343814686,6,Clean_Die
0.08607642925785611,772.6116604451474,7.228137961011109,1.0,8,Clean_Die
0.11783570183696336,666.2318736773245,6.54704207859493,0.8862017382851893,6,Clean_Die
2.4523751416737674,1010.7034951275734,3.8396041480054435,0.6665446453956844,4,Particle_Defect
3.0504614007961712,963.1935880874563,6.107534411020357,0.6197875500891123,1,Particle_Defect
0.3024214709720767,1726.263118321008,3.2005571176943906,0.82190405102801,5,Oxide_Pinhole
0.2627479029299056,5305.33334375716,2.0467134808552894,0.7138427582372927,6,Gate_Oxide_Trap
0.17481411507722694,896.1714981968748,5.866610542758437,0.9722244322025245,5,Clean_Die
0.18166302718287577,719.6461848384178,6.145442395821319,0.9482188481826666,2,Clean_Die
0.40329203181821704,2023.9763095389806,3.52996518518404,0.8128174173305422,1,Oxide_Pinhole
2.4162715905332406,1175.0264930631763,4.196889700751586,0.5077326117823896,3,Particle_Defect
4.244052572268636,1132.7707577882293,5.290526771170846,0.7083833371720069,11,Particle_Defect
0.0823632440119194,730.635699693566,6.540551338643576,0.8950071812816146,3,Clean_Die
0.2210308085373072,2297.397019101827,3.2721034632352217,0.7529965936531733,8,Oxide_Pinhole
0.05913286591030234,773.4521358584244,6.334022593226418,0.9763487032947165,4,Clean_Die
2.4027274928966946,921.4545223287474,5.45497652715104,0.6076288044085016,5,Particle_Defect
0.5412574531284251,123.06055628798137,6.1997108381887625,0.5736289918596491,4,Via_Open
1.4851349587342564,8807.908378819982,1.2317099109210594,0.3873673098118905,1,Metal_Short
0.12502789285346494,632.9597985197527,7.00583539217707,0.9561183779893412,7,Clean_Die
4.322925484701904,1295.2004973298838,4.826253209098664,0.8039181809021717,5,Particle_Defect
1.2100940165060723,7159.411373926762,2.0419407650501245,0.5064525996199399,3,Metal_Short
4.25108068595941,1001.1422339621923,5.350388269019159,0.7614689048212933,6,Particle_Defect
0.9228554972846993,208.3323930389002,5.576043553972361,0.6956525463783162,1,Via_Open
0.10202722663887441,773.7232759441602,5.865918947863826,0.9095090127166044,8,Clean_Die
2.45878909498678,1300.37859638928,3.7629022912630155,0.7111105116602167,11,Particle_Defect
0.3746129577544829,1761.675822851951,3.989276247747208,0.6540944228053862,3,Oxide_Pinhole
0.06245239964048451,718.5135272363627,6.461591811656337,0.9587745377280992,8,Clean_Die
3.6105104341297247,1151.812372916266,4.1635728763202975,0.810136223620365,3,Particle_Defect
0.39352026594610057,2051.602447487763,3.504893092836106,0.8182243257590471,4,Oxide_Pinhole
0.05,766.4832211537301,5.969443233601956,0.9440196312560328,10,Clean_Die
0.07385312601293983,686.9485972584642,7.084868718465679,0.9320526735909826,4,Clean_Die
0.11191730935649852,655.4023601849692,6.602431723465911,0.9201114572539312,9,Clean_Die
0.1719646671351136,4964.960616781532,2.8621266078068994,0.3647491671061591,11,Gate_Oxide_Trap
0.20350304708250935,4057.0876757262795,2.547630327165128,0.4602198254480651,2,Gate_Oxide_Trap
0.5530189782081227,50.0,5.3918495407898765,0.43911432614231605,6,Via_Open
2.8060827819268463,1390.5584851326087,5.887678968793949,0.6754697106533799,4,Particle_Defect
0.452997431008744,2294.137677514259,3.7162407538442674,0.7510664699451588,8,Oxide_Pinhole
2.312886182182627,8966.287544871342,2.1606243469699207,0.5809840941920543,5,Metal_Short
0.09022129649083552,981.5178853812671,5.938032205058099,0.9525354543284764,11,Clean_Die
0.24660431896848034,4528.679110075522,3.1857456056208036,0.5216049175089383,7,Gate_Oxide_Trap
1.383431566885679,8437.849620917505,2.1232639988504407,0.3974036998230133,3,Metal_Short
3.958974194483683,1023.7234923310751,5.604182472764671,0.4925440935444926,1,Particle_Defect
0.5060062784651722,168.47155404552535,4.813524712777847,0.67363139157961,4,Via_Open
0.05838899762220523,749.2907612072473,5.509070976160581,0.893033796414188,7,Clean_Die
0.08049771638365456,675.5744087402197,5.4468550257596595,0.8419514193060722,11,Clean_Die
0.9706235214196373,81.24370928533753,5.498773282118236,0.557977116234606,10,Via_Open
0.32997318485398985,1860.0577323220336,3.5541241599023192,0.8617893370928054,5,Oxide_Pinhole
2.911996095038465,1082.779489973493,5.338715784452179,0.6651778103065188,1,Particle_Defect
0.17196841192900456,1022.6583212196925,6.2527837136506985,0.9138896295556806,2,Clean_Die
0.21735686864833725,2052.5843309969923,3.0162212133355846,0.7820287045137723,2,Oxide_Pinhole
2.3109788511231177,1005.1853379855204,5.452419557001484,0.7912777088549285,9,Particle_Defect
1.6251932990592965,7851.097102486499,1.883588402674538,0.5178000859593399,2,Metal_Short
0.09595634069095899,773.9631470597456,6.665050927267839,0.8434367448830526,9,Clean_Die
0.1889470327093718,4795.222320086078,3.1987675999877245,0.48966659177729316,8,Gate_Oxide_Trap
0.3346848545997296,4711.569561708151,2.569421510562595,0.4926791482113173,5,Gate_Oxide_Trap
0.12377404792609967,954.8041933554052,7.468194950794755,0.8804875520266655,3,Clean_Die
0.1696965709614527,994.6300253432591,6.248886607162342,0.9473107879082249,4,Clean_Die
0.10155123502068457,863.9798600430819,6.358029135603463,0.8745741136578291,2,Clean_Die
2.6678006604962956,1442.0726308698172,4.918325242840838,0.6515501714912124,2,Particle_Defect
0.13318047882541703,868.9764842781269,6.89368840386548,0.95386774229688,6,Clean_Die
1.205270044611403,150.88915575451733,6.267631305978171,0.7537741051884725,9,Via_Open
0.06733411157303201,561.8353932164711,6.3202719154003075,0.8478937804137325,11,Clean_Die
0.1472007000968993,749.642175038057,5.900878758567462,0.9220275792931948,11,Clean_Die
0.055698575484368726,792.5665303800613,5.890259942429036,0.8850175903163076,2,Clean_Die
0.1645239521224688,793.117348700461,5.446565979368885,0.8471434885673096,2,Clean_Die
0.08853769397716695,846.0109420010353,5.701002857762098,0.9655095586773015,6,Clean_Die
2.907570488641155,1140.8563830112753,5.32965441813867,0.592142400109825,3,Particle_Defect
0.10580719173669499,798.5897140695422,7.2322555549656755,0.9697380992303111,2,Clean_Die
0.05,722.2532264572512,6.716669452761057,0.9485870736065644,3,Clean_Die
0.05,843.3746688753056,6.207694899836733,0.8844488514592719,8,Clean_Die
0.21874012226559153,1674.2870814540083,3.2730860547233944,0.5192056417335809,4,Oxide_Pinhole
0.05,858.2917712091248,6.250668832575354,0.9452225196468814,4,Clean_Die
0.1389048526433364,748.2678880542258,6.740212556755698,0.8749913931424104,1,Clean_Die
0.41769759608988755,2377.8502389491478,2.745135986627573,0.8267114617716883,8,Oxide_Pinhole
0.17079007578929623,718.766206487402,7.0761408643073676,0.8707532971864153,3,Clean_Die
0.11391092270001169,752.6060339522408,6.887949830825624,0.954321903260764,1,Clean_Die
2.569463722488129,1337.9624968339326,5.469452706820397,0.6671940894922045,5,Particle_Defect
0.09300361934096191,2159.248193954087,3.4695698090289024,0.6892051104345553,2,Oxide_Pinhole
1.4103997462086313,8033.038096466338,1.9636533283411155,0.5482267880351185,4,Metal_Short
2.4911740284628,1182.9937344106486,4.791884684591451,0.6571281791005678,10,Particle_Defect
0.2657171398584509,4344.123371030197,1.8466872936974454,0.590877229145709,1,Gate_Oxide_Trap
0.10869301446673034,726.5359264171826,6.3167072562774305,0.8947169480770903,9,Clean_Die
0.09316013438167023,821.9895763443571,6.449667949509642,0.9466824928651413,5,Clean_Die
0.6435475191002337,199.36036314339623,5.433869476685452,0.4932743586013393,6,Via_Open
0.08601310123129709,752.03112361315,6.909390708029859,0.8749480703855466,4,Clean_Die
0.13014372654050166,4087.6052452887247,3.128980567003298,0.67622891450217,11,Gate_Oxide_Trap
2.94796918527099,1254.9819621719862,5.072616964909246,0.543517696563529,3,Particle_Defect
1.4369905821355242,8337.355761481838,1.7679251010443704,0.5279257196028656,7,Metal_Short
0.6297873970011918,136.27887847350175,4.9748064259689935,0.48950731070091047,4,Via_Open
3.170435726509728,795.2053114637499,5.174877076582784,0.41258272880625835,10,Particle_Defect
2.4278566288402366,1389.4150397945155,4.329307457343366,0.8355932593142997,3,Particle_Defect
0.17767614942106444,4181.537730122029,3.447168686175456,0.3424836108803172,9,Gate_Oxide_Trap
0.7415622811900208,96.65529039263765,5.837260740506024,0.7374774814319571,4,Via_Open
3.2909969723073216,936.4276991751996,4.670139332306038,0.6227019069757657,4,Particle_Defect
4.104926857291165,1023.0181185823764,3.881234517274174,0.919497408217151,3,Particle_Defect
2.6378019426141446,1120.1425732753198,5.785272188623063,0.7897288909954012,7,Particle_Defect
3.77403361799814,840.1364104014751,3.6991973461965326,0.618698024993012,3,Particle_Defect
0.1299538767802717,606.3335882339404,7.718794207081341,0.9175888055101371,7,Clean_Die
2.137005695244939,1290.6239566750967,5.392628012065898,0.8037789611936208,6,Particle_Defect
0.35907027122326196,2387.462339234813,2.8653210697853546,0.6610868418491819,10,Oxide_Pinhole
2.7299991064497235,1204.2804214861428,5.305788668179662,0.7210015188870021,7,Particle_Defect
0.07812167204726828,829.548825831446,6.961694336586953,0.908821569316474,4,Clean_Die
0.42491689289131707,2118.6425664225576,3.0525714549941583,0.5632524035757033,7,Oxide_Pinhole
4.413629180562304,1539.6354562308893,4.906268867352722,0.6710194160608691,6,Particle_Defect
0.37382193396984487,4382.036648906071,2.068849365143281,0.5994731629020553,5,Gate_Oxide_Trap
0.18605848672593223,817.0290594129718,6.73513036513458,0.8704153780580395,7,Clean_Die
4.40620352544158,1117.5701626270718,4.6148835065195675,0.7400731842521495,4,Particle_Defect
0.333382341466546,3399.093775685006,2.255417853088579,0.4523092336705385,2,Gate_Oxide_Trap
0.41343873395542324,1746.375441261422,3.0237534220457443,0.8700497348790652,9,Oxide_Pinhole
0.7022998116565005,108.00113893117268,5.472993580473719,0.6866006304170719,7,Via_Open
1.4019423724471716,8946.770045202136,1.4899441653325716,0.6689182450310243,6,Metal_Short
2.1597148301513993,1159.54977939198,3.566155165542228,0.5890019962318002,10,Particle_Defect
0.06623239139672246,745.3063975600851,6.217485725866443,0.9192125645218764,9,Clean_Die
0.7278472977441457,179.85882369305986,5.1055199322405755,0.3989152087428772,3,Via_Open
0.1328595755694707,722.4042225975293,6.062409128159247,0.9204668205269552,2,Clean_Die
0.22301236038379246,4596.595412722035,3.0959125651767945,0.6037301703252859,9,Gate_Oxide_Trap
0.3398214659634975,2383.1118453131985,3.150586151424354,0.6281651675848613,8,Oxide_Pinhole
0.28451015311683725,4285.117634698122,3.2086002045912467,0.6387193060727347,3,Gate_Oxide_Trap
0.054623857353930355,2454.8913905546015,3.9749686139112,0.7236665197095545,10,Oxide_Pinhole
0.1870847913086502,2282.409821701161,3.2177997643040435,0.7285836295290631,2,Oxide_Pinhole
0.07584107961480255,911.6247712772497,6.332030714977533,0.9148441935846652,11,Clean_Die
3.8760339711325638,1403.6782155732283,5.5513774253058195,0.6503037892123533,10,Particle_Defect
0.07132591030295878,804.6052421642542,6.482293788456164,0.9078802295755474,2,Clean_Die
0.09825239631948093,675.8751417558134,6.320791294231195,0.9180779963157121,4,Clean_Die
3.3041099588682123,1474.9420590934071,4.118238029912488,0.5481072973431853,10,Particle_Defect
0.15428635785586647,760.1492111189334,6.956275553933803,0.9443419864182255,2,Clean_Die
0.5732675618807594,172.5607405311802,5.429597161328803,0.6475443753117919,1,Via_Open
0.9642506112971763,103.86602796282969,4.413083324327886,0.5444844910119487,2,Via_Open
0.21192217582507733,2213.8699344803395,3.6031343164167677,0.7131344272379535,5,Oxide_Pinhole
0.08820786962225442,826.9617665781429,6.928411959628674,0.8701722376223813,3,Clean_Die
0.17177548633869333,4432.654372750062,1.9689920767145541,0.5306419101303214,10,Gate_Oxide_Trap
0.2817468046038641,2052.9686274530354,2.8920524212445877,0.7642201616923613,1,Oxide_Pinhole
0.05,875.1414092165389,7.642966273499894,0.8668837628821986,9,Clean_Die
5.022564999267478,1091.7878828929643,5.005250154641876,0.6838551757046682,11,Particle_Defect
0.21613000133647386,4791.988568862999,2.584860681497816,0.6055572759632293,6,Gate_Oxide_Trap
0.13183604783555689,4494.562799627365,3.1670766484471957,0.6703493572094406,9,Gate_Oxide_Trap
0.05527758308552992,870.1286981018312,6.801976277903489,0.9245625523779528,8,Clean_Die
0.05,638.6447056311367,6.95541599062515,0.8985252257193287,5,Clean_Die
2.9119796640812226,1196.3804975318833,4.913394584751569,0.7719872592301701,8,Particle_Defect
0.07713966914604395,989.9552250721729,6.302395359477936,0.8985432983548614,9,Clean_Die
0.24966330218671481,5163.811065244659,2.7020243777773634,0.4878475217134177,3,Gate_Oxide_Trap
0.1489724098320279,4409.1876904738765,2.147821046343732,0.5658775503268281,7,Gate_Oxide_Trap
0.8734058609084769,167.75164663262998,4.7502877868480695,0.5739703679270363,3,Via_Open
0.12431525456087039,806.7562290431688,6.32185459466489,0.9081821936557967,3,Clean_Die
0.8712759854195419,174.51843854468328,5.2120536884244,0.593402692132794,5,Via_Open
0.05298870045606474,4252.61405505662,2.3838874082373334,0.603298267265491,4,Gate_Oxide_Trap
0.1734103643238737,4177.521877029611,2.259152539317602,0.37108917728542684,7,Gate_Oxide_Trap
0.16770581030331635,4153.24168239453,3.992102919946051,0.462882544194164,5,Gate_Oxide_Trap
1.2838657185794373,8009.315263220997,2.0431544123589447,0.5977878139473115,4,Metal_Short
2.92229015551224,1526.5880115002994,4.125406534012001,0.6526562259257189,4,Particle_Defect
1.6042211734266711,7893.33865279888,1.5587353352714897,0.541370776790607,4,Metal_Short
0.24097633907368615,4945.237645354201,2.755606333145466,0.6900211638850483,5,Gate_Oxide_Trap
0.2614408772482307,4932.492499698022,2.18747815061662,0.517821295370773,3,Gate_Oxide_Trap
0.4828304013414099,2377.360432056976,3.6289222296501578,0.6830399784605605,7,Oxide_Pinhole
1.7942237265603536,8062.822101318219,1.652159209069439,0.35860075681048403,11,Metal_Short
1.1606661227532586,9143.008201437762,1.4096912483105912,0.3668463687665692,4,Metal_Short
0.24833929330552096,2128.567238273415,2.9772252691690366,0.6135176296647726,6,Oxide_Pinhole
0.4586179297943378,145.18485168979637,6.280488443884998,0.6540075674343058,3,Via_Open
1.8615854040530289,8950.970329013546,1.3386216281060412,0.4158631313260829,10,Metal_Short
0.09011734007988566,3884.0639845673,2.6269804121056457,0.5731840681469184,6,Gate_Oxide_Trap
0.06687951618082347,752.1481219242772,6.002887176899901,0.9516090290483744,6,Clean_Die
0.6376079193856053,66.04706910488032,6.095674355382432,0.49290058646635493,3,Via_Open
3.9407491801811485,1258.55670273443,6.059903738936742,0.7165485429575018,5,Particle_Defect
0.05796686177505547,860.0746313852707,5.690998085698693,0.957646863471978,4,Clean_Die
0.9041334664116458,185.79550518103332,4.889981089609369,0.6620988783897074,5,Via_Open
2.730104605579277,1222.4146072100514,3.9855490840369745,0.7572925491702903,5,Particle_Defect
0.06267306472833861,870.0291130719521,7.0840516863125425,0.9299358246926226,3,Clean_Die
1.0397537351720156,134.6502284101556,4.941409319961638,0.4720401785972307,4,Via_Open
0.08216869472743149,902.3126877386239,6.917509071464269,0.8888224752066546,10,Clean_Die
0.07236881926722906,933.306175907242,6.593764735401422,0.9170143079435832,9,Clean_Die
2.7899222089005624,527.8247478895429,5.536831284933863,0.6417457547707762,8,Particle_Defect
2.0591521115147273,8226.323458092404,2.1820984435219706,0.3647348774652753,7,Metal_Short
0.7002981995726355,157.00795448173326,5.996698108416062,0.5046218224361926,4,Via_Open
0.22196643748798126,4518.343856798758,2.783129862834384,0.5352731178602758,1,Gate_Oxide_Trap
0.8776882203157944,9308.464373309094,1.850829952745577,0.4692581299104929,7,Metal_Short
0.7607107878532641,138.94290048983842,4.958685661029213,0.5080215508954112,8,Via_Open
0.17515801494900723,834.483812538844,6.517638450115665,0.9201382477709195,1,Clean_Die
4.553942728191352,1017.6237708437467,3.969100410620047,0.5636071335460376,9,Particle_Defect
3.201101953336742,1410.4513620191346,4.199266671298846,0.7576718747156543,2,Particle_Defect
0.07862463108704056,733.2129769737098,5.950174495373651,0.9523389413407894,9,Clean_Die
2.036736523215634,8752.028064123624,1.5436115702740665,0.5206041826020062,3,Metal_Short
0.6048694237084702,136.92027503185722,5.792672581668428,0.5509169439391403,2,Via_Open
0.11501461405611874,4119.747466371684,2.37039933749912,0.3404782735802433,8,Gate_Oxide_Trap
0.11114301478316713,3866.1323757688306,2.825573123399721,0.6512903112368801,11,Gate_Oxide_Trap
1.0345404709476238,173.82664893688784,6.364251753191535,0.8094153934649878,7,Via_Open
1.5928297424295583,8910.017642799834,1.257763058050124,0.38431682914162224,9,Metal_Short
0.11519970210289895,655.7046131297526,6.587987074495599,0.9423824655426872,1,Clean_Die
0.08101836833987346,785.6585265281369,6.443844519066847,0.8928182008990954,8,Clean_Die
0.25976667780654206,4727.720695134779,3.059019731996186,0.4847130997741444,9,Gate_Oxide_Trap
0.27283199737652375,2412.5958717569124,4.155613203623276,0.7185132929453836,8,Oxide_Pinhole
0.19996534949933734,4486.195587311915,1.941098761669852,0.6245846804604196,3,Gate_Oxide_Trap
0.1729662899876992,902.1881332612335,6.488656816882286,0.9722894065698919,10,Clean_Die
1.2960748693103177,7662.748642569625,1.6357974467366074,0.34392346074520824,7,Metal_Short
0.08099834517489683,826.9717833273937,6.752548380980157,0.9472842243120755,10,Clean_Die
0.49656289562428635,2073.8845273995535,3.437716654714935,0.6933092202774743,6,Oxide_Pinhole
1.958390129150204,1356.7565190610599,5.67467667235662,0.6539957503019205,3,Particle_Defect
0.1594058909043428,717.6510704150414,6.687847349265017,0.9407231812785545,6,Clean_Die
0.13462915244732146,4608.262400459438,1.6389329905727208,0.523261147568646,11,Gate_Oxide_Trap
4.228004833199973,1061.2630756893684,5.0757374722639055,0.42490006569454053,2,Particle_Defect
0.2077765679544518,4293.159868102595,2.5528939719901165,0.4986087091995477,2,Gate_Oxide_Trap
0.09452361693564214,772.2678681325307,6.400339901422768,0.8733658829787738,1,Clean_Die
0.16853420431847888,4430.626265398481,2.9920714887799598,0.6742254780719653,3,Gate_Oxide_Trap
2.7768481626836143,1155.91709757701,5.245514287935832,0.5920589955914516,8,Particle_Defect
0.2812834876331707,2205.9725919281987,3.666945928506311,0.7253538096959296,11,Oxide_Pinhole
1.2075848511738017,109.33050289073955,5.425092660639133,0.48367479949883746,1,Via_Open
0.05,799.9091325686184,5.635575072750045,0.8807426611465745,6,Clean_Die
0.06842232218513972,933.5254138380369,6.3446742793843525,0.8712152740810872,8,Clean_Die
0.0710051722017066,688.402158233309,7.361100180429976,0.9113806204592477,11,Clean_Die
0.0922938759761179,753.6235387202238,6.971668632982297,0.902748006544615,2,Clean_Die
0.9936923522651219,88.45450459192517,5.57320728055842,0.7076280909571926,1,Via_Open
2.0376502032348047,7406.754709656843,1.9438987598323856,0.5430064759218554,10,Metal_Short
2.2381661888237803,1345.4634520110271,5.035795017505125,0.6428824746368219,6,Particle_Defect
4.07949654477553,1043.2369203631447,4.355928668485505,0.520143410291332,9,Particle_Defect
0.11825394171659155,901.2443588689835,6.120433568861371,0.9494355737200998,3,Clean_Die
0.2144021058278094,4129.437152732786,2.6539548076556234,0.6278356664845595,3,Gate_Oxide_Trap
1.116891070766385,102.5215218320144,5.994189076000831,0.6826265838080448,3,Via_Open
0.07184785495304805,778.9035344392894,6.381204783656317,0.9903980241066918,3,Clean_Die
0.16693854868587388,945.4205307830521,5.855796707723316,1.0,9,Clean_Die
0.12288177856182907,4969.760631776899,2.9442778317537077,0.6570962402745963,10,Gate_Oxide_Trap
1.50048800957372,8698.141156373908,1.9521511592183027,0.6106270993668435,4,Metal_Short
0.2232445488103661,2630.7113329181957,3.4159434024497877,0.6872918025376096,3,Oxide_Pinhole
0.43878633662755934,182.26737280000594,6.355747451778102,0.5791265557109032,8,Via_Open
4.128507452457846,1268.3345694111874,4.5003090089985225,0.5822633431304409,11,Particle_Defect
0.8308186251165973,104.97069298502234,4.583454573779153,0.6382149914804729,3,Via_Open
0.2452810982433397,3820.4111260523223,2.6650827723448627,0.7307991799412384,1,Gate_Oxide_Trap
0.9259288097580559,149.18960734935408,5.142283227895991,0.5180984824494937,6,Via_Open
0.25294163553370524,1630.1405641505899,3.595003236823457,0.7838147399364814,1,Oxide_Pinhole
0.1286479521194635,953.9503543760875,6.696773202328522,0.8775891583122583,5,Clean_Die
0.6360366972770009,244.6336756103633,5.268207284081239,0.7703280422065859,8,Via_Open
0.09163100933822002,848.9591876539426,6.788898489938628,0.9174523172789419,4,Clean_Die
1.9543060043887395,9479.075613271638,1.5134462263112956,0.42185246139555965,3,Metal_Short
3.8532862134865318,1176.366354621183,4.376584065964428,0.6726452057131678,9,Particle_Defect
0.8997543315793822,113.07247859760156,5.840823280940896,0.5012051376772927,10,Via_Open
0.05,451.7629885573204,6.874322827728807,0.7979117663639343,11,Clean_Die
0.667218468074812,148.79073295319247,5.650110061219891,0.6265719069287734,7,Via_Open
1.2276128673693885,209.7961544677291,4.731707556217415,0.6740394318421845,11,Via_Open
1.5245468155420172,9106.919548279144,1.8498293151629512,0.3842809894077918,6,Metal_Short
0.05,912.4036977463604,6.889017417561359,0.8970065854232117,3,Clean_Die
0.20291031420132788,841.598447886046,6.659557632138496,0.9553021412839411,3,Clean_Die
0.05,761.3623863906488,5.986526640408568,0.9192208897443153,9,Clean_Die
0.11867294570972628,767.5022701251524,5.311806292378538,0.9347281597244287,7,Clean_Die
0.1286953060813549,690.1695284684037,6.246850591795868,0.9272030834672921,6,Clean_Die
0.16967719249677465,866.632230501533,7.111717592385636,0.9374399402378278,3,Clean_Die
0.11563308437066294,2107.7394594968478,3.381351925741839,0.7727909164151727,10,Oxide_Pinhole
0.2839622890462305,2289.6982416534875,2.913169199512152,0.6597399058031722,11,Oxide_Pinhole
0.06916282576914155,936.9733397197795,6.945199247738369,0.8612522086870099,11,Clean_Die
2.138965870710795,8924.520697978254,1.7486630438609008,0.3066143655140875,2,Metal_Short
0.17860543385865932,4605.195724969069,2.385981648047708,0.6315664368742289,7,Gate_Oxide_Trap
0.3108548158276421,1955.1222261980834,2.985395976142551,0.7630080196522955,4,Oxide_Pinhole
0.061355781212133385,661.5876174122888,6.096312965366283,0.8736326157999563,3,Clean_Die
0.10585791289608787,727.9727537109134,6.095155490755678,0.9353662874673093,5,Clean_Die
0.21781023427473015,5582.745359546578,1.8274084237081554,0.5431240173170397,4,Gate_Oxide_Trap
0.13274213461130457,3887.6654045747387,2.7899585923671277,0.5906898134178669,11,Gate_Oxide_Trap
0.3004378883468581,2372.5341467665435,4.182991489001701,0.7519203286656837,1,Oxide_Pinhole
0.39149296628967617,2599.2122149069055,3.229138470282247,0.7145663944111346,3,Oxide_Pinhole
0.24181414521984074,2502.2431354288146,3.0239912860374867,0.7617974176132796,8,Oxide_Pinhole
0.11691897580203407,795.5709539408471,7.510370608218315,0.977875956545722,1,Clean_Die
0.22963870617243293,1629.8662410824536,3.56467637525732,0.7793738749971125,11,Oxide_Pinhole
0.32272692570347006,2797.932786023142,3.2255014345354285,0.8150377655219669,3,Oxide_Pinhole
1.637153363473261,8657.519452927118,1.809855972227079,0.38344613561614665,7,Metal_Short
0.13279316481190895,4731.354189130752,2.3847276163327256,0.5413200199137831,2,Gate_Oxide_Trap
0.12048951615635875,845.9427705052153,6.678516179243664,0.9689406844530299,6,Clean_Die
1.6377764226812899,8060.397614145275,1.72344232140383,0.3188140491985155,2,Metal_Short
0.16021702726072917,4310.843125731626,3.2028605006075344,0.581322339273399,9,Gate_Oxide_Trap
0.3210180953522215,1883.779368049654,1.7789973886264692,0.7098127289916947,2,Oxide_Pinhole
0.0999359857763153,611.8399556973724,5.538591721891597,0.8853982407794062,6,Clean_Die
1.8146045814777811,9648.890143061157,1.802116457499334,0.45788359720387767,7,Metal_Short
0.27462442050768304,5458.324966463816,2.0586683333966103,0.5493763853835114,3,Gate_Oxide_Trap
1.665624450207151,1650.4137549855034,5.296009422144801,0.4897381091230406,10,Particle_Defect
0.1771624219037927,4912.430706457745,2.761235603240416,0.5804803575034544,9,Gate_Oxide_Trap
2.7042672513702066,1258.360647745537,6.268077389843516,0.7651886514546533,11,Particle_Defect
4.162757540493278,1256.5032554598583,4.437624439975204,0.5815548990415113,4,Particle_Defect
0.12465474574818922,4783.22543139388,2.434120738473331,0.5402743854958554,9,Gate_Oxide_Trap
0.6981621755983447,200.69013822499687,5.084640240339465,0.6462239796062319,4,Via_Open
0.05,653.7849844724137,6.547386007204154,0.9802846127507829,7,Clean_Die
0.06906850444297671,4157.569318056955,2.558459130356668,0.5428683464386647,8,Gate_Oxide_Trap
0.22394294570996276,5069.143133269562,2.4340554861628774,0.5958057853499282,10,Gate_Oxide_Trap
0.05,676.1240548715018,6.849214909846806,0.896975633780141,9,Clean_Die
1.170807955787871,8606.544444662339,1.839010241568597,0.6341701526903278,1,Metal_Short
3.0840893015690347,1082.3491425718462,4.763995395093299,0.7639045163310436,1,Particle_Defect
2.8748152920620216,1328.0598405566761,4.803995784683161,0.7582713963749143,5,Particle_Defect
0.09482961071324664,925.4364029265464,7.046308360193551,1.0,10,Clean_Die
0.07979691014672045,4251.083723606626,2.1230949916919704,0.6050203030219391,5,Gate_Oxide_Trap
1.3272994457590799,131.46307786839654,5.485557607091158,0.6546467745477075,11,Via_Open
2.7485040303231356,1116.2294540764017,3.687326123048818,0.7096531343696608,11,Particle_Defect
1.1452689695795186,152.98739115099718,5.958187498713052,0.4946770521643732,9,Via_Open
0.28046483090938334,4412.245198463381,2.3263427387972553,0.5196422784821549,9,Gate_Oxide_Trap
0.05573956804317665,874.9529546532357,7.209107405274495,0.9197481921093557,8,Clean_Die
0.05,4729.227104615279,2.5849859119332383,0.556574950888134,3,Gate_Oxide_Trap
0.15983450906497676,798.3718494257955,6.645829719135703,0.8734139442919191,11,Clean_Die
0.0965081803574271,731.761506954172,6.344378350094244,0.8882008252445136,9,Clean_Die
1.5007428689481146,8709.604024077948,1.4448822250326936,0.541799224001645,7,Metal_Short
0.08835006913638528,875.126012740699,5.302300221108828,0.881299781798756,8,Clean_Die
0.9698743947975692,60.925737519989056,5.428716120893596,0.5312443473795025,6,Via_Open
1.230287587888111,9130.288997473359,1.9179498919472182,0.44250350922704357,7,Metal_Short
0.13912284707051906,866.7167524009478,6.591514894252933,0.9517247349605494,3,Clean_Die
0.43947968979316726,2384.1315843881143,3.003637225436125,0.8473473474828683,3,Oxide_Pinhole
0.4054361172687918,2787.4915691533183,2.9107346098039377,0.6619082219869771,1,Oxide_Pinhole
0.6102351120052387,134.31841467991947,4.85297754239649,0.6369213531746055,3,Via_Open
2.5083507308531168,1016.5858319100478,4.275423377047212,0.5833358862497198,10,Particle_Defect
3.0605378945490256,1102.2136274095808,4.785900034194442,0.7150178478844914,4,Particle_Defect
0.11308130142122814,816.5689608851629,6.994149344186209,0.9077240900981911,9,Clean_Die
0.33880846746494697,1925.1822454149672,3.594680630033302,0.6222021212938249,4,Oxide_Pinhole
1.7262396288297792,8661.33799504276,1.834436587566996,0.5466143461399587,8,Metal_Short
0.7727860124881275,182.65006322213475,5.527338079988126,0.5582188259539894,10,Via_Open
0.12068440139217428,790.4126958327649,6.156258098641756,0.8594349680399276,11,Clean_Die
0.10961129434609897,999.3304767480372,5.7898012370516305,0.9566319511712076,4,Clean_Die
0.7221693178202657,104.48544333225229,4.661888288782348,0.653673910913122,5,Via_Open
0.19999206095687044,773.0108919603805,6.55025228735136,0.9046363149106812,3,Clean_Die
2.4318785956010673,1282.0936980989738,4.4770779539241525,0.714729124088732,1,Particle_Defect
0.16443077354332736,882.8668611277942,6.519321522596054,0.8930266571621615,2,Clean_Die
2.7082783155184202,1198.226735627218,3.8159669564919123,0.7707834680968382,6,Particle_Defect
0.11902296683950142,754.747980853313,6.971776635637409,0.9472745218864205,2,Clean_Die
0.12151665265251195,4166.952732050392,2.3069876596364587,0.3470561494723434,3,Gate_Oxide_Trap
1.7066845367963652,7818.776593034939,2.143787962500052,0.379513704183497,10,Metal_Short
0.5201114443507953,145.02957028641848,5.448683686473913,0.5742342705700599,3,Via_Open
0.1591481066040944,818.5339172873312,5.664485821763251,0.9054295375328303,9,Clean_Die
0.05,861.5335782162202,6.581168457424608,0.9376060336904509,1,Clean_Die
0.1394595476607127,631.4430170897477,6.438405985446575,0.9359021781262947,8,Clean_Die
0.09455277391602175,800.9647558615582,7.218069039344786,0.9180198223293579,9,Clean_Die
0.4038659624704432,2419.47870397801,3.7569076270988866,0.6652681435753124,7,Oxide_Pinhole
2.8988445763061903,1290.4775451691733,4.334677909338857,0.5825684159670029,9,Particle_Defect
1.0158536435931964,216.20402147522745,6.041172079624381,0.6751068000465865,7,Via_Open
0.12390210190091414,1075.5991504864573,6.519970071466053,0.9535468108961043,7,Clean_Die
0.07094484368160574,723.968228395208,6.390958859938838,0.9370782670054119,3,Clean_Die
0.32149874068581824,1699.2233451341083,3.3200122691631453,0.6801634437616256,3,Oxide_Pinhole
0.12922216160629468,839.8234266273689,6.023834577293828,0.9823889893740638,11,Clean_Die
0.27053549043486746,1691.2200855666974,3.4481836253833573,0.788269351581938,2,Oxide_Pinhole
0.2241174721708144,1833.2172570129978,2.749521941531471,0.6987959845468309,2,Oxide_Pinhole
0.3086880476580574,2710.3294417499,3.0162213005167646,0.8079320300951944,8,Oxide_Pinhole
0.17010101795171167,4110.983521328105,2.9585514108687976,0.4036339821783286,11,Gate_Oxide_Trap
1.7595031294042305,8956.875635447723,1.9933479337254145,0.3857069518882109,4,Metal_Short
0.05,680.6752464749502,7.13637886613183,0.8373157054865594,7,Clean_Die
1.122753458607119,212.18612085740992,5.424546121795697,0.7372501431275557,5,Via_Open
0.0713877843632792,965.8569738822215,6.9465157013354055,0.9155875538869553,7,Clean_Die
0.07869492554965876,847.3883286107408,5.61214341579692,0.9769935725828398,11,Clean_Die
3.0004753666612984,1260.447789483208,4.6106718631243115,0.6587768132809312,9,Particle_Defect
0.0759037247893496,730.3729072602255,6.174923182872129,0.933010029468816,9,Clean_Die
0.25424195802042066,4637.63965047508,2.879028845425142,0.48245444245104174,2,Gate_Oxide_Trap
0.10214113412946993,823.0359892672569,6.610995774518975,0.8384676525507978,3,Clean_Die
0.3365798512386846,4652.152114369657,2.5820452510516656,0.3760905805619744,1,Gate_Oxide_Trap
0.09365893034314535,4277.362806958853,2.8900867671274724,0.697385032340557,3,Gate_Oxide_Trap
0.342685777791117,5287.649738032737,2.621582536895717,0.5974295852526228,7,Gate_Oxide_Trap
0.9025295532899105,55.08936981013352,6.0778381389293,0.48911484775831615,3,Via_Open
0.7705545809206029,95.35639023174488,4.711983551858435,0.5774645841243383,10,Via_Open
0.05,792.4453308316884,6.788868162893663,0.9480199217917766,5,Clean_Die
2.6663055440587486,1104.01098352872,4.053641170752519,0.5186396984377428,2,Particle_Defect
0.12644709622153089,3555.576734734243,2.631406884840024,0.6102500840637434,6,Gate_Oxide_Trap
0.2630823462260555,2297.0853922061597,3.007642768704147,0.7393632193584512,6,Oxide_Pinhole
3.3479999582658784,1355.5060626890236,5.677564790942185,0.5293463984477227,9,Particle_Defect
0.1893938073330917,878.0174195250362,6.877937279042727,0.9199991789442866,8,Clean_Die
0.07076704541552337,891.0735503762807,6.810376646369063,0.9043438434846715,6,Clean_Die
0.08972596430120264,965.34504465807,7.320801618645861,0.9048446622012648,3,Clean_Die
4.124062773495238,1242.4101584459386,4.552213759311785,0.8158316213375962,8,Particle_Defect
0.06807384377859849,703.6946081268738,5.324432100631525,0.8532846082188729,11,Clean_Die
0.8822096648411408,204.969411125048,5.103046499361598,0.6387532270696706,4,Via_Open
0.2720099221386965,2509.4815694366985,2.9462284195169826,0.4487421616613573,2,Oxide_Pinhole
0.09650200516717829,699.0732482275619,6.671216345491022,0.8591243009564624,4,Clean_Die
0.3967769304041887,2737.66408207389,3.2959701665869794,0.7165397943496609,10,Oxide_Pinhole
0.07696191217390437,846.6872059432055,6.459172771530505,0.8455968407410572,2,Clean_Die
1.1047665652766927,185.0812197393271,4.971235526051426,0.5670533279237931,10,Via_Open
2.9338751954735574,1209.544626662903,4.534091380299842,0.692455200739429,3,Particle_Defect
0.32943629182125783,2257.397628876898,2.559976948035934,0.8313314645962503,1,Oxide_Pinhole
0.8042936186897192,165.47187969280776,5.323878855810042,0.7446227221332333,8,Via_Open
0.3024065594561609,4121.403187951442,1.8985371594405454,0.7016476219795554,4,Gate_Oxide_Trap
0.1051172788958189,707.5562224156986,5.8846778232626855,0.902191371550817,4,Clean_Die
0.39837825730548915,2302.690232037251,3.4444991016404005,0.7642109806918782,7,Oxide_Pinhole
0.09599591723180935,889.4891996622572,7.4124228880251986,0.9462419433795384,4,Clean_Die
0.4394517166921601,2141.8824845301665,3.0593151240621115,0.6935830254888793,3,Oxide_Pinhole
0.4717392016319782,108.32350535079141,5.096687731695822,0.5347117565510208,1,Via_Open
0.1540231383801852,887.9426644934055,6.228774052501784,0.9295910623301356,5,Clean_Die
2.727222350170708,970.3892105186062,4.148769633453062,0.8216113204770998,1,Particle_Defect
0.05583278913268855,761.7904712525796,6.882208357967715,0.9198437797812975,2,Clean_Die
2.7511008480739663,1424.1900611599474,4.190818333073886,0.6726812817208586,3,Particle_Defect
0.13475696903557688,883.8582432886875,5.963226551568491,0.9517670319387427,5,Clean_Die
0.23396306149646656,5213.466298229549,3.3344772550802757,0.6510063177316784,6,Gate_Oxide_Trap
0.23735350784225095,825.6699199527484,6.0292493874981625,0.9325963337882176,11,Clean_Die
3.757191894890334,1207.525469956745,5.5183261748262815,0.5935361310537512,7,Particle_Defect
2.5021363226265674,1145.633768783617,3.8388394226858455,0.561783591878088,7,Particle_Defect
0.3044804819514775,4496.236382354587,2.347432236978625,0.5413181806226108,11,Gate_Oxide_Trap
2.3832996243831936,1147.6712075083615,5.377451791493773,0.5655284246505387,3,Particle_Defect
0.2908426459296737,2512.0959330477162,3.131062244052675,0.7658219873158165,3,Oxide_Pinhole
0.08850402496774604,787.0411426634366,6.750883190954224,0.909711632103899,3,Clean_Die
0.49548331013825686,186.97512610295774,5.89296352096064,0.5239689983655393,2,Via_Open
0.7179701461906358,130.69930155054894,5.852616002538276,0.5853942623543746,11,Via_Open
2.597707616998912,1177.5566018944564,4.447596891242611,0.6334936843242355,11,Particle_Defect
0.05891612752374557,899.7022068439705,6.711847891034798,0.9210116524756506,9,Clean_Die
0.08724273602335572,878.822701569824,6.846565950710333,0.8985933875229761,3,Clean_Die
0.10697297293008191,656.0475162218135,6.08059827695265,0.931554158451891,1,Clean_Die
0.11008416254334716,777.1870835476235,6.195369241146922,0.9463886560372095,3,Clean_Die
0.06909421480632996,789.5937352333796,6.463157458067321,0.8692168204950557,1,Clean_Die
0.06749775258582305,639.1524806845408,6.677569064169117,0.9061513519475598,8,Clean_Die
1.508129590900803,7927.690192633773,1.7369207468766121,0.39769514677973195,7,Metal_Short
0.8463189596481224,192.67209066645037,4.910213902764914,0.6246871310035208,3,Via_Open
0.12527594683916504,871.4439960768993,6.5891223258809655,0.9558203306264565,7,Clean_Die
0.2040886567408629,3423.566712635464,2.418044757590358,0.4397840470257283,10,Gate_Oxide_Trap
1.4748898361115839,9821.831299657297,1.7625956830538254,0.45632676526069904,9,Metal_Short
1.7958590080183234,7560.499170834613,1.686859833402119,0.4875400698348281,3,Metal_Short
0.11746035760586926,924.1749041412661,6.521190250280936,0.9053179110783066,4,Clean_Die
1.0721501620936895,147.53043551181474,4.443180346063452,0.5896521309415482,9,Via_Open
0.11142292462067699,693.5240508124775,5.820124905249348,0.9954906739311311,10,Clean_Die
0.9328269317111153,106.90230689843759,5.084270031262377,0.5654306164520064,10,Via_Open
0.12598146711347358,839.3574213840737,5.992892927579167,0.9376242651277038,10,Clean_Die
2.9754017856676183,1352.0110915634025,5.453512587958638,0.4109007341470763,1,Particle_Defect
1.2774627271775953,9609.561503542096,1.928695370163532,0.2977938215944642,5,Metal_Short
2.970600100584152,1133.286838780544,4.78433919810256,0.6631257506967492,4,Particle_Defect
2.971001697631041,1147.0956436202025,5.279119921141484,0.6775445632915362,5,Particle_Defect
0.12382649732564505,4361.473417614469,2.961698500653138,0.5993145932557474,7,Gate_Oxide_Trap
0.10853526174501572,713.7810330314907,6.882361753135652,0.8178014190967993,11,Clean_Die
0.6079743641984021,129.52088549254722,5.080302196582439,0.6204469869514986,4,Via_Open
0.06049107927271301,784.6039444469512,6.230360184487786,0.9328210464227505,3,Clean_Die
2.5549091412373084,1220.1848499970733,5.44396908168293,0.5533376387261433,3,Particle_Defect
0.32758795564856624,2611.919026181817,3.657539452796017,0.7392829625554651,7,Oxide_Pinhole
0.19811727245093538,2808.6394196429364,2.7456262947324483,0.8310242067144165,9,Oxide_Pinhole
0.9181411974802437,9570.55739050089,1.9007244771696135,0.5408975599100289,2,Metal_Short
0.5383968245190189,166.22486381734134,4.138398061032195,0.5267527968525338,11,Via_Open
0.1044413914526231,740.3979329153458,6.30746873456131,0.9157098356529249,6,Clean_Die
2.31850466693383,1358.096377020418,4.684760632420634,0.6384302571405983,7,Particle_Defect
0.29756417816796765,2577.1364525033005,2.7434231080233733,0.6091348931769929,10,Oxide_Pinhole
0.9716945691025527,113.87523000376706,6.07894938097411,0.5971189290948541,5,Via_Open
0.05,769.3279559547991,5.637477404255655,0.9121312050844645,10,Clean_Die
0.3945469200848874,1798.1390740081756,3.470306391414173,0.6053048473577672,8,Oxide_Pinhole
0.4495981785083991,2416.3581903991003,3.2141182292990775,0.6785919163194757,5,Oxide_Pinhole
1.6998592933223666,9289.932204026876,1.8076277317380407,0.4159534860946027,5,Metal_Short
4.2754340949482526,1388.6228727462124,4.625991325046045,0.648524972950155,10,Particle_Defect
0.8293316669609108,187.47087993310203,5.875905218945273,0.6078358387518363,9,Via_Open
0.9231385045829356,172.6755217691171,5.862384845002674,0.59393335263723,11,Via_Open
0.1361361573742506,663.7834093714054,6.739094335400431,0.9296172498906821,2,Clean_Die
0.10425104230158296,580.1792801345906,6.083318897063101,0.8480072521044961,9,Clean_Die
0.1261032099059068,794.5966711846636,7.705522786398785,0.9498857148834211,3,Clean_Die
0.2177630933592707,2112.0143071112525,3.223950491695083,0.8155463938556924,8,Oxide_Pinhole
0.06698435284512516,780.4374760924367,6.198192135608493,0.9415585826478866,8,Clean_Die
0.10350704338241067,912.5828817695556,6.969763945721374,0.9109631164629738,5,Clean_Die
0.9574977633398258,151.8936443091726,5.672129359296834,0.6147127387693988,8,Via_Open
0.09856253930258221,657.3578093444925,6.045997561011524,0.9829234533269335,6,Clean_Die
0.05,878.1746283458649,7.090804202989416,0.957242914610451,5,Clean_Die
0.20933672028359773,5535.039501767733,2.5283916147002756,0.5775664091839838,1,Gate_Oxide_Trap
0.05,911.2876361838137,6.36897034526575,1.0,10,Clean_Die
1.0540876684357607,8610.08365669921,1.9962259622241372,0.4535278748405782,9,Metal_Short
0.7427315802889235,145.0171731690763,5.902239556032008,0.4368704463458448,2,Via_Open
0.25728051330241714,4893.856930430002,1.8267415863328638,0.5793523191586343,5,Gate_Oxide_Trap
0.8314737455541374,228.8182843217901,5.160367847297566,0.5391474569226151,5,Via_Open
0.11908395697969454,819.7489616213998,6.503442206668401,0.9480944277718977,10,Clean_Die
0.08733978766548298,859.2257676610194,5.83289991825124,0.8140472690088543,1,Clean_Die
0.26006593868124633,1870.3162601647314,3.0594877083220333,0.6963618741767978,1,Oxide_Pinhole
0.47102066484310684,2398.1565149883513,3.225960916562896,0.6836959005693627,1,Oxide_Pinhole
0.13205909031650176,891.1660153322922,5.910120278101981,0.93278912106485,1,Clean_Die
0.5687269408793905,148.73861423918657,6.075393910441607,0.5052943715654598,8,Via_Open
0.7351318947232374,135.53753737737355,5.943741171557351,0.7228382601661957,1,Via_Open
0.05,756.1351391472466,6.876002109941955,0.8800587256322577,8,Clean_Die
0.16607745980004157,794.2034934567124,6.367679076014381,0.8798092462564481,8,Clean_Die
3.129495392913516,1112.498135711221,5.351809641943764,0.5724153317154175,1,Particle_Defect
0.12689957643799352,669.5686403687235,6.272595146200264,0.8701023200148508,11,Clean_Die
0.05,781.5648377003625,6.536518600832098,0.9605038492653265,9,Clean_Die
0.5030442442160806,1837.7831968840635,3.004816036948225,0.7392406300744054,2,Oxide_Pinhole
0.846608994822408,75.54816867221761,4.231556114282571,0.6512713577248245,1,Via_Open
4.066398800135758,1324.77195048263,4.200664680833926,0.8625611864395735,2,Particle_Defect
0.05,705.837861504176,6.524605583056546,0.9614735503525169,5,Clean_Die
0.8418933223530713,223.37926499252112,6.088397720954868,0.6254068749018561,10,Via_Open
0.10294959760046143,827.9257682849999,5.852323799432357,0.8790932435011951,9,Clean_Die
0.11146887682817426,844.045394174112,5.177867144274541,0.9488770012395797,1,Clean_Die
0.06472220239743834,909.9905198645721,5.971143282347645,0.9236548626177973,2,Clean_Die
0.42238188343067035,1313.7071967058248,3.325253781409552,0.7227674339068223,3,Oxide_Pinhole
0.1927432657359933,3743.993505241665,2.2050995938798623,0.5587479152711688,11,Gate_Oxide_Trap
0.20837715033934934,1917.2138446453412,3.1427830094442615,0.6354856641448818,2,Oxide_Pinhole
1.0397991496989307,161.85138591240593,5.785319153601117,0.6350718969443291,1,Via_Open
0.8936217027458665,244.02951646627872,5.343284864346638,0.6129512586180923,1,Via_Open
0.19232335731531194,730.7976452994797,6.547089710113267,0.8760055584851315,10,Clean_Die
0.37915100837692817,1906.4586548003892,2.862729842928081,0.8155579894928463,7,Oxide_Pinhole
0.16842422646898608,728.6550291364973,5.371688079637907,0.9444812596091814,3,Clean_Die
0.14241313532080851,737.5331981684751,6.69460590088146,0.9368665157707824,10,Clean_Die
1.3834924646103068,8371.992676849562,1.2358881062546918,0.4918626259425956,11,Metal_Short
0.18174726598404742,4555.116779722897,2.9730690646110056,0.38107310459212873,9,Gate_Oxide_Trap
1.6289586721707578,8888.21044603242,1.7973416655376655,0.4008159311503443,6,Metal_Short
0.08540047790224814,712.821791116027,5.814688739255427,0.9171424125484692,4,Clean_Die
0.222215798229005,4896.136203324666,2.1821263153847577,0.7145802489055524,5,Gate_Oxide_Trap
0.0853669455538076,704.6854571600825,6.2760158318460055,0.9241985984438417,5,Clean_Die
4.101335471929977,1031.8838184555414,4.598441918401901,0.5892578169249966,2,Particle_Defect
0.05,734.5642983205356,6.135871861100713,0.9756859535924848,1,Clean_Die
0.21193650247655735,960.2174901066754,6.158069579204647,0.910012983359128,5,Clean_Die
0.10231601490195993,810.6887609156481,6.4044999981225335,0.9140412976609007,11,Clean_Die
0.2199752105770152,3602.6438679787107,2.077705058615916,0.5690438669281694,9,Gate_Oxide_Trap
0.4340767215029727,1791.3796583722674,2.7700454347719488,0.8537942968366292,5,Oxide_Pinhole
0.2037883758886395,4520.125209367598,2.2949313859788454,0.5215051751757155,3,Gate_Oxide_Trap
0.1357718753164822,687.5843013629217,6.824317934443616,0.8141581310846608,1,Clean_Die
0.15963024871479298,822.9686746647907,6.99517715893916,0.8728828796523991,5,Clean_Die
2.0030663262857997,8498.772319186757,1.6032812218090025,0.4510495391271606,1,Metal_Short
0.10441044335385131,796.7782473106638,6.230704891377547,0.817927817549605,7,Clean_Die
0.10276627448494462,899.003262959362,6.774794509028544,0.8698439753788259,1,Clean_Die
0.27384583187770084,3020.333941132961,2.4099658165113547,0.5265844608084936,3,Oxide_Pinhole
2.226870916083672,781.1335330735287,6.088912914150038,0.6613307110015274,9,Particle_Defect
0.37399496541533434,1958.2284423137903,3.563941333858116,0.7104473925116231,8,Oxide_Pinhole
0.18027323007523255,872.1434924434768,7.850826828767275,0.8745374224831179,5,Clean_Die
0.11739392415011904,2995.243519602398,1.9300775512861297,0.5749042474384561,10,Gate_Oxide_Trap
0.2174236806460304,4404.194278583755,2.417129346160457,0.7287353505817221,2,Gate_Oxide_Trap
1.9552728383323583,8689.476086855526,1.773613957339597,0.39691814942320314,10,Metal_Short
0.16225016963711714,634.3667072759151,6.53575092443525,0.9381594553852374,4,Clean_Die
0.35620134472967124,2333.068708700314,2.2861603094027347,0.6656462364832003,8,Oxide_Pinhole
0.13781248224861933,4078.046713000498,1.7754657567607088,0.4306495497193169,10,Gate_Oxide_Trap
4.180907787763849,1349.121595424699,4.143534295260845,0.7125416028580239,4,Particle_Defect
2.205686027009009,1226.6514643013832,4.295453784999264,0.6275055457157915,3,Particle_Defect
1.8257632932779386,7936.274433352405,1.8690867626348118,0.6448790048020392,2,Metal_Short
2.3791975268404935,1380.692348912775,4.3187233466423605,0.5020352951126511,9,Particle_Defect
0.1396152390802276,864.019847950041,7.060175070353639,0.8956337462677241,7,Clean_Die
0.09630747265100258,941.7586027310174,5.959175863685749,0.9318871631840211,7,Clean_Die
3.222847856353247,1161.214148340576,5.2851145997214015,0.6088036460636237,11,Particle_Defect
1.5564088721645986,8609.744645154511,1.9715580176268603,0.41135820003791457,3,Metal_Short
3.2438889820875922,1457.5621997502699,3.3827333147614462,0.7913786489345535,11,Particle_Defect
1.511890177111308,10373.34605430165,1.7368353798795038,0.5965023727356484,3,Metal_Short
0.06563029717257515,773.4638127333649,6.089792605380754,0.9270585792409367,1,Clean_Die
0.12491965230320196,790.2765115073606,6.267846651969531,0.9365713299966051,10,Clean_Die
2.8498043230454853,1145.038561724898,6.185664122895586,0.4768044505345663,8,Particle_Defect
0.05,4231.435220511066,2.809049189171568,0.7563588884488497,1,Gate_Oxide_Trap
0.09118469863796858,896.16063779285,6.87258195902592,0.8989633590475651,11,Clean_Die
0.09045714067705922,726.6952861824823,7.17994012629069,0.9437999140503146,2,Clean_Die
0.05,634.8871277175243,6.852819461653768,0.8982646404926664,8,Clean_Die
1.0200754858403898,82.12761360820609,6.398387728777246,0.47725075081986185,3,Via_Open
0.16411064655212748,818.1553545603279,6.43401852999124,0.9088051420083486,3,Clean_Die
0.05,796.9099309469378,6.2796529098584335,0.8657370620821842,11,Clean_Die
1.1813320247807817,140.1196102404433,5.3812921411967665,0.659301732179623,1,Via_Open
0.3935539509891251,2782.6838127425,2.7653060342991105,0.7177230051840233,6,Oxide_Pinhole
0.05,999.2805012599084,6.11230369635867,0.8061342393309517,7,Clean_Die
0.1284702663938057,857.4752925661948,7.00451370642267,0.9088899154771192,3,Clean_Die
1.246122982202995,9514.795709211501,1.9263514267317186,0.48902974464412496,11,Metal_Short
0.2678465325802653,1663.362458585729,3.3587875022574076,0.7321449517478446,5,Oxide_Pinhole
0.11406201054074036,757.3196192669009,6.277310654152037,0.9148162241997668,2,Clean_Die
1.5708803705183476,10110.396723712449,1.7352137069110076,0.40529631645919634,1,Metal_Short
1.0031953291226015,8654.763311401188,1.3462097052674846,0.6174180768411535,4,Metal_Short
0.28862174407029967,2246.4751101325646,2.811949388727985,0.7534853425880998,4,Oxide_Pinhole
0.05,708.6112955901033,7.090413659742764,0.9045752738533612,4,Clean_Die
0.8205629263224202,92.81292488503689,5.155591753147877,0.5760564925391874,7,Via_Open
1.3668980148341436,1222.532199418629,5.938638869449626,0.4719916040706207,10,Particle_Defect
0.6493411634203314,50.0,4.717179956332774,0.6122493712370464,10,Via_Open
2.218604005934446,9311.83285520415,1.6904514704746623,0.42153504237727046,3,Metal_Short
0.386760129691358,2017.1715823625543,3.0895302048958095,0.8855243060082593,7,Oxide_Pinhole
0.0942451433032712,902.1140715375865,6.5265423179541315,0.8873531897105899,7,Clean_Die
0.2746590327795534,2581.0350021115178,3.2423003589342487,0.8544465458546359,10,Oxide_Pinhole
0.11833127596518872,934.8015983929103,6.186089732551384,0.9298118374654911,4,Clean_Die
1.703428196470272,1329.6944081920449,5.444000847691621,0.6911333206962613,3,Particle_Defect
0.07743415013285739,836.5893914229985,6.070040333115689,0.9493919317013373,5,Clean_Die
0.15039190923458629,947.0396602009755,5.88264924972829,0.873514893929134,7,Clean_Die
0.14491818502393847,775.2979104400907,7.170210719084231,0.9055070296943378,3,Clean_Die
0.05,790.2305141917208,6.223839157900531,0.9689249625688015,5,Clean_Die
3.318829038683631,1574.2208999575673,5.069879873533264,0.5807957704501218,7,Particle_Defect
0.160884045978088,717.2936563219388,6.622913456380192,0.9539272069678051,2,Clean_Die
1.2678607420622754,1364.3916594182324,4.682935727724371,0.7381518664662587,5,Particle_Defect
0.3121664364677959,2037.5444453273562,3.1069603472694087,0.6344418531843308,6,Oxide_Pinhole
0.08208240950140376,768.8719762099637,6.8547765127598055,0.9144605309651527,10,Clean_Die
0.23700868721005783,4169.570183326305,3.2065704554400623,0.5611616050473281,8,Gate_Oxide_Trap
0.0743421990856374,861.782840336227,6.694324452944917,0.9417130030738877,3,Clean_Die
0.26542164683390024,3400.7654011564696,2.1561111537441393,0.3932564991803277,11,Gate_Oxide_Trap
1.086119783964,50.0,5.369609467336371,0.5662494699017595,2,Via_Open
3.320600750028728,1342.7642172745288,4.976539549397738,0.5768956905587763,7,Particle_Defect
1.6191585431143016,1369.2022386009653,3.9682673552180425,0.8468178921738888,6,Particle_Defect
0.8134673144867761,123.54944694731691,4.961413159584588,0.557081939989506,11,Via_Open
2.5254618528372217,8611.508772393496,1.9336624817622485,0.4485487779832993,3,Metal_Short
1.078965684786466,8413.584240540706,1.16016931631372,0.3257710175162419,5,Metal_Short
0.05,773.4368524047399,6.330614949579195,0.8408457590404882,1,Clean_Die
0.5445986887678491,2442.694924849847,3.39185474214833,0.7058190792055448,3,Oxide_Pinhole
0.7375340570938077,162.02639797314183,6.224874274760676,0.5428544942117546,11,Via_Open
0.3102451670510815,1956.3240207543386,3.060846267119641,0.7780978266873885,3,Oxide_Pinhole
0.05,707.4821945080962,6.601101992751821,0.9403725267032067,10,Clean_Die
0.7436091894661934,57.2084134489441,5.718288648200687,0.6264151552162682,10,Via_Open
1.4933918827175223,7649.265397707953,2.212812808266195,0.23884383752585453,5,Metal_Short
2.739356073227921,1377.1305716377933,4.572890338034217,0.6647369886572068,2,Particle_Defect
0.09012279315862534,4475.088294901845,2.6218087657450604,0.5397305862413924,5,Gate_Oxide_Trap
3.421907265981089,1689.2323808404337,4.106476258722635,0.6458661718949869,4,Particle_Defect
1.3693565939904526,8875.80373704919,2.2962312267505505,0.373781607830979,4,Metal_Short
1.2250222010217957,9293.106939669524,1.5183481684538338,0.5029950653217176,10,Metal_Short
0.15027266757560342,5353.431796756074,2.4508972525530135,0.3406365717660824,7,Gate_Oxide_Trap
0.0917679910669227,5182.174897877574,2.2716809269670595,0.5195528124236852,5,Gate_Oxide_Trap
1.5813014101505691,8769.839165848465,1.9997657527858288,0.5774834326498128,4,Metal_Short
0.14714918292499418,897.1622328146779,6.079521903322914,0.8766105930911795,8,Clean_Die
1.3166737242103954,9123.137602538967,1.7188589296184187,0.36431777548339067,3,Metal_Short
3.7365358601955405,1309.6910241404564,3.4383643199102196,0.670187520636744,8,Particle_Defect
4.006061149385127,1571.456772391265,5.799622122442653,0.7352039416019868,6,Particle_Defect
0.16324216821807586,4782.627568879086,2.5855743869391397,0.5296296418111524,10,Gate_Oxide_Trap
1.4499128541039594,9322.013046107344,1.7344283989784974,0.5710681357291879,10,Metal_Short
0.12032179297454726,731.989671458431,6.416289004171711,0.8885322688472266,3,Clean_Die
0.1087101584822242,891.0345565379025,5.948962135295465,0.8781120802029188,5,Clean_Die
0.452644049155256,1735.932083538999,3.4436140764022922,0.8050216594216467,6,Oxide_Pinhole
0.11514261323095167,838.476203013803,6.839954631778761,0.8916605910632597,9,Clean_Die
1.6529668065267795,8890.294021229825,1.871695789893111,0.44001162901884533,2,Metal_Short
0.17287724681585298,800.0342638319825,6.685159957030118,0.9422954207048041,10,Clean_Die
3.4904862174102975,923.217664228984,5.704039378782324,0.7671302199745541,4,Particle_Defect
0.23534643136582972,4691.339858298326,2.2614894282750377,0.5468434033434085,9,Gate_Oxide_Trap
0.10843020126886557,863.3819209564456,6.709448468430776,0.9439358078203415,7,Clean_Die
0.05,800.1848826596735,5.8006573361383005,0.8423516792716007,4,Clean_Die
0.763743554551448,168.41430353080077,4.779583455796544,0.5905999341839181,2,Via_Open
1.3152078813884553,8326.412287122706,1.8077193772878706,0.31177780242069997,1,Metal_Short
0.17695667446397184,4121.315272669446,2.4542096476934163,0.6450056949160705,4,Gate_Oxide_Trap
2.353106352507685,8327.076379707274,1.7491016203250656,0.4592876532342337,3,Metal_Short
2.18521938621978,1387.3934634261213,3.8844554254215207,0.47821352986589327,5,Particle_Defect
3.065020094372161,830.5042004424687,4.355564002520565,0.6108623222372106,8,Particle_Defect
0.18774257554811744,4034.666797025889,2.3747937948673905,0.4884870191533715,10,Gate_Oxide_Trap
0.08713236483354035,891.2467468883942,5.975189737436473,0.9497306130432336,11,Clean_Die
3.543306581072728,1259.8432910156657,3.709742812766926,0.6595383586431907,4,Particle_Defect
0.16863021663179512,844.8209703385025,6.0142011433744855,0.934243521850138,4,Clean_Die
0.19824922265686096,1943.6275053494776,2.5244740204338583,0.7162383970088307,4,Oxide_Pinhole
2.394754645375766,1491.76438735999,3.9689083752247387,0.5007069686392824,2,Particle_Defect
0.11246269422304155,864.0966466189292,6.407154193609431,0.9616171935318408,5,Clean_Die
0.05,5005.4782874237435,2.73594492535296,0.5739733611729656,10,Gate_Oxide_Trap
0.20079220023900243,1960.3077137709322,2.9257448730313333,0.6526718711665398,2,Oxide_Pinhole
0.6831761269783126,167.28334532560203,4.326420187455522,0.6316979860143416,4,Via_Open
0.25962485101637856,5149.05261116287,2.0508826840500713,0.5121293860802262,7,Gate_Oxide_Trap
0.13034794468966965,871.0979072319448,6.4573333509652215,0.8725391831547321,6,Clean_Die
0.053316830796308834,803.3187649375442,6.0295971622274935,0.8968874263554609,4,Clean_Die
0.25789581009866447,2423.3983709727854,3.453363166863433,0.6764118322691512,2,Oxide_Pinhole
0.17699981124342062,881.3684869357588,6.661967989205283,0.8862157324307347,6,Clean_Die
0.07640572759246185,674.1230005507769,6.403503107768992,0.9314428126292775,4,Clean_Die
1.534956832335272,9375.224225299224,2.4521949948093367,0.6454991909368595,11,Metal_Short
0.05,761.3000791307168,6.1898724828914675,0.8859973825367278,7,Clean_Die
0.3088633938879257,2775.7565972615453,3.515774392806685,0.7344488414434289,5,Oxide_Pinhole
3.6198103198479377,1446.0064532515087,4.176866884032508,0.8652607132914296,6,Particle_Defect
0.05,848.5139041203447,7.0500698687859815,0.9377150561799201,7,Clean_Die
0.20733326128626384,863.3645475492048,7.150604431562904,0.9807622414851889,9,Clean_Die
0.3624856756683059,5077.265599396876,2.8157202467097235,0.4356715795207152,7,Gate_Oxide_Trap
0.17203799565537012,4576.363537693148,2.568833777587107,0.5980127917150071,2,Gate_Oxide_Trap
4.1685412498016206,1091.3989311530615,4.977715923743302,0.7789198229037289,8,Particle_Defect
3.436215532132414,1239.490078865901,4.718262274271787,0.729061736492493,4,Particle_Defect
2.872873314487573,1354.4079942272595,4.0572803419577825,0.7191687835924104,11,Particle_Defect
0.11211989699520784,948.3625884795373,6.827202423632723,0.9286560437898993,2,Clean_Die
0.0629124370527476,801.1124175425539,7.796024815136214,0.8812082211151401,3,Clean_Die
0.7506658877602612,81.50535641157268,4.788307764835503,0.6502678948575791,10,Via_Open
0.10970442730398829,949.9153610536871,6.771014987184733,0.925402925679229,2,Clean_Die
0.14158433091365588,737.9116553636829,6.470694845108465,0.8338700033130831,6,Clean_Die
1.9836627314286694,8262.119572462478,1.8918481213922904,0.39715531345163024,11,Metal_Short
0.11536798414546487,931.9685928065551,7.545234001889213,0.856558282228986,10,Clean_Die
1.0139816977647151,7536.223842843783,1.7723450357802013,0.5266512165868086,8,Metal_Short
0.12760339516711453,5096.461797785755,3.3526415792449824,0.4921692543471421,6,Gate_Oxide_Trap
0.17390786257562046,4782.625373221456,2.8776818439388445,0.6600110770808933,5,Gate_Oxide_Trap
0.3000349881475769,4464.791546684272,2.1991230824940993,0.5908860520162629,5,Gate_Oxide_Trap
2.9766483843137497,1016.7880394457907,5.458837013499291,0.6321774573789961,10,Particle_Defect
0.18900278501148277,2364.297169865655,3.444013722538859,0.6315983283226854,6,Oxide_Pinhole
0.16655331164263437,5109.173985342567,2.2324313818964687,0.5593118753867565,6,Gate_Oxide_Trap
2.7966131056236496,1035.3800109730869,4.512892641069053,0.7362522612215617,4,Particle_Defect
0.3429204577737718,2450.4068599378375,2.784506806982823,0.6875649752952859,2,Oxide_Pinhole
0.4590171353217453,2106.404226698883,2.8155596355840125,0.8233450249862139,10,Oxide_Pinhole
2.3674085279887684,1254.6990319062975,4.86165298598173,0.7530569997646218,2,Particle_Defect
1.213355731854115,8778.343284505378,1.9710672471545496,0.3898885473267185,8,Metal_Short
0.28474654354773477,1962.0329048870387,2.5460482744224886,0.6765527805379529,1,Oxide_Pinhole
2.8700797906613285,1225.6455387183566,5.103503355894747,0.6540216695851161,8,Particle_Defect
3.090930615897922,1740.3768518251873,5.598082832577325,0.5838370725072309,2,Particle_Defect
0.24060454286886432,2792.464213578641,3.465173729658168,0.8053559576960523,4,Oxide_Pinhole
0.43361073759876323,2322.220569247145,2.7837373960432905,0.7684127239058901,11,Oxide_Pinhole
0.37769988486113726,2115.4596327569025,3.0434245975205774,0.8625572653572374,8,Oxide_Pinhole
2.600086889178055,1505.6108220626459,5.792978019258464,0.7099394838240143,11,Particle_Defect
0.8791433144795618,59.6710723375206,6.565891843092359,0.617637681555197,9,Via_Open
0.05,731.317988350763,7.049337929847771,0.9004798514097291,6,Clean_Die
0.12594015681176776,878.267204938859,6.763169814434191,0.9082765906794872,4,Clean_Die
0.18998860356565475,4278.0382974912545,2.78072156264945,0.5848113940468926,10,Gate_Oxide_Trap
0.11722367715015572,791.8057742526241,6.8080556572693105,0.8769976382586514,11,Clean_Die
0.8605592751690404,136.05925701247517,5.94063265822171,0.6564614793905355,11,Via_Open
0.23286381129702904,1967.4342756782748,2.9237766549092825,0.8388782030133689,2,Oxide_Pinhole
0.23609525705785625,4795.308352812677,3.0170276783373033,0.4792719838452213,7,Gate_Oxide_Trap
3.2348073523624405,962.805716836137,4.943409426113093,0.5604955253038276,8,Particle_Defect
2.081822853016884,1138.7796818194865,4.317655900826754,0.5134745131139514,1,Particle_Defect
0.0572094618110429,829.4689519288333,6.370615877960486,0.855261372305368,1,Clean_Die
0.27688840477319865,3935.4442103240935,3.0419254543951637,0.5699271034420939,2,Gate_Oxide_Trap
0.13372196494804028,941.7156020384352,6.955801824012706,0.9022358522223206,6,Clean_Die
2.484934525908227,9238.034165877965,1.7288729190385852,0.680460502782981,1,Metal_Short
3.2013685014755398,843.496935424116,3.4738282032409176,0.8180611871992732,7,Particle_Defect
0.14865135665966633,701.9236610580612,6.619401399863793,0.9673107199395717,9,Clean_Die
0.11106190433835827,702.2813929842001,6.046104469964233,0.8981916257206929,3,Clean_Die
2.1415039746843396,984.8471457811863,3.7840363005551327,0.5415622543533152,7,Particle_Defect
0.21195067876682044,4450.205141795216,3.2554324815656774,0.46365945547726933,9,Gate_Oxide_Trap
0.10248531174981855,788.3336741337371,6.012120798140493,0.9540594711402259,8,Clean_Die
0.1675287422414453,836.471251527633,6.478771567770849,0.9395884411334844,10,Clean_Die
1.1385195522305898,9481.584446209175,1.5008212442486442,0.29090721402787456,7,Metal_Short
0.29856255069433923,4084.0429172006134,3.0467468206866517,0.3839269160845781,11,Gate_Oxide_Trap
3.13589629182824,1159.3770032505092,5.486000285120427,0.6272129246187935,1,Particle_Defect
0.11571974543864239,883.4548564026311,6.531473370198945,0.9055181777681642,3,Clean_Die
0.34880367933977086,119.81507103057524,5.279439812659046,0.5961503682422578,2,Via_Open
0.120781145638367,2186.1601940345104,3.908982688016747,0.7570284338793747,2,Oxide_Pinhole
3.237201534779918,1033.7079573292942,5.024685771043222,0.4823177699847113,10,Particle_Defect
0.21882724084926308,2008.574626543512,2.93897187723402,0.7027552131452295,11,Oxide_Pinhole
0.09311187413194977,896.7680499554267,6.017863199592326,0.9314439255000971,2,Clean_Die
0.3704323577160585,2447.2675851309787,2.5787859711535353,0.821934801638732,9,Oxide_Pinhole
0.22884517037848123,3837.449398524715,3.0914247208860517,0.3906804290756998,9,Gate_Oxide_Trap
2.8161847984312613,1062.9605655033756,4.494470381660836,0.5026682912321286,10,Particle_Defect
0.06421888634477627,1033.3582970168004,6.497607412238797,0.9137553164580997,3,Clean_Die
1.6294000464008616,8673.120646235044,1.8036276913875755,0.3105360012940857,7,Metal_Short
2.0765823363196256,8431.555590894293,2.1597062289351494,0.5905685254717408,4,Metal_Short
0.15082380659873917,4197.131172513459,2.9135888724439423,0.6425947293774914,9,Gate_Oxide_Trap
0.9492960620185291,190.066902294824,6.291565424804288,0.5738229251918564,8,Via_Open
0.2285658462196926,4431.937036177368,2.311231992139927,0.42750530610806087,11,Gate_Oxide_Trap
2.2687471777797525,1325.913075930661,3.088340277244084,0.6583414976617171,1,Particle_Defect
2.098245167106813,910.6149737796754,3.853352243706483,0.9960325590505131,11,Particle_Defect
0.15122532166508726,921.6954189342412,6.6175043781142,0.9552559902967735,1,Clean_Die
0.6888441959776245,95.65136640571248,5.492724947284368,0.4084636361654756,4,Via_Open
0.06508112397062746,765.3284812879463,7.110716771299965,0.9349251273691658,6,Clean_Die
0.10354493910524472,651.986068488969,6.86393395490385,0.9064584973456067,11,Clean_Die
0.14499735551662035,845.0714560798771,6.763873695962898,0.9721335866140276,9,Clean_Die
0.5386753512919153,128.9145746352689,6.803850814612524,0.7453910536707533,2,Via_Open
0.1194235203806974,1063.8275570234564,6.941517187522885,0.9224400838949882,9,Clean_Die
0.16116683003725424,3992.429467967317,2.162416122240397,0.37497843872110925,1,Gate_Oxide_Trap
0.23124919726006168,4572.443095122196,2.053292420362633,0.4802575003144202,11,Gate_Oxide_Trap
0.220419941420287,4634.636590667407,1.780071706137368,0.6799517137909621,8,Gate_Oxide_Trap
0.05,883.9624966115426,6.128862669466251,0.8876454519619139,1,Clean_Die
0.1518564244716442,947.0198515342245,5.714171751051582,0.9304816365618991,4,Clean_Die
2.1536948548145327,1149.460713628621,4.995899227995918,0.8369073956766011,11,Particle_Defect
0.05,768.9404449988269,7.268063029380951,0.9167249394150104,8,Clean_Die
0.7802825302039407,199.78935804451623,5.300992870497595,0.5918792543801769,5,Via_Open
0.07161108021753691,893.7077410963992,6.256140040025409,0.8734277480362442,8,Clean_Die
2.6560176181471844,1175.3743910414403,4.116003998757413,0.7014760891845023,10,Particle_Defect
0.07973721432900321,853.6894534222386,6.645359894444781,0.8766574129800973,10,Clean_Die
0.15800170094548607,883.3171145736721,6.355749130444069,1.0,8,Clean_Die
0.10236621612397606,827.6316198040921,6.178801766029515,0.889117183751368,1,Clean_Die
2.087458244027927,1193.5182998478188,3.8534389000652878,0.7936563636856219,11,Particle_Defect
0.20312417865743873,3799.2910731645134,2.2007204741209714,0.5078038520669018,2,Gate_Oxide_Trap
0.05,849.1354090009552,5.725963983075453,0.9366297961629445,6,Clean_Die
3.128313930821397,1010.8216557357947,4.462580848691024,0.6964643904106925,7,Particle_Defect
0.8326149004932312,164.9427776328434,5.921471897827673,0.5703261350474965,1,Via_Open
0.17085701237649564,838.8829209213468,6.4165140735193384,0.887417947248207,1,Clean_Die
3.3552343303562284,942.9079664090351,4.859333141403162,0.6547259920949289,3,Particle_Defect
0.15086762049426553,4547.8518010433545,2.456000513818156,0.5320506917581652,10,Gate_Oxide_Trap
0.29724990432566617,2019.4924304362544,3.557374962095072,0.624587803870705,8,Oxide_Pinhole
2.076074676166107,8376.599585707172,1.4351970448221627,0.316579607586954,4,Metal_Short
0.058420518762197116,737.8553363098068,6.108908838783832,0.9465138911993822,6,Clean_Die
0.1552754523066012,925.3138887420121,7.149955040738579,0.9862357660172595,9,Clean_Die
0.07971784967079097,824.9240319907984,7.060303643152509,0.9705520196489096,1,Clean_Die
3.826313942658179,1320.66876324738,5.0923413896559175,0.8318946652618706,3,Particle_Defect
0.12515976619638303,833.2210096560716,6.994009052605516,0.9309886212930706,8,Clean_Die
0.05,743.8500200708395,7.226469961426027,0.874497357351629,9,Clean_Die
2.376565513594319,1346.6367552183683,5.6907972571839505,0.6464220515320368,9,Particle_Defect
0.20680924837132478,2312.189593910942,2.972744716577916,0.7047971974535645,10,Oxide_Pinhole
0.05,855.8235295914681,6.418434836922801,0.8807387801777374,2,Clean_Die
0.16978874403566194,861.6357622753001,6.417727368022076,0.8860114084400202,5,Clean_Die
0.3837949528619189,5263.138603128427,3.0749131997478303,0.6444819166299274,1,Gate_Oxide_Trap
0.3271776659666695,2638.116435262007,3.157850787312353,0.7828991448699865,10,Oxide_Pinhole
0.05,743.1314761994014,6.230199971595009,0.9784117649181402,4,Clean_Die
1.737040758950405,9646.969688258452,1.1355023373851743,0.40718902271992735,2,Metal_Short
0.9402480291587237,193.4829657645258,5.616903054620135,0.641324487306631,9,Via_Open
1.5883175257215223,8683.221096890273,1.5314327633158864,0.5151385777625628,9,Metal_Short
0.9818165515055464,228.24747765558652,4.856066670271169,0.4680756391322602,3,Via_Open
1.9785529720612771,8590.108592571802,1.1831120194261793,0.41790981360349627,8,Metal_Short
0.21332993496377992,5231.5124601261905,2.9419135816038056,0.5603095944631468,4,Gate_Oxide_Trap
0.28720649136239534,2647.533443419781,3.4601539880495955,0.7000330504930886,3,Oxide_Pinhole
0.5429894351128287,2039.2423176492036,3.193672701841462,0.7583388412818864,10,Oxide_Pinhole
0.17219241700741927,644.9154815952821,6.994655831888617,1.0,1,Clean_Die
0.15852393054104094,790.6088170060403,6.187936430215036,0.8496179715961467,8,Clean_Die
3.7794688015267903,1125.2789814817731,4.732358504291672,0.42067740399769726,10,Particle_Defect
0.5063383179104489,2469.149514706902,2.908991513602371,0.7132992363798534,9,Oxide_Pinhole
0.2689456085136068,2174.0711274141377,3.7319342679028837,0.6341794163444961,6,Oxide_Pinhole
0.1678925512821921,529.7987926855217,6.617420392975837,0.8851758165494938,10,Clean_Die
0.08977729397624536,710.371453316463,6.790922578817863,0.8740335115197914,8,Clean_Die
0.24445633406249262,678.0239763019317,6.341310318770018,0.9378862866185346,8,Clean_Die
0.054090792196107046,830.5373147766915,5.9604219661595526,0.9114966945676836,2,Clean_Die
0.12417835753290002,2167.38073518886,2.676673697852192,0.7266912863468625,7,Oxide_Pinhole
0.17803518771117569,760.7454944838615,6.388996846090422,0.9002570001565884,2,Clean_Die
0.07442244047035358,750.2248791641325,6.870790423214797,0.8810258023282922,3,Clean_Die
0.18197731129181027,916.5305905059337,6.969838307990448,0.8737466597705469,6,Clean_Die
2.017469128106938,8909.157431609525,1.3038523897116558,0.40941625966903616,2,Metal_Short
0.39610411036106785,1786.7422124882862,3.635133849801897,0.753514376743033,4,Oxide_Pinhole
0.16173555549263405,765.4983623305593,6.875383208644104,0.9189920335124407,3,Clean_Die
0.07059641697816303,824.4663537411544,6.5677907904611486,0.9521026707966354,1,Clean_Die
0.11284497607610017,843.4054930409226,6.790824070687408,0.9606136762491164,11,Clean_Die
0.24411358608606795,2130.676326971243,3.0203715953297383,0.6830505799410009,4,Oxide_Pinhole
3.7277994085590165,1336.0621639611816,3.385076720865765,0.45683035818569573,8,Particle_Defect
2.4972091834086276,840.2526996145125,4.500509937291112,0.6939676730895543,3,Particle_Defect
0.1176642566805094,4897.701322832662,2.847014056008461,0.703058301717424,11,Gate_Oxide_Trap
0.08409467273082386,4860.3374344846225,2.99280990791167,0.6229840105636749,7,Gate_Oxide_Trap
0.05,857.5712769464365,6.833401848232599,0.8566862067814909,8,Clean_Die
2.9429856290546685,1007.3543669218625,4.936549729292558,0.6307681483365437,7,Particle_Defect
0.057908922719951045,798.1522754416509,6.136699399910061,0.9327593225399456,6,Clean_Die
0.1612980585233868,679.6586234743813,6.126772287302451,0.9245445836965719,10,Clean_Die
0.8173447226109493,147.90054017281798,5.237975865015784,0.6957362273473734,9,Via_Open
1.457676492920926,8805.687601796548,1.624827850218213,0.552630489090443,4,Metal_Short
2.902192406070231,1150.5645599889097,4.32914580760804,0.6255828667818275,2,Particle_Defect
0.24885097392230443,2273.2039002870797,2.48181359551454,0.683576985766459,8,Oxide_Pinhole
2.1807347063578746,1103.6355897991168,5.460946690355433,0.6587847940135948,3,Particle_Defect
2.491872567002214,1358.996232060184,5.016372986932401,0.6879985986352256,9,Particle_Defect
0.06802328986678463,877.023263138263,6.213855781231191,0.9493356784244287,4,Clean_Die
0.22629929226003184,2344.1251847760027,3.294131388522186,0.7707960161314326,11,Oxide_Pinhole
1.1373608055452458,170.10084280254512,4.452126977922005,0.7045985434172901,4,Via_Open
0.17380248071404844,4354.729225863265,2.78045082724828,0.6625248129519697,8,Gate_Oxide_Trap
0.07238205694999998,916.6709389353823,7.030481415618388,0.9145975038702578,4,Clean_Die
0.05,836.0583702719676,6.34703087377762,0.885586952593783,2,Clean_Die
1.5334231664531393,8882.44280026267,1.0529462777652128,0.4856077403431383,1,Metal_Short
2.1736112740955846,8585.37080728221,2.19388934909012,0.47850455590019303,1,Metal_Short
0.1638938877137142,5214.154393856071,2.6399475118433373,0.7286364812015985,5,Gate_Oxide_Trap
0.05,822.2000359899351,5.552047869700638,0.8986476106094983,8,Clean_Die
3.745544671904839,1595.0790143281067,4.256632764311918,0.8210242875817593,9,Particle_Defect
0.19647313214279144,4274.731334303288,3.1792254013533157,0.5049036786993446,4,Gate_Oxide_Trap
0.05,757.4275216332418,6.807644062035924,0.8734495380175769,6,Clean_Die
0.08619671073392046,677.2604956034038,5.533864708656401,0.9189945350644426,9,Clean_Die
0.22754498687700073,666.9926940114599,6.987136720406197,0.9707497606535378,7,Clean_Die
0.203249292308409,4732.966848062387,2.4024720162703557,0.6178692335292384,9,Gate_Oxide_Trap
0.31597535911761043,2123.144878578884,3.0844140802641955,0.6666063819494766,5,Oxide_Pinhole
0.25244057150596566,4282.63205129898,2.9894425911124682,0.24722283052947303,3,Gate_Oxide_Trap
0.11935550200910044,771.9944621608165,6.14059116381397,0.968056626407934,9,Clean_Die
0.8838050752881216,168.41665445248776,5.89771530733956,0.558202758138674,5,Via_Open
0.2466653555885679,2281.187391278309,2.701993965284046,0.8259488586721928,4,Oxide_Pinhole
0.08808792185716988,4581.454813804204,2.4802241809738623,0.6850218794274905,1,Gate_Oxide_Trap
0.1314994091592525,745.7644470066066,5.522238226243059,0.9117953457357212,2,Clean_Die
0.053704912535296793,777.7949609606175,7.200120787200476,0.9340546868530474,7,Clean_Die
3.200166159599625,1160.8144766274454,3.8628117596807994,0.7716158651296875,3,Particle_Defect
0.2690058854855564,1965.7109073650763,2.7130859169879282,0.6460002995316978,1,Oxide_Pinhole
0.12969564414450546,756.8665918406273,6.7318303559709465,0.9226216197613615,10,Clean_Die
1.70856512998885,8386.532557931136,2.009955498713039,0.5221749906882118,3,Metal_Short
0.37952447176828746,4939.485870023296,2.526617342503324,0.4903209154823601,10,Gate_Oxide_Trap
0.3255188151601705,2099.998551625623,2.863085663434906,0.7459362525444748,10,Oxide_Pinhole
3.3693617717802242,1471.3936776150545,4.47614505506591,0.6129834987449336,4,Particle_Defect
1.1293579726926255,157.4058661355121,4.331510264017387,0.4254549387615204,2,Via_Open
0.13923306722730056,3394.5489303468494,2.3892928333820995,0.582390941292212,10,Gate_Oxide_Trap
0.17841592353552488,767.4949288712917,6.317650825526341,0.9132087366906574,11,Clean_Die
0.05179037998247532,621.2033426940098,6.176628170007107,0.9767751306580562,2,Clean_Die
3.495618359547626,1172.5495330677584,4.749074394062999,0.699829294348437,5,Particle_Defect
0.18278755172654312,3913.396952208156,2.44993239245098,0.5537977806359302,6,Gate_Oxide_Trap
0.9324185591074402,137.96730308852725,4.732979297025662,0.5240755049495764,9,Via_Open
0.12497476738248493,757.4875924537027,6.591707358020597,1.0,11,Clean_Die
0.27446192882882453,2185.027036301635,3.4422130364145973,0.7492711511523232,8,Oxide_Pinhole
1.0467288310706466,188.7474405583374,5.769660330769154,0.6821452036452084,7,Via_Open
1.1398876566825,232.7091897905048,5.4354027291808125,0.6983344180852316,11,Via_Open
0.30192473752669546,2098.9615936165847,3.5393537300396076,0.5843095408481047,1,Oxide_Pinhole
3.79510174858936,919.6985159324063,5.812084933064654,0.5668717145947665,4,Particle_Defect
2.768545276400224,1311.961498184027,3.5145097174127113,0.5980622854017204,8,Particle_Defect
0.11317925525602072,620.2015402540749,7.276456882418996,0.9573882014044144,7,Clean_Die
0.1433096836282042,5065.970556602261,2.627081897288426,0.5384947402551821,11,Gate_Oxide_Trap
1.525167054965512,7772.2614635050295,1.469399395921526,0.40879917567565266,10,Metal_Short
0.19157888625716848,4329.111061545223,1.943895632453775,0.7240695968637139,5,Gate_Oxide_Trap
0.17370579839301545,1947.6686645361533,3.9714075402182853,0.8172959804583696,3,Oxide_Pinhole
1.6339643108517476,8681.260552314128,2.0264591534842804,0.3627079729369521,3,Metal_Short
0.10787991424530827,726.9179006196628,6.778977924953583,0.921448485567221,10,Clean_Die
0.26673577671310905,2199.474848837516,2.9800060207968677,0.8006170263006824,2,Oxide_Pinhole
0.08195101497372083,811.6339636903961,6.235672191197263,0.9155021119175267,5,Clean_Die
0.23322711854965233,2237.799619535555,2.9825803850553356,0.8231251762859202,7,Oxide_Pinhole
0.11025305747609963,1007.8955076133261,6.6264361111262975,0.8885155504356946,10,Clean_Die
0.3082384428375931,2143.4704990154696,2.4787584576513235,0.8350573843189699,10,Oxide_Pinhole
3.007527342551613,1390.5064939370777,5.715168848573771,0.7071729888274134,10,Particle_Defect
0.1507415981247766,856.9366591956589,6.491039622290653,0.8661335559567294,1,Clean_Die
1.1073889115318658,8385.339111260813,1.7252481535158386,0.6312425603174856,2,Metal_Short
0.20266269738694556,5366.099842587962,2.5253910387153895,0.4832101124396985,7,Gate_Oxide_Trap
0.05961927917745013,645.853038950383,6.741824829020115,0.9213049424971358,4,Clean_Die
1.0563611039077654,9386.12981080131,1.8740252027569337,0.635285326351015,6,Metal_Short
0.0979349170880901,4314.371651022008,2.629538848368054,0.739886736787329,7,Gate_Oxide_Trap
0.18237708404586447,4534.460900605973,2.3603596817242605,0.5654291385196186,1,Gate_Oxide_Trap
0.9867416908022243,8398.267569901898,2.111453429312162,0.49415278534063245,7,Metal_Short
0.33625958647205056,2312.881490983407,2.793656482264033,0.7414018287641777,1,Oxide_Pinhole
3.65935582283391,1298.3025268912427,5.975839651567999,0.5075981636068236,9,Particle_Defect
0.13358349607908843,819.4112697194764,6.30379215222189,0.9261200027796163,3,Clean_Die
0.16831148014129738,907.216314699079,5.986180966946199,1.0,6,Clean_Die
0.05,801.2921178545741,6.578896208567898,0.9132579152995982,8,Clean_Die
0.2487683542903142,2582.1872935811252,3.1614066860789807,0.6983507743557303,4,Oxide_Pinhole
3.6073155024003802,1243.2864294321375,5.125397066852389,0.5083002558980605,7,Particle_Defect
0.12052617895796866,920.8854473344863,7.166437531209577,0.861182485845203,9,Clean_Die
0.08042528407268816,718.8367464869767,6.726054790305139,0.8889074313747657,2,Clean_Die
2.2774444864465004,5957.849648090231,1.722687213090834,0.4416755449128524,1,Metal_Short
0.2741301146430444,822.4474199038175,7.1331115543551915,0.97895274328447,4,Clean_Die
0.39897633496810087,2333.2677674484767,3.099933581208635,0.7533129234268782,7,Oxide_Pinhole
3.0481976962950386,898.7408650738071,6.341821267953803,0.6376341354103138,7,Particle_Defect
0.2326513300443842,3734.8084323335115,3.186630549652416,0.6423322978094129,6,Gate_Oxide_Trap
0.23531434384855862,2021.735591683974,3.232023507126509,0.7268245887356843,1,Oxide_Pinhole
4.2081264734713555,1125.0434391645406,6.093934239277938,0.5732455616596723,10,Particle_Defect
0.7529251563507102,216.50476552464926,4.519347590025849,0.5788524791641859,3,Via_Open
1.1648893514072887,8536.606203212237,1.8868668169712568,0.49169840081609273,8,Metal_Short
4.011365419585536,1380.6832330239743,6.36385668062662,0.5587741582681316,5,Particle_Defect
0.05,754.7326869976066,7.346239223834786,0.9594207431374935,4,Clean_Die
1.403123116910655,8796.613927866725,2.1775107983517175,0.4134776485276176,3,Metal_Short
0.09315695281379824,959.9204820620238,7.195613053783163,0.88976844190731,11,Clean_Die
0.24307217816121213,3716.9117904114673,2.6801839020074825,0.4699039150377246,2,Gate_Oxide_Trap
0.05563476406192962,727.8956703461126,6.681618238073748,0.8558130107364823,5,Clean_Die
0.05,796.5297720488139,5.932245509394937,0.9007320254194395,11,Clean_Die
0.09155539723300787,924.5865253757929,7.358357480193035,0.9243306412611562,10,Clean_Die
1.773465601063638,7766.9093819295085,1.6655883751164118,0.42033549409222054,5,Metal_Short
0.05,774.4984819884437,6.36659992803185,0.9210329547555263,9,Clean_Die
0.13679861266360446,703.5935024983737,5.867156945905925,0.8752291929600391,8,Clean_Die
1.6611640696432666,8823.42386367961,1.5189712694026385,0.4217533435266333,1,Metal_Short
3.094240986936492,983.5269547241119,5.087146108221518,0.7659250456650286,7,Particle_Defect
0.13854234024879963,862.6213103916082,6.577875326715308,0.8963641690638836,8,Clean_Die
1.8880185005489298,7888.867938902076,2.0697350548486315,0.438875449014006,9,Metal_Short
0.05,813.8302350432353,5.820885531647329,0.8874616605767865,9,Clean_Die
0.35180371518662445,2190.5328834475413,2.631484610120193,0.6988278435372783,9,Oxide_Pinhole
0.10083604382389338,717.7930001074994,6.915880920391997,0.8671065540490611,9,Clean_Die
1.2485358277452239,8079.230738117125,2.0228029827386997,0.42475465230986653,4,Metal_Short
4.071239392831639,1453.3064964784098,4.576177923549926,0.6876792247847208,1,Particle_Defect
3.851451257549637,1213.9675408782166,4.265057417539324,0.5798198818735136,10,Particle_Defect
0.23971098114655237,4222.156323120076,3.1014969470421256,0.800845144365673,4,Gate_Oxide_Trap
3.1913921945506893,1409.5642286253374,4.699992476139132,0.7407781007379041,7,Particle_Defect
0.1478483906032629,784.933418703507,6.813872823394317,0.8681704378756443,7,Clean_Die
0.1186407539395328,813.1049551251168,6.835624604202388,0.972565430419449,3,Clean_Die
0.17942908818033623,5189.661261553339,2.913421994999161,0.5185494065927507,7,Gate_Oxide_Trap
0.1400251559551663,4473.822131508829,2.749889617858033,0.6342863179483915,2,Gate_Oxide_Trap
0.12274626581534548,2459.7263517074075,3.083873405672741,0.7639463691631349,7,Oxide_Pinhole
0.0980506772157383,773.6803148030199,6.507965302867503,0.8555099250281519,7,Clean_Die
0.1701830640171982,3886.8050841720483,2.569544484927102,0.5824653469568858,5,Gate_Oxide_Trap
2.3331048521440425,1042.957637693456,5.5315387172570425,0.7029310137678999,11,Particle_Defect
0.3964317138762522,2062.233364061947,3.3538576025260367,0.7257195187460092,2,Oxide_Pinhole
4.405568622795513,1032.097306142691,4.348785488838045,0.567075751208547,9,Particle_Defect
0.05,793.7056130333434,7.107749932539861,0.9178065838780031,11,Clean_Die
1.7380262737027672,7400.812807131782,1.9366786578090627,0.23317005845747046,3,Metal_Short
0.06927952272995355,699.1628216385625,7.1928050022507435,0.9340690293843227,7,Clean_Die
0.9462061305318943,214.37858063734842,5.182575447601899,0.5729725218032545,4,Via_Open
0.05,579.0016167619003,6.533568413066966,0.928113495290683,11,Clean_Die
0.15427418035722062,853.8818403497675,6.284267505029969,0.8744892736671103,8,Clean_Die
3.1325005220111275,1151.2214750569083,4.382726664384977,0.7211221313470175,3,Particle_Defect
0.7837111688846351,138.56453781937864,5.054537430293092,0.46919097602877674,8,Via_Open
1.8475099656464622,1119.7208180280657,3.8387885106257253,0.6426926530830972,10,Particle_Defect
0.10815444823100184,694.8034306212114,6.695928304075557,0.9831784658153898,9,Clean_Die
1.362285893557782,7556.115285946867,1.7763368767374006,0.37702686900863913,2,Metal_Short
0.12763415963104238,4583.3845364106,2.017191799563376,0.5530908085492426,9,Gate_Oxide_Trap
0.38633385289467626,187.24907242190747,5.21398790553056,0.4511221430581568,2,Via_Open
3.127685122143232,1205.64564934512,5.438849725363396,0.6948801351610798,11,Particle_Defect
0.7389466526193619,109.80344381534042,6.221846864356847,0.7291506620985603,10,Via_Open
0.13482939431363974,757.8633106629286,6.466684308452225,0.9618435204785345,9,Clean_Die
0.06313768701348793,966.9575752399696,6.695541618374666,0.933582894276479,3,Clean_Die
1.901841683796173,976.8748944558944,4.925010960072741,0.6894047612211275,3,Particle_Defect
0.11026779717277976,916.0387271308056,7.163013622750232,0.8653495076196588,3,Clean_Die
1.850340143508691,915.7232639749936,4.225184981869504,0.5665738713658109,6,Particle_Defect
0.05,743.8549347458476,6.875423831590963,0.9365943418637084,6,Clean_Die
0.3549883871317448,165.5880707621319,4.773452921880851,0.7146918207205506,6,Via_Open
0.05,800.3552127902022,6.333820540417614,0.9814022518741649,2,Clean_Die
2.1957437009976823,1491.1950593575793,3.6302670797598857,0.7133501919010282,5,Particle_Defect
0.14625034800122594,829.8959357271789,6.230660781639612,0.9458636784512245,7,Clean_Die
0.3518515546452912,2069.814884457328,3.2893785665620063,0.7173149907658254,11,Oxide_Pinhole
0.2892220868754076,2215.7124212979625,3.5879835333700236,0.6799313954498409,2,Oxide_Pinhole
0.1262622661849861,730.3679660645704,5.45850831657509,0.8785978409979945,11,Clean_Die
2.5851071005950828,1184.4200837110016,4.072100192427157,0.5558879558559571,10,Particle_Defect
0.073817863672336,791.8320308706282,6.693216717308246,0.8995862472870774,11,Clean_Die
0.12238973285972823,1000.955852631252,5.608445367013927,0.9581659598710741,9,Clean_Die
1.3061234196101763,118.59830469255525,5.732608141035335,0.5321567301873875,6,Via_Open
0.08153885538631622,835.5051905183533,6.570200496413665,0.962786266690109,2,Clean_Die
0.13359758631039412,830.3695116436805,6.83562969393873,0.9228184534813201,7,Clean_Die
0.1960876914314493,5168.24081385736,2.1606917736336113,0.5076007066086583,10,Gate_Oxide_Trap
0.2503905612469126,180.83961714166531,5.402922534809924,0.6263335778000497,5,Via_Open
0.2566741374862918,4530.113913643179,2.6061211682821934,0.6635255980138177,1,Gate_Oxide_Trap
0.2111646306823114,2968.963279954428,3.178147683227573,0.6405106082191652,9,Oxide_Pinhole
0.7087050238389818,146.8167862638424,4.419344671138087,0.5249895607043452,9,Via_Open
0.9008551253731525,162.46799959365026,4.57547264414188,0.4343671994633679,8,Via_Open
0.2223054772187168,3976.042353684047,2.3121578461555004,0.47329585915073635,1,Gate_Oxide_Trap
4.080570908027244,1627.3909633275587,5.80106080811128,0.4674871891652743,9,Particle_Defect
0.2089557951877219,1804.8929678649836,3.2627806498439913,0.8435919268146383,10,Oxide_Pinhole
0.05,754.1599668755924,6.170868718648259,0.920120387556007,4,Clean_Die
0.8345786235249656,190.13679812091215,5.239212021514924,0.38908455345978565,2,Via_Open
1.6341746157705275,8432.444519497154,1.4698921008453496,0.3041082335427161,3,Metal_Short
0.3020076191954493,3821.4263926958265,2.6682086783430394,0.6046048365696169,6,Gate_Oxide_Trap
0.2130270371604354,1856.7626506045463,3.009911008097852,0.8114904191624296,2,Oxide_Pinhole
0.7531046079831627,197.4470553531062,5.292052079843043,0.6601909849434462,10,Via_Open
0.328069325099253,4241.771238421539,2.3711954386941425,0.5862306384111752,9,Gate_Oxide_Trap
2.43811518849476,1132.2272828682583,4.484364147092999,0.4641665817111191,2,Particle_Defect
0.09231733736542695,634.2367951032617,5.881482973256346,0.8783962706022485,5,Clean_Die
1.1830162555721497,7694.318477340926,1.77649151294063,0.23688752789921633,9,Metal_Short
2.7256643922695862,1115.712769807157,5.437279161602609,0.9326330745044271,7,Particle_Defect
0.23105440699288976,2441.0020843984744,3.6921631372382953,0.7281790139883727,1,Oxide_Pinhole
1.852965602249002,1357.2003299536002,4.481879349283181,0.5141436038297558,4,Particle_Defect
0.7829505576778735,161.7639922922807,6.154220237650361,0.6142464175880932,11,Via_Open
0.39040048218973966,1862.3355064000802,2.949424618923519,0.7458334238165758,10,Oxide_Pinhole
0.19763511463662709,4706.365983550771,2.679979985025636,0.5286352168182226,1,Gate_Oxide_Trap
0.14120118606811588,4510.047965283862,2.5615992759072927,0.6878140792785401,6,Gate_Oxide_Trap
0.07061494857405597,650.6416298804038,5.221558489128457,0.8811603879540718,8,Clean_Die
0.08600183059867209,2743.0980787979533,2.9576093053309727,0.5523496537750489,8,Oxide_Pinhole
0.058459981879611635,753.8966740024998,6.8315743244913945,0.9298852857144101,6,Clean_Die
0.05,800.7168599713838,7.0158164071006475,0.8659692107698647,9,Clean_Die
4.403474134613004,1090.9090089007063,3.4898023841797285,0.6418124362087065,10,Particle_Defect
0.469991230281918,1529.6344375057363,3.30500564775818,0.7266998346701,6,Oxide_Pinhole
3.507299556490124,1548.2127910215604,5.750758747232103,0.5836754622972612,11,Particle_Defect
0.07938278100996721,917.0590353261248,6.311600127943395,0.8772353226652271,1,Clean_Die
0.10141682355302699,843.4438445146454,6.364771609518442,0.8524193125813566,10,Clean_Die
0.5102442762545505,160.0701182697114,5.546889331435352,0.5809571907953973,4,Via_Open
0.05,4947.404001294826,2.58297119325837,0.6973034913359646,3,Gate_Oxide_Trap
0.729402159135416,64.64929762606793,5.6859102325072675,0.5303073454783009,4,Via_Open
0.05,860.5550350677024,7.0826658223740795,0.9507955499963,9,Clean_Die
0.13505818968108338,994.392829949117,6.4183874083339765,0.8985950152764363,2,Clean_Die
0.07232310676386486,989.4746393931532,5.7378276339506975,0.9542254257284717,6,Clean_Die
3.60245380000541,1650.2381577684282,4.558033627495801,0.7282486717192749,2,Particle_Defect
0.3882291781566934,2045.0127528530454,2.9810009923617633,0.8434158621381085,4,Oxide_Pinhole
0.1122229064672857,696.1985507946622,6.934632982759189,0.9709421293759417,11,Clean_Die
0.11462174796323045,806.844097879766,6.0200195596692465,0.8913055163152671,6,Clean_Die
0.07632822916063958,644.6542044130077,6.08473854430361,0.7960593964328692,9,Clean_Die
0.5162079184815505,198.53362170459553,5.08469726982422,0.44638317248285053,4,Via_Open
0.43100715205915974,1974.459740067094,3.117281709710382,0.6823612250794433,1,Oxide_Pinhole
0.0823283092921315,729.2440893633682,6.13825034914217,0.929565839939594,7,Clean_Die
0.23937936523052036,4357.718026854204,2.700156411857707,0.4754861748831288,4,Gate_Oxide_Trap
3.1231458180305878,1558.9625773838175,3.798366562571565,0.6725775972057103,3,Particle_Defect
1.0518761593894361,147.89090798401404,5.6431520223998906,0.5781899756803772,6,Via_Open
4.128701664372996,1328.219155434426,5.002705012029734,0.5694619012771269,10,Particle_Defect
3.791931410554189,1193.401756397565,5.236722223593265,0.5735229607358361,7,Particle_Defect
1.3956443750670826,8217.458731155853,1.4418028169882084,0.46841291182147493,9,Metal_Short
0.13519593540243152,906.6478798464852,6.088091821972162,0.8835791548395937,1,Clean_Die
0.0675482853284427,740.5207175357812,7.012584794493375,0.902640132116376,2,Clean_Die
0.9217179362329756,227.22369768949986,5.735434507013845,0.6668029830865028,8,Via_Open
0.05,855.2873653955039,6.6232731309116,0.9815983501610328,10,Clean_Die
3.463784056095372,768.69589076071,3.829201543519904,0.6486048366097348,4,Particle_Defect
4.391213987560825,1109.0798584650051,4.539965899022796,0.5140790357215903,9,Particle_Defect
0.09079578195244126,856.0027650015955,6.047865693192746,0.956639656626013,4,Clean_Die
0.12016477342646913,718.4452161937229,7.286641870875262,0.9274117265260605,7,Clean_Die
3.554545917894509,1614.597735642593,5.208891995741393,0.6868036866991504,10,Particle_Defect
3.8534794837754434,1205.8261838530668,5.010470352069524,0.7271806253964761,7,Particle_Defect
0.7011355434074423,142.5019574233881,4.727264420320202,0.4921382985857624,2,Via_Open
0.12952295237537798,1775.3286992751064,3.188725327191334,0.6189852509189212,11,Oxide_Pinhole
0.11005813626286629,759.178825698707,6.592798561694262,0.95707751357669,8,Clean_Die
0.06909004017102582,717.504412444313,6.276877287146641,0.9523698202496487,6,Clean_Die
2.5734300629197437,1115.0190731064413,4.993170551114403,0.7117111741747246,8,Particle_Defect
0.05655477377791977,910.7847918887117,6.603177439445792,0.964669966771312,9,Clean_Die
0.1775582617265788,770.2895150868361,6.826522686612335,0.8966844914174847,9,Clean_Die
0.1035235757971967,804.1183229267465,5.970831651967063,0.9001222769146403,5,Clean_Die
0.0738115215016229,992.2455630496311,6.647658556800493,0.9757210793509283,8,Clean_Die
0.3080679885300287,2658.364451425223,2.784609744418182,0.7068390799098342,5,Oxide_Pinhole
1.5664348507881662,9739.077279162377,1.7849787392082876,0.35756465824425365,4,Metal_Short
0.07395282218857006,897.5225034126942,6.863245325215065,0.9081449751288697,7,Clean_Die
0.25180678703386944,5067.4488898898535,2.4967562225506756,0.7501007001666931,2,Gate_Oxide_Trap
0.05,888.1008621532242,6.526878931093897,0.9616801042424625,8,Clean_Die
0.7494018274074219,9124.449741543207,1.9666437222844666,0.5971885859701596,5,Metal_Short
0.1519465813072436,799.2913127940154,6.1460844900696046,0.9144913903212126,7,Clean_Die
0.09406545841897707,747.8970354463547,7.109994040383686,0.9057749519506948,11,Clean_Die
0.1264980857065739,4654.987684089612,2.1516804046354507,0.49591241792785873,5,Gate_Oxide_Trap
3.4382019532661188,1344.2009747695543,4.5168613096720085,0.5468258284264096,4,Particle_Defect
0.16128155733457034,743.2352235132739,6.065633134309458,0.9362627718754817,7,Clean_Die
0.7498937238843482,205.6068653721527,5.563496206023473,0.7551637346257154,5,Via_Open
2.1526960135904654,8814.765658590486,1.8359096675510433,0.4366007298599403,4,Metal_Short
0.615520845124839,83.8591985002441,5.823800408933541,0.5231968100478472,6,Via_Open
0.15770106786318439,851.4674488217314,7.484275928361546,0.871643904500692,7,Clean_Die
0.11426727346447133,811.8902684839985,5.951135058733448,0.9304401009951577,9,Clean_Die
0.18833621723283908,1004.3857881097881,6.7101581943994955,0.9636004498375446,8,Clean_Die
4.195750408944733,1044.1657382821902,5.577623303341875,0.6209517582484766,3,Particle_Defect
0.16290765227351658,815.0311156414982,5.80820185128352,0.9048203473841375,5,Clean_Die
0.05,896.9644299972721,6.9107268941328455,0.9083463849680607,9,Clean_Die
0.07751700925198332,974.2775352599165,7.145991215599839,0.855363790720806,7,Clean_Die
0.3016440924830446,4659.207001375303,1.48108393259923,0.5473757107793401,6,Gate_Oxide_Trap
3.0324646812798495,1121.9104874242166,4.756344036532551,0.6697776518391914,10,Particle_Defect
1.7922779369291444,7499.208786554877,2.0233241674784774,0.44952142513765614,6,Metal_Short
0.28193785347038686,5147.285898335651,2.520875363834381,0.5429712778397513,2,Gate_Oxide_Trap
0.15663550080872707,4279.797712996371,2.1250482378558093,0.5453247657665583,6,Gate_Oxide_Trap
3.6966844576635443,1098.7874338584634,5.097203166707014,0.743791729933359,10,Particle_Defect
1.9411283911773665,1371.166298505981,4.252930377092181,0.6211619376066652,5,Particle_Defect
0.5959483740722709,151.52587933839845,5.194208483915192,0.7551410021487479,3,Via_Open
0.16300768567421464,901.8174741302123,6.230295700865723,0.9133055099843496,11,Clean_Die
1.7111943754693428,9189.315703943943,2.2343300044845877,0.45031810509229075,6,Metal_Short
0.05,829.7227882747078,6.486131607393081,1.0,7,Clean_Die
2.0002022247699407,1182.2174986597634,5.434936173339075,0.6210904694945837,8,Particle_Defect
1.0514349488836678,146.82920881287666,5.455202523919181,0.5474901371544356,2,Via_Open
1.1819420896296182,178.8609450471959,5.732880710851609,0.6943883406370285,9,Via_Open
0.1909105253638804,879.4947801418034,6.52123084113812,0.9064844360325924,7,Clean_Die
0.10584039850040414,800.6131733367699,7.552806563968133,0.9812137211104048,11,Clean_Die
0.3787674635888971,2129.1635341593696,3.150965449369595,0.722284821086707,11,Oxide_Pinhole
0.266313990241961,4565.50300717712,2.0458297936312335,0.6717768942328273,5,Gate_Oxide_Trap
0.11896913597198563,2283.074429610543,2.769666930319668,0.835591133113955,8,Oxide_Pinhole
2.117201057588728,8559.949940380291,1.4718827194314232,0.4239902735920277,7,Metal_Short
0.05552735747434008,764.4544519096254,5.816013404059163,0.9551917440003878,5,Clean_Die
0.15849598137741833,2392.50448270881,2.849653455079,0.7153305633650912,5,Oxide_Pinhole
0.07097497287571189,654.8666956903446,5.94717960259902,0.9030234062516295,4,Clean_Die
0.16549001473228128,2323.023162913295,2.144923549645301,0.8096142912039863,5,Oxide_Pinhole
0.05301925262645621,763.0739499853287,5.992228431709821,1.0,2,Clean_Die
0.26514793438053763,1885.6530641101597,3.19464697373443,0.8021221773477948,8,Oxide_Pinhole
1.5222494129501243,8102.016709328145,2.2312592195343965,0.4726629618246899,3,Metal_Short
3.4128202710098208,1120.1670539236657,4.47163706762692,0.6442496030816807,8,Particle_Defect
0.13647125687316125,4710.883532875189,2.9067690290877573,0.5759248835374327,6,Gate_Oxide_Trap
0.12385919331494782,702.4154624785141,6.522107219635115,0.8916609705139934,11,Clean_Die
0.09626925085838742,696.2361005363276,6.074737413481543,0.9044093595606345,6,Clean_Die
1.5175736377334066,8250.036990454533,1.9296098292422754,0.40753400084579694,9,Metal_Short
0.22704891034104854,4423.507294908692,1.9891849434831768,0.6457650045892052,9,Gate_Oxide_Trap
0.15212718399366834,4280.384368479765,2.2733780417291,0.3734615652507857,3,Gate_Oxide_Trap
0.31801507522533146,1923.827013601458,4.052224305577154,0.639209191267134,2,Oxide_Pinhole
0.11266727229133727,742.0934959158907,6.582773057999504,0.9181096469019978,4,Clean_Die
3.6548556766095848,1153.437885101712,4.225410671483423,0.8185437354246319,1,Particle_Defect
0.15077765719498157,4947.284361207887,2.795041478324653,0.5961840455307053,2,Gate_Oxide_Trap
0.07872581835384233,801.0435839409362,6.930340331766083,0.8972322884004506,8,Clean_Die
2.5201099883375533,1485.376743882511,5.1181814515666115,0.744324650603434,11,Particle_Defect
0.09758259915077931,779.7395308078749,6.603336666392832,0.9209572307905072,4,Clean_Die
0.24998270990128615,2822.2853291893757,3.438594972309646,0.8150017960049247,1,Oxide_Pinhole
1.8588520617857638,1101.9462622425156,4.49262787937969,0.6974953657059033,11,Particle_Defect
0.2463309721873238,4087.6895214959754,2.6945397910546034,0.5826389106191394,2,Gate_Oxide_Trap
3.7596448202247035,1228.7594236717464,6.300131439188933,0.6530667485360683,5,Particle_Defect
0.11375446596695228,745.4628489852769,6.3061991954697465,0.9337888524533466,1,Clean_Die
0.14530664745341976,797.1326171472776,6.476629985035337,0.964931367217423,2,Clean_Die
0.06960962737473914,817.164741833274,6.7160401559874146,0.8926732705304458,8,Clean_Die
0.23942276723933628,1744.4537741639404,3.1563833232028218,0.8806910288993031,4,Oxide_Pinhole
0.05,729.6555691872501,7.176636922201704,0.8831840676599916,3,Clean_Die
0.10083113579559551,860.5413967229476,7.242490377931234,0.9506599563900299,9,Clean_Die
1.6767952738972534,8873.99296887837,1.7960931664297888,0.3742002167188311,8,Metal_Short
0.2475609890376268,4385.151048974142,2.5551351432765177,0.6191839123175248,10,Gate_Oxide_Trap
0.880559073831201,162.3697185606443,6.653291764669122,0.6049419827194357,9,Via_Open
0.1567408103674378,800.2994643334372,6.520587345979097,0.8486746359158288,2,Clean_Die
0.06263539980473075,742.0818941105704,6.384995431726416,0.9358236235395799,11,Clean_Die
0.23075920852514298,3829.799038530471,2.6630380479573375,0.6168369198801608,7,Gate_Oxide_Trap
0.14735920054379886,1905.111857820741,2.9109918604868494,0.6934778147870985,9,Oxide_Pinhole
3.233607031493672,1290.8236536452468,4.709162114824825,0.6494381034492364,5,Particle_Defect
0.48982675576517076,143.29171937266744,5.876586899466431,0.5390279633734496,3,Via_Open
0.12143543896167583,864.3457315327364,6.323845060778991,0.8810022886335882,1,Clean_Die
0.4418914586334941,1932.2562341726314,3.4166926785484057,0.7259063717694091,8,Oxide_Pinhole
0.33411873899906536,1742.835804486766,4.004872556717604,0.7896267821483385,1,Oxide_Pinhole
0.14492598024126885,810.8170842569796,6.475359414147516,0.9397509449822363,5,Clean_Die
3.2306114727095308,1214.0127785328064,3.914956907349466,0.7497435450789889,11,Particle_Defect
0.05,916.6825201265015,6.4200713227545085,0.9311896191263185,2,Clean_Die
1.6814488315327374,8153.094206321063,2.0110630350693635,0.4934003334954328,11,Metal_Short
0.22343390280089342,2366.874046023032,3.103380026806566,0.7593783942428995,6,Oxide_Pinhole
0.3636654040307774,2436.808374938596,3.291474193043107,0.7405235770162991,7,Oxide_Pinhole
1.7741190699487235,7427.151298537613,1.674354736677975,0.30509043887216747,8,Metal_Short
2.157520888532991,9382.139051430227,2.4436404722287652,0.4503203227183016,2,Metal_Short
3.045265863383722,571.3036037076788,6.125313204590189,0.5796103547682127,11,Particle_Defect
0.07301831052028042,568.6240470335184,6.277918548807388,0.9901445672170817,6,Clean_Die
3.6138026565813464,889.6993755412223,4.533412148242246,0.5074142124199158,10,Particle_Defect
0.11386090613598501,765.6888500453515,6.083895962082864,0.8956309388391934,7,Clean_Die
1.6103752516856527,8426.912328510543,1.7105139524466244,0.4954116873262594,9,Metal_Short
0.7981559554056744,137.96235511155865,4.742675241570341,0.5223662170935105,5,Via_Open
0.05,676.9294943160544,6.085906801210089,0.8575454252526511,6,Clean_Die
0.23507049735405858,2234.4461205995412,3.3960979524853085,0.5756790128947986,10,Oxide_Pinhole
0.05,901.7533194529797,6.680616839475289,0.8848116211852918,11,Clean_Die
0.07290780413729081,758.1287343804701,5.725576842206535,0.949954344531145,7,Clean_Die
1.152695477152146,9519.754679674297,1.614432556733639,0.4845322713716988,4,Metal_Short
2.68469191629307,1452.9458492621056,4.111320084073766,0.7515652832407578,6,Particle_Defect
0.11018562991976705,936.1118178250008,5.337458967655872,0.9415225049599805,10,Clean_Die
0.21705814711281823,4177.94498520895,2.710685503617075,0.6440281340298293,8,Gate_Oxide_Trap
3.320650158876074,1347.1676688019436,5.471652100867613,0.6157801570738466,11,Particle_Defect
1.1553456244923457,7803.522060962952,1.8050824294657488,0.5961715161971416,5,Metal_Short
1.7917792113803126,1303.487890845019,6.183086868377763,0.499299673439217,9,Particle_Defect
2.8851660051409422,1180.91358136594,6.573406680230866,0.680872142904293,10,Particle_Defect
1.7577525287824822,8769.949749256335,1.9063610056177795,0.49433681206295094,4,Metal_Short
0.7592539463706807,165.47418700285317,5.787416338760355,0.53976275795684,7,Via_Open
3.398404461383955,1078.185888633596,4.913657620114766,0.5873885633321209,7,Particle_Defect
0.1746709717268222,2465.154251103899,3.169912461262928,0.6046831491561899,9,Oxide_Pinhole
0.13177948670898043,837.1123611042256,6.360988177312059,0.9768555369955766,3,Clean_Die
0.3048343031909419,2542.3672728601773,2.994442928260815,0.6934300038716704,9,Oxide_Pinhole
0.11889638827855756,5610.696028363417,2.280740744427114,0.6899122519362084,2,Gate_Oxide_Trap
2.1606414739153252,9182.997448274342,1.620878835653053,0.47511331799444423,1,Metal_Short
0.14518534837448602,881.5429872068938,7.764252902735285,0.9725885548747762,5,Clean_Die
1.8672525330373446,9888.296687891509,1.6719860903745432,0.4841656436795801,5,Metal_Short
0.2015925490172131,4584.539673435483,2.547869493761071,0.6196331990125894,7,Gate_Oxide_Trap
0.14821449141888,4713.508564954421,2.636268795477234,0.5441958915911405,9,Gate_Oxide_Trap
0.45974717861882813,231.86250759244564,5.252006109411616,0.6486734112460198,7,Via_Open
0.2614603700051906,1855.3996797584919,3.2553512476224378,0.5615708532451953,4,Oxide_Pinhole
0.7073351771791818,254.19863313929554,6.321703701682547,0.5306437970986375,5,Via_Open
0.17930790612140393,4549.311659088243,2.2376998866881186,0.3988784794398872,8,Gate_Oxide_Trap
0.2713923556765786,2163.6074214230757,2.6770331310227,0.6182584729767411,8,Oxide_Pinhole
0.17025659588744152,4327.450960338368,3.3403251322938328,0.523449869014731,7,Gate_Oxide_Trap
0.05,681.3679867449517,6.275228569256343,0.8209626299625044,5,Clean_Die
0.31579028800981795,4697.976732172464,1.9347385857431378,0.6098335045516329,2,Gate_Oxide_Trap
0.2216289532753541,1916.8160562080773,2.867659847424078,0.6787475053904847,5,Oxide_Pinhole
2.4986898652893017,1260.4993361209206,4.594622911596923,0.6362831875265363,3,Particle_Defect
1.9255315989692028,1354.1072896562578,5.710400495423212,0.6873054089133613,11,Particle_Defect
2.0888387137357194,1100.2658915777579,5.75517274398878,0.7211349898548804,7,Particle_Defect
1.295228122270622,9267.577451384132,1.9927354762098608,0.42468437603864895,4,Metal_Short
1.3271889920972204,9170.017170663983,1.614614947602792,0.4560302692046455,8,Metal_Short
0.6961039790807562,163.73371837235453,5.340877491838495,0.5648325051887305,9,Via_Open
0.1047260277325353,778.0693793089303,6.8302435754431,0.9348734618344549,6,Clean_Die
3.7528774600799863,1352.4058160865156,3.817498845005615,0.8581648487544682,5,Particle_Defect
0.11075540036188955,5329.268009901484,2.2772188596281793,0.5062451463548991,9,Gate_Oxide_Trap
0.2680138291125262,2191.6052840794155,3.3795694965893084,0.6850000906178804,3,Oxide_Pinhole
0.5753200911810227,253.53767496734872,4.878494297911212,0.7325481564794263,5,Via_Open
1.4786876979082342,8648.418856374234,1.5587122009544756,0.568294419485308,7,Metal_Short
0.15705450318203446,4265.436785096014,2.6245521496149404,0.5346504426363703,1,Gate_Oxide_Trap
0.6629591029581455,117.860581975309,5.90130704966888,0.5945808829539322,3,Via_Open
0.29249090730481175,4719.258811560554,2.3627479720433344,0.6857950284709204,1,Gate_Oxide_Trap
1.4794801572934408,8310.258444917643,1.8935579174727084,0.29611523956142527,8,Metal_Short
0.22760472318228953,2086.524922876546,2.452950067795636,0.8612095664093145,5,Oxide_Pinhole
0.12546894250466634,4794.57597619773,1.680462930340711,0.5711919970109238,9,Gate_Oxide_Trap
0.09698725030939352,1015.572203283335,6.5016038868990265,0.8710407121743708,5,Clean_Die
0.07768831421974615,687.636692824854,6.216620289012027,0.8921848380073774,11,Clean_Die
3.4081821387359867,1192.209622646347,5.243618197340348,0.8027691424343989,10,Particle_Defect
0.1344442191373206,953.310431681996,6.180634828484694,0.9859187952308299,8,Clean_Die
0.9131086331472642,7819.368333243738,1.8592949384801274,0.49307427569209417,1,Metal_Short
0.08736555306594632,837.9316761445789,6.209082963157202,0.9503556052713623,9,Clean_Die
0.10383463202774748,817.1762052416038,7.103907982455912,0.9067810428331106,1,Clean_Die
0.16838001014110954,4441.103051589385,2.687556786862598,0.6195323997100181,4,Gate_Oxide_Trap
0.05,883.353342442419,6.1942186602273,0.9441084720961811,8,Clean_Die
0.3729890777726613,4924.048447984139,2.1937115021969884,0.7357700346031935,4,Gate_Oxide_Trap
0.4922093122386358,2640.563426849884,2.813843268564493,0.8205011001652047,8,Oxide_Pinhole
0.9348167897844302,138.18200514169635,5.270223758137047,0.5775781637207564,8,Via_Open
0.2939339290861823,2159.7922599971384,2.7308221099328787,0.9215147880439681,10,Oxide_Pinhole
0.17055734803216693,5020.337409291614,2.200365570416983,0.5753380800108986,7,Gate_Oxide_Trap
2.4647915993158227,1296.5945893083306,4.724311811344214,0.6248870246393209,5,Particle_Defect
3.2407206801948867,1233.7425600491083,5.4747451326985335,0.5550811355790187,4,Particle_Defect
0.12392505396438935,920.8466466884145,6.3639674122718075,0.9100134592185981,9,Clean_Die
0.07546826643090673,757.6684857786161,6.374532557749381,0.9254522424630144,11,Clean_Die
0.1297045209769565,884.6362158650234,7.799729471828176,0.8493928067166824,9,Clean_Die
0.260142091353869,2466.9602897938225,3.179178914763512,0.8576488193614202,4,Oxide_Pinhole
0.07252593733513713,817.6454584171811,7.107082167811365,0.9373741722492444,11,Clean_Die
1.6126616627527826,1036.70437049858,5.146435546223387,0.65395240755932,4,Particle_Defect
2.6859992222298072,1493.2836852521755,4.934967190646843,0.515651092446111,6,Particle_Defect
0.14957600381624903,647.0015663430313,7.704237416233817,0.9689808320189446,11,Clean_Die
0.11951442440109332,869.4215969276304,6.906982417320986,0.8827978167878461,6,Clean_Die
0.1275477984924146,592.8306156281877,6.554916057934045,1.0,4,Clean_Die
0.34935735507454746,1972.4544481397902,3.2799340110725494,0.69963419073988,3,Oxide_Pinhole
